ID;Round;Direction;Authors;Year;Title;Journal;Source Type;Keywords;Relevance;Included;Notes;DOI;
1;Seed;No direction;Attah, Garba, Gil-Ozoudeh & Iwuanyanwu;2024;Digital transformation in the energy sector: Comprehensive review of sustainability impacts and economic benefits;Int. j. adv. economics;SSCI/SCI;Digital Transformation, Energy Sector, Sustainability, Economic Benefits;High;Yes;Seed paper;10.51594/ijae.v6i12.1751;
2;Seed;No direction;Attah, Matthew, Garba, Gil-Ozoudeh & Iwuanyanwu;2024;Strategic frameworks for digital transformation across logistics and energy sectors: Bridging technology with business strategy;Open Access Res. J. Sci. Technol.;SSCI/SCI;Digital Transformation, Logistics, Energy, Business Strategy;High;Yes;Seed paper;10.53022/oarjst.2024.12.2.0142;
3;Seed;No direction;Dietrich, Turgut, Palm & Louw;2021;Smart Contract-Based Blockchain Solution to Reduce Supply Chain Risks;HICL – Hamburg International Conference of Logistics;Not indexed;Blockchain, Smart Contracts, Supply Chain, Risk;High;Yes;Seed paper;N/A;
4;Seed;No direction;Du & Qu;2024;Is Digital Transformation a Burden or a Help? From the Perspective of Enterprise Sustainable Development;Sustainability;SSCI/SCI;Digital Transformation, Sustainability, Enterprise Development;High;Yes;Seed paper;10.3390/su16030980;
5;Seed;No direction;Menichini, Salierno & Strollo;2024;Digital Transformation in the Agri-food Sector: A Comparative Analysis of Industry 4.0 Innovations by Italian Sustainability Leaders;ECMLG;Scopus;Digital Transformation, Agri-food, Industry 4.0, Sustainability;High;Yes;Seed paper;10.34190/ecmlg.20.1.3058;
6;Seed;No direction;Spigarelli, Compagnucci & Lepore;2024;Blockchain unlocking collaborative opportunities for environmental sustainability through innovation intermediaries;J Technol Transf;SSCI/SCI;Blockchain, Environmental Sustainability, Innovation Intermediaries, Collaboration;High;Yes;Seed paper;10.1007/s10961-024-10106-5;
7;Seed;No direction;Vrabie;2023;E-Government 3.0: An AI Model to Use for Enhanced Local Democracies;Sustainability;SSCI/SCI;E-Government, AI, Local Democracy, Machine Learning, NLP;High;Yes;Seed paper;10.3390/su15129572;
9;Round 1;Backward;Agupugo;2023;Design of A Renewable Energy-Based Microgrid That Comprises Only PV and Battery Storage to Sustain Critical Loads in Nigeria Air Force Base Kaduna;ResearchGate;Unknown;Renewable Energy, Microgrid, PV, Battery Storage;Pending;No;"Fails: focuses on renewable energy microgrid engineering, not digital transformation or decentralization as governance; sustainability is ecological/technical";N/A;
10;Round 1;Backward;Agupugo, Ajayi, Nwanevu & Oladipo;2022;Advancements in Technology for Renewable Energy Microgrids;Open Access Res. J. Sci. Technol.;Unknown;Renewable Energy, Microgrids, Technology;Pending;No;"Fails: focuses on renewable energy microgrid engineering, not digital transformation or decentralization as governance; sustainability is ecological/technical";N/A;
11;Round 1;Backward;Agupugo & Tochukwu;2021;A model to assess the economic viability of renewable energy microgrids: A case study of Imufu Nigeria;Open Access Res. J. Sci. Technol.;Unknown;Economic Viability, Renewable Energy, Microgrids;Pending;No;"Fails: focuses on renewable energy microgrid engineering, not digital transformation or decentralization as governance; sustainability is ecological/technical";N/A;
12;Round 1;Backward;Agupugo, Ajayi, Nwanevu & Oladipo;2022;Policy and regulatory framework supporting renewable energy microgrids and energy storage systems;Open Access Res. J. Sci. Technol.;Unknown;Policy, Regulatory Framework, Renewable Energy, Energy Storage;Pending;No;"Fails: focuses on renewable energy microgrid engineering, not digital transformation or decentralization as governance; sustainability is ecological/technical";N/A;
13;Round 1;Backward;Agupugo, Kehinde & Manuel;2024;Optimization of microgrid operations using renewable energy sources;Engineering Science & Technology Journal;Unknown;Microgrid, Optimization, Renewable Energy;Pending;No;"Fails: focuses on renewable energy microgrid engineering, not digital transformation or decentralization as governance; sustainability is ecological/technical";10.51594/estj.v5i7;
14;Round 1;Backward;Akerele, Uzoka, Ojukwu & Olamijuwon;2024;Minimizing downtime in E-Commerce platforms through containerization and orchestration;International Journal of Multidisciplinary Research Updates;Unknown;E-Commerce, Containerization, Orchestration, Downtime;Pending;No;"Fails: IT infrastructure optimization; lacks decentralization and sustainability-as-stability dimensions";10.53430/ijmru.2024.8.2.0056;
15;Round 1;Backward;Akerele, Uzoka, Ojukwu & Olamijuwon;2024;Optimizing traffic management for public services during high-demand periods using cloud load balancers;Computer Science & IT Research Journal;Unknown;Traffic Management, Cloud, Load Balancers;Pending;No;"Fails: IT infrastructure optimization; lacks decentralization and sustainability-as-stability dimensions";10.51594/csitrj.v5i11.1710;
16;Round 1;Backward;Akerele, Uzoka, Ojukwu & Olamijuwon;2024;Data management solutions for real-time analytics in retail cloud environments;Engineering Science & Technology Journal;Unknown;Data Management, Real-Time Analytics, Cloud, Retail;Pending;No;"Fails: IT infrastructure optimization; lacks decentralization and sustainability-as-stability dimensions";10.51594/estj.v5i11.1706;
17;Round 1;Backward;Akerele, Uzoka, Ojukwu & Olamijuwon;2024;Improving healthcare application scalability through microservices architecture in the cloud;International Journal of Scientific Research Updates;Unknown;Healthcare, Microservices, Cloud, Scalability;Pending;No;"Fails: IT infrastructure optimization; lacks decentralization and sustainability-as-stability dimensions";10.53430/ijsru.2024.8.2.0064;
18;Round 1;Backward;Akerele, Uzoka, Ojukwu & Olamijuwon;2024;Increasing software deployment speed in agile environments through automated configuration management;International Journal of Engineering Research Updates;Unknown;Software Deployment, Agile, Configuration Management;Pending;No;"Fails: IT infrastructure optimization; lacks decentralization and sustainability-as-stability dimensions";10.53430/ijeru.2024.7.2.0047;
19;Round 1;Backward;Audu & Umana;2024;Advances in environmental compliance monitoring in the oil and gas industry: Challenges and opportunities;International Journal of Scientific Research Updates;Unknown;Environmental Compliance, Oil and Gas, Monitoring;Pending;No;Fails: sustainability framed purely in ecological/environmental compliance terms;10.53430/ijsru.2024.8.2.0062;
20;Round 1;Backward;Audu & Umana;2024;The role of environmental compliance in oil and gas production: A critical assessment of pollution control strategies in the Nigerian petrochemical industry;International Journal of Scientific Research Updates;Unknown;Environmental Compliance, Oil and Gas, Nigeria, Pollution Control;Pending;No;Fails: sustainability framed purely in ecological/environmental compliance terms;10.53430/ijsru.2024.8.2.0061;
21;Round 1;Backward;Audu, Umana & Garba;2024;The role of digital tools in enhancing environmental monitoring and business efficiency;International Journal of Multidisciplinary Research Updates;Unknown;Digital Tools, Environmental Monitoring, Business Efficiency;Pending;No;Fails: sustainability framed as environmental monitoring, not institutional stability;10.53430/ijmru.2024.8.2.0052;
22;Round 1;Backward;Barrie, Agupugo, Iguare & Folarin;2024;Leveraging machine learning to optimize renewable energy integration in developing economies;Global Journal of Engineering and Technology Advances;Unknown;Machine Learning, Renewable Energy, Developing Economies;Pending;No;"Fails: renewable energy + machine learning; sustainability is ecological/technical, no C1 or C3 as stability";N/A;
23;Round 1;Backward;Bassey & Ibegbulam;2023;Machine learning for green hydrogen production;Computer Science & IT Research Journal;Unknown;Machine Learning, Green Hydrogen, Energy;Pending;No;"Fails: renewable energy + machine learning; sustainability is ecological/technical, no C1 or C3 as stability";N/A;
24;Round 1;Backward;Bassey;2022;Optimizing wind farm performance using machine learning;Engineering Science & Technology Journal;Unknown;Wind Farm, Machine Learning, Energy Optimization;Pending;No;"Fails: renewable energy + machine learning; sustainability is ecological/technical, no C1 or C3 as stability";N/A;
25;Round 1;Backward;Bassey;2023;Hybrid renewable energy systems modeling;Engineering Science & Technology Journal;Unknown;Hybrid Renewable Energy, Modeling, Systems;Pending;No;"Fails: renewable energy + machine learning; sustainability is ecological/technical, no C1 or C3 as stability";N/A;
26;Round 1;Backward;Bassey;2023;Hydrokinetic energy devices: studying devices that generate power from flowing water without dams;Engineering Science & Technology Journal;Unknown;Hydrokinetic Energy, Renewable Energy, Dams;Pending;No;"Fails: renewable energy + machine learning; sustainability is ecological/technical, no C1 or C3 as stability";N/A;
27;Round 1;Backward;Bassey;2023;Solar energy forecasting with deep learning technique;Engineering Science & Technology Journal;Unknown;Solar Energy, Deep Learning, Forecasting;Pending;No;"Fails: renewable energy + machine learning; sustainability is ecological/technical, no C1 or C3 as stability";N/A;
28;Round 1;Backward;Bassey;2024;From waste to wonder: Developing engineered nanomaterials for multifaceted applications;GSC Advanced Research and Reviews;Unknown;Nanomaterials, Waste, Engineering, Sustainability;Pending;No;Fails: nanomaterials engineering, no core concepts addressed;N/A;
29;Round 1;Backward;Bassey, Aigbovbiosa & Agupugo;2024;Risk management strategies in renewable energy investment;International Journal of Novel Research in Engineering and Science;Unknown;Risk Management, Renewable Energy, Investment;Pending;No;"Fails: renewable energy investment risk; no digital transformation or decentralization";N/A;
30;Round 1;Backward;Bassey, Juliet & Stephen;2024;AI-Enhanced lifecycle assessment of renewable energy systems;Engineering Science & Technology Journal;Unknown;AI, Lifecycle Assessment, Renewable Energy;Pending;No;"Fails: lifecycle assessment of renewable energy systems; sustainability is ecological";N/A;
31;Round 1;Backward;Bassey, Opoku-Boateng, Antwi & Ntiakoh;2024;Economic impact of digital twins on renewable energy investments;Engineering Science & Technology Journal;Unknown;Digital Twins, Renewable Energy, Economic Impact;Pending;No;"Fails: digital twin for renewable energy; sustainability is ecological/technical not stable development";N/A;
32;Round 1;Backward;Bassey, Opoku-Boateng, Antwi, Ntiakoh & Juliet;2024;Digital twin technology for renewable energy microgrids;Engineering Science & Technology Journal;Unknown;Digital Twins, Renewable Energy, Microgrids;Pending;No;"Fails: digital twin technology for renewable microgrids; sustainability ecological";N/A;
33;Round 1;Backward;Bassey, Rajput, Oladepo & Oyewale;2024;Optimizing behavioral and economic strategies for the ubiquitous integration of wireless energy transmission in smart cities;Open Access Res. J. Multidisciplinary;Unknown;Wireless Energy, Smart Cities, Economic Strategy, Behavioral;Pending;No;"Fails: wireless energy in smart cities; insufficient coverage of decentralization and sustainability-as-stability";N/A;
34;Round 1;Backward;Bello, Folorunso, Ejiofor, Budale, Adebayo & Babatunde;2023;Machine learning approaches for enhancing fraud prevention in financial transactions;International Journal of Management Technology;Unknown;Machine Learning, Fraud Prevention, Financial Transactions;Pending;No;"Fails: machine learning fraud detection; no decentralization or sustainability-as-stability concepts";N/A;
35;Round 1;Backward;Bello, Folorunso, Ogundipe, Kazeem, Budale, Zainab & Ejiofor;2022;Enhancing cyber financial fraud detection using deep learning techniques: a study on neural networks and anomaly detection;International Journal of Network and Communication Research;Unknown;Deep Learning, Fraud Detection, Neural Networks, Anomaly Detection;Pending;No;"Fails: machine learning fraud detection; no decentralization or sustainability-as-stability concepts";N/A;
36;Round 1;Backward;Bello, Folorunso, Onwuchekwa & Ejiofor;2023;A Comprehensive Framework for Strengthening USA Financial Cybersecurity: Integrating Machine Learning and AI in Fraud Detection Systems;European Journal of Computer Science and Information Technology;Unknown;Cybersecurity, Machine Learning, AI, Fraud Detection;Pending;No;"Fails: machine learning fraud detection; no decentralization or sustainability-as-stability concepts";N/A;
37;Round 1;Backward;Bello, Folorunso, Onwuchekwa, Ejiofor, Budale & Egwuonwu;2023;Analysing the Impact of Advanced Analytics on Fraud Detection: A Machine Learning Perspective;European Journal of Computer Science and Information Technology;Unknown;Advanced Analytics, Fraud Detection, Machine Learning;Pending;No;"Fails: machine learning fraud detection; no decentralization or sustainability-as-stability concepts";N/A;
38;Round 1;Backward;Bello, Ogundipe, Mohammed, Adebola & Alonge;2023;AI-Driven Approaches for Real-Time Fraud Detection in US Financial Transactions: Challenges and Opportunities;European Journal of Computer Science and Information Technology;Unknown;AI, Fraud Detection, Real-Time, Financial Transactions;Pending;No;"Fails: machine learning fraud detection; no decentralization or sustainability-as-stability concepts";N/A;
39;Round 1;Backward;Crawford, Duong, Fueston, Lawani, Owoade, Uzoka, Parizi & Yazdinejad;2023;AI in software engineering: a survey on project management applications;arXiv;Unknown;AI, Software Engineering, Project Management;Pending;No;"Fails: AI in software project management; no decentralization or sustainability-as-stability";arXiv:2307.15224;
40;Round 1;Backward;Ebeh, Okwandu, Abdulwaheed & Iwuanyanwu;2024;Exploration of eco-friendly building materials: Advances and applications;International Journal of Engineering Research and Development;Unknown;Eco-Friendly Materials, Building, Sustainability;Pending;No;Fails: construction/building sustainability framed in ecological terms;N/A;
41;Round 1;Backward;Ebeh, Okwandu, Abdulwaheed & Iwuanyanwu;2024;Sustainable project management practices: Tools techniques and case studies;International Journal of Engineering Research and Development;Unknown;Sustainable Project Management, Tools, Case Studies;Pending;No;Fails: construction/building sustainability framed in ecological terms;N/A;
42;Round 1;Backward;Ebeh, Okwandu, Abdulwaheed & Iwuanyanwu;2024;Recycling programs in construction: Success stories and lessons learned;International Journal of Engineering Research and Development;Unknown;Recycling, Construction, Sustainability;Pending;No;Fails: construction/building sustainability framed in ecological terms;N/A;
43;Round 1;Backward;Ebeh, Okwandu, Abdulwaheed & Iwuanyanwu;2024;Life cycle assessment (LCA) in construction: Methods applications and outcomes;International Journal of Engineering Research and Development;Unknown;LCA, Construction, Life Cycle, Sustainability;Pending;No;Fails: construction/building sustainability framed in ecological terms;N/A;
44;Round 1;Backward;Esan;2023;Addressing Brain Drain in the Health Sector towards Sustainable National Development in Nigeria: Way Forward;Open Access Res. J. Sci. Technol.;Unknown;Brain Drain, Health Sector, Nigeria, Sustainable Development;Pending;No;"Fails: health workforce migration; no digital transformation, decentralization, or sustainability-as-stability";N/A;
45;Round 1;Backward;Esan, Nwulu & Adepoju;2024;A Bibliometric Analysis Assessing the Water-Energy-Food Nexus in South Africa;Heliyon;Unknown;Water-Energy-Food Nexus, Bibliometric, South Africa;Pending;No;Fails: WEF nexus is ecological/resource sustainability, not relevant framing;N/A;
46;Round 1;Backward;Esan, Nwulu, David & Adepoju;2024;An evaluation of 2013 privatization on benin electricity distribution technical and workforce performance;International Journal of Energy Sector Management;Unknown;Privatization, Electricity Distribution, Nigeria, Workforce;Pending;No;"Fails: electricity privatization; sustainability as institutional stability is marginal, no digital transformation or DLT";N/A;
47;Round 1;Backward;Folorunso;2024;Assessment of internet safety cybersecurity awareness and risks in technology environment among college students;Open Access Res. J. Sci. Technol.;Unknown;Internet Safety, Cybersecurity, College Students;Pending;No;"Fails: cybersecurity focus; no decentralization (DLT/blockchain) or sustainability-as-stable-development";N/A;
48;Round 1;Backward;Folorunso;2024;Cybersecurity and its global applicability to decision making: a comprehensive approach in the university System;SSRN;Unknown;Cybersecurity, Decision Making, University;Pending;No;"Fails: cybersecurity focus; no decentralization (DLT/blockchain) or sustainability-as-stable-development";N/A;
49;Round 1;Backward;Folorunso, Adewumi, Adewa, Okonkwo & Olawumi;2024;Impact of AI on cybersecurity and security compliance;Global Journal of Engineering and Technology Advances;Unknown;AI, Cybersecurity, Security Compliance;Pending;No;"Fails: cybersecurity focus; no decentralization (DLT/blockchain) or sustainability-as-stable-development";N/A;
50;Round 1;Backward;Folorunso, Olanipekun, Adewumi & Samuel;2024;A policy framework on AI usage in developing countries and its impact;Global Journal of Engineering and Technology Advances;Unknown;AI Policy, Developing Countries, Framework;Pending;No;"Fails: cybersecurity focus; no decentralization (DLT/blockchain) or sustainability-as-stable-development";N/A;
51;Round 1;Backward;Folorunso, Wada, Samuel & Mohammed;2024;Security compliance and its implication for cybersecurity;Open Access Res. J. Sci. Technol.;Unknown;Security Compliance, Cybersecurity;Pending;No;"Fails: cybersecurity focus; no decentralization (DLT/blockchain) or sustainability-as-stable-development";N/A;
52;Round 1;Backward;Garba, Umar, Umana, Olu & Ologun;2024;Energy efficiency in public buildings: Evaluating strategies for tropical and temperate climates;World Journal of Advanced Research and Reviews;Unknown;Energy Efficiency, Public Buildings, Tropical, Temperate;Pending;No;"Fails: energy efficiency/green building; sustainability is ecological";10.30574/wjarr.2024.23.3.2702;
53;Round 1;Backward;Iwuanyanwu, Gil-Ozoudeh, Okwandu & Ike;2024;The role of green building materials in sustainable architecture: Innovations challenges and future trends;International Journal of Applied Research in Social Sciences;Unknown;Green Building, Sustainable Architecture, Innovations;Pending;No;"Fails: energy efficiency/green building; sustainability is ecological";N/A;
54;Round 1;Backward;Manuel, Kehinde, Agupugo & Manuel;2024;The impact of AI on boosting renewable energy utilization and visual power plant efficiency in contemporary construction;World Journal of Advanced Research and Reviews;Unknown;AI, Renewable Energy, Power Plant, Construction;Pending;No;"Fails: AI for renewable energy; sustainability is ecological/technical";N/A;
55;Round 1;Backward;Ojukwu, Cadet, Osundare, Fakeyede, Ige & Uzoka;2024;The crucial role of education in fostering sustainability awareness and promoting cybersecurity measures;International Journal of Frontline Research in Science and Technology;Unknown;Education, Sustainability, Cybersecurity;Pending;No;"Fails: education and cybersecurity awareness; no clear C1 or C2/C3 combination relevant to RQ";10.56355/ijfrst.2024.4.1.0050;
56;Round 1;Backward;Ojukwu, Cadet, Osundare, Fakeyede, Ige & Uzoka;2024;Exploring theoretical constructs of blockchain technology in banking: Applications in African and U.S. financial institutions;International Journal of Frontline Research in Science and Technology;Unknown;Blockchain, Banking, Financial Institutions, Africa;Medium;Yes;"Passes: blockchain (C1) + banking digital transformation in Africa (C2); institutional stability of financial systems implied (C3)";10.56355/ijfrst.2024.4.1.005;
57;Round 1;Backward;Oyindamola & Esan;2023;Systematic review of human resource management demand in the fourth industrial revolution era: implication of upskilling reskilling and deskilling;Lead City Journal of the Social Sciences;Unknown;HRM, Fourth Industrial Revolution, Upskilling, Reskilling;Pending;No;"Fails: human resource management in Industry 4.0; no decentralization or sustainability-as-stability";N/A;
58;Round 1;Backward;Umana, Garba & Audu;2024;Innovations in process optimization for environmental sustainability in emerging markets;International Journal of Multidisciplinary Research Updates;Unknown;Process Optimization, Environmental Sustainability, Emerging Markets;Pending;No;Fails: sustainability framed as environmental compliance/ecological, not stable development;10.53430/ijmru.2024.8.2.0053;
59;Round 1;Backward;Umana, Garba & Audu;2024;Sustainable business development in resource-intensive industries: Balancing profitability and environmental compliance;International Journal of Multidisciplinary Research Updates;Unknown;Sustainable Business, Resource-Intensive, Environmental Compliance;Pending;No;Fails: sustainability framed as environmental compliance/ecological, not stable development;10.53430/ijmru.2024.8.2.0054;
60;Round 1;Backward;Umana, Garba, Ologun, Olu & Umar;2024;The impact of indigenous architectural practices on modern urban housing in Sub-Saharan Africa;World Journal of Advanced Research and Reviews;Unknown;Indigenous Architecture, Urban Housing, Sub-Saharan Africa;Pending;No;"Fails: urban architecture/housing; no digital transformation, decentralization, or sustainability-as-stability";10.30574/wjarr.2024.23.3.2703;
61;Round 1;Backward;Umana, Garba, Ologun, Olu & Umar;2024;Architectural design for climate resilience: Adapting buildings to Nigeria's diverse climatic zones;World Journal of Advanced Research and Reviews;Unknown;Climate Resilience, Architecture, Nigeria;Pending;No;"Fails: urban architecture/housing; no digital transformation, decentralization, or sustainability-as-stability";10.30574/wjarr.2024.23.3.2701;
62;Round 1;Backward;Umana, Garba, Ologun, Olu & Umar;2024;Innovative design solutions for social housing: Addressing the needs of youth in Urban Nigeria;World Journal of Advanced Research and Reviews;Unknown;Social Housing, Youth, Urban Nigeria, Design;Pending;No;"Fails: urban architecture/housing; no digital transformation, decentralization, or sustainability-as-stability";10.30574/wjarr.2024.23.3.2700;
63;Round 1;Backward;Umana, Garba, Ologun, Olu & Umar;2024;The role of government policies in promoting social housing: A comparative study between Nigeria and other developing nations;World Journal of Advanced Research and Reviews;Unknown;Government Policy, Social Housing, Nigeria, Developing Nations;Pending;No;"Fails: urban architecture/housing; no digital transformation, decentralization, or sustainability-as-stability";10.30574/wjarr.2024.23.3.2699;
64;Round 1;Backward;Uzoka, Cadet & Ojukwu;2024;Applying artificial intelligence in Cybersecurity to enhance threat detection response and risk management;Computer Science & IT Research Journal;Unknown;AI, Cybersecurity, Threat Detection, Risk Management;Pending;No;"Fails: AI/IoT applications; no decentralization (DLT) or sustainability-as-stable-development";10.51594/csitrj.v5i10.1677;
65;Round 1;Backward;Uzoka, Cadet & Ojukwu;2024;Leveraging AI-Powered chatbots to enhance customer service efficiency and future opportunities in automated support;Computer Science & IT Research Journal;Unknown;AI, Chatbots, Customer Service, Automation;Pending;No;"Fails: AI/IoT applications; no decentralization (DLT) or sustainability-as-stable-development";10.51594/csitrj.v5i10.1676;
66;Round 1;Backward;Uzoka, Cadet & Ojukwu;2024;The role of telecommunications in enabling Internet of Things (IoT) connectivity and applications;Comprehensive Research and Reviews in Science and Technology;Unknown;Telecommunications, IoT, Connectivity;Pending;No;"Fails: AI/IoT applications; no decentralization (DLT) or sustainability-as-stable-development";10.57219/crrst.2024.2.2.0037;
68;Round 1;Backward;Dobie, Hubmann et al.;2020;Allianz Risk Barometer - Results Appendix 2020;Allianz Global Corporate & Specialty;Not indexed;Supply Chain Risk, Business Risk, Risk Barometer;Pending;No;Fails: industry risk report (grey literature), not peer-reviewed journal;N/A;
69;Round 1;Backward;Dobie, Milla et al.;2019;Allianz Risk Barometer;Allianz Global Corporate & Specialty;Not indexed;Supply Chain Risk, Business Risk, Risk Barometer;Pending;No;Fails: industry risk report (grey literature), not peer-reviewed journal;N/A;
70;Round 1;Backward;Palm & Kales;2016;Efficiency-oriented risk prioritisation method for supply chains in series production;International Conference on Competitive Manufacturing;Not indexed;Supply Chain Risk, Risk Prioritisation, Series Production;Pending;No;"Fails: operations management / supply chain risk; no decentralization or sustainability-as-stability";N/A;
71;Round 1;Backward;Kersten, Schröder & Indorf;2017;Potenziale der Digitalisierung für das Supply Chain Risikomanagement: Eine empirische Analyse;Betriebswirtschaftliche Aspekte von Industrie 4.0 (Springer);Not indexed;Digitalization, Supply Chain Risk Management, Industry 4.0;Pending;No;"Fails: digitalization of supply chain risk; no decentralization/DLT and sustainability-as-stability absent";N/A;
72;Round 1;Backward;Ivanov et al.;2018;The impact of digital technology and Industry 4.0 on the ripple effect and supply chain risk analytics;International Journal of Production Research;SSCI/SCI;Digital Technology, Industry 4.0, Supply Chain Risk, Ripple Effect;Pending;No;"Fails: supply chain risk + Industry 4.0; no decentralization/DLT and no sustainability-as-stability";N/A;
73;Round 1;Backward;Bosch & Penthin;2018;Blockchain als Treiber im modernen Supply Chain Management 4.0;BearingPoint;Not indexed;Blockchain, Supply Chain Management, Industry 4.0;Medium;Yes;"Passes: blockchain (C1) + supply chain digital transformation (C2); operational stability implies C3 dimension";N/A;
74;Round 1;Backward;Iansiti & Lakhani;2017;The Truth About Blockchain;Harvard Business Review;Unknown;Blockchain, Business Strategy, Decentralization;High;Yes;"Passes: blockchain/decentralization (C1) + business strategy digital transformation (C2); addresses institutional governance stability";N/A;
75;Round 1;Backward;Buterin;2013;Ethereum White Paper: A Next Generation Smart Contract & Decentralized Application Platform;GitHub / Ethereum Foundation;Not indexed;Ethereum, Smart Contracts, Blockchain, Decentralized Applications;Pending;No;"Fails: technical white paper (grey literature); not a peer-reviewed journal article";N/A;
76;Round 1;Backward;Christopher & Peck;2004;Building the Resilient Supply Chain;The International Journal of Logistics Management;Unknown;Supply Chain Resilience, Risk Management, Logistics;Pending;No;Fails: supply chain resilience without digital transformation or decentralization focus;N/A;
77;Round 1;Backward;Kales;2015;Development of an efficiency-oriented risk prioritisation method for supply chains in series production;Reutlingen University;Not indexed;Supply Chain Risk, Risk Prioritisation, Series Production;Pending;No;Fails: supply chain risk prioritisation without digital transformation or decentralization;N/A;
78;Round 1;Backward;Wasim Layaq et al.;2019;Blockchain Technology as a Risk Mitigation Tool in Supply Chain;International Journal of Transportation Engineering and Technology;Unknown;Blockchain, Supply Chain Risk, Risk Mitigation, Smart Contracts;Medium;Yes;"Passes: blockchain/smart contracts (C1) + supply chain digital transformation (C2); risk mitigation supports C3 stability";N/A;
79;Round 1;Backward;Barratt & Oke;2007;Antecedents of supply chain visibility in retail supply chains;Journal of Operations Management;SSCI/SCI;Supply Chain Visibility, Retail, Information Sharing;Pending;No;"Fails: supply chain transparency; no blockchain/decentralization and sustainability is ethical/ecological not stability-as-development";N/A;
80;Round 1;Backward;Doorey;2011;The Transparent Supply Chain: from Resistance to Implementation at Nike and Levi-Strauss;Journal of Business Ethics;SSCI/SCI;Supply Chain Transparency, Sustainability, Corporate Ethics;Pending;No;"Fails: supply chain transparency; no blockchain/decentralization and sustainability is ethical/ecological not stability-as-development";N/A;
81;Round 1;Backward;Min;2019;Blockchain technology for enhancing supply chain resilience;Business Horizons;SSCI/SCI;Blockchain, Supply Chain Resilience, Risk Management;High;Yes;"Passes: blockchain (C1) + supply chain resilience (C3 stability); digital transformation of supply systems (C2) also present";N/A;
82;Round 1;Backward;New;2010;The Transparent Supply Chain;Harvard Business Review (online);Unknown;Supply Chain Transparency, Sustainability;Pending;No;Fails: supply chain transparency with ecological/CSR sustainability framing;N/A;
83;Round 1;Backward;Chen et al.;2018;Impact of Supply Chain Transparency on Sustainability under NGO Scrutiny;Production and Operations Management;SSCI/SCI;Supply Chain Transparency, Sustainability, NGO, Governance;Pending;No;Fails: supply chain transparency with ecological/CSR sustainability framing;N/A;
84;Round 1;Backward;Lemke & Petersen;2018;Managing Reputational Risks in Supply Chains;Supply Chain Risk Management (Springer);Not indexed;Reputational Risk, Supply Chain Risk, Risk Management;Pending;No;"Fails: reputational risk management; no decentralization or digital transformation or sustainability-as-stability";N/A;
85;Round 1;Backward;Collier et al.;2019;Supply Chains;Cyber Resilience of Systems and Networks (Springer);Not indexed;Supply Chain, Cyber Resilience, Counterfeit Electronics;Pending;No;"Fails: counterfeit electronics/traceability; no digital transformation governance or sustainability-as-stability framing";N/A;
86;Round 1;Backward;Pecht;2013;The Counterfeit Electronics Problem;JSS;Unknown;Counterfeit Electronics, Supply Chain Risk, Quality;Pending;No;"Fails: counterfeit electronics/traceability; no digital transformation governance or sustainability-as-stability framing";N/A;
87;Round 1;Backward;DiMase, Collier et al.;2016;Traceability and Risk Analysis Strategies for Addressing Counterfeit Electronics in Supply Chains for Complex Systems;Society for Risk Analysis;Unknown;Counterfeit Electronics, Traceability, Supply Chain Risk;Pending;No;"Fails: counterfeit electronics/traceability; no digital transformation governance or sustainability-as-stability framing";N/A;
88;Round 1;Backward;Linich;2014;The path to supply chain transparency;Deloitte University Press;Not indexed;Supply Chain Transparency, Sustainability;Pending;No;"Fails: supply chain transparency without decentralization; sustainability ecological";N/A;
89;Round 1;Backward;Brandon-Jones, Squire et al.;2014;A contingent resource-based perspective of supply chain resilience and robustness;Journal of Supply Chain Management;SSCI/SCI;Supply Chain Resilience, Robustness, Resource-Based View;Pending;No;"Fails: supply chain resilience theory; no digital transformation or decentralization";N/A;
90;Round 1;Backward;Hackius & Petersen;2017;Blockchain in logistics and supply chain: trick or treat?;Hamburg International Conference of Logistics (HICL);Not indexed;Blockchain, Logistics, Supply Chain, Decentralization;High;Yes;"Passes: blockchain/decentralization (C1) + logistics digital transformation (C2); operational stability (C3) addressed";N/A;
91;Round 1;Backward;Abeyratne & Monfared;2016;Blockchain ready manufacturing supply chain using distributed ledger;International Journal of Research in Engineering and Technology;Unknown;Blockchain, Manufacturing, Supply Chain, Distributed Ledger;Medium;Yes;Passes: blockchain/distributed ledger (C1) + manufacturing digital transformation (C2);N/A;
92;Round 1;Backward;Westerkamp et al.;2019;Tracing manufacturing processes using blockchain-based token compositions;Digital Communications and Networks;Unknown;Blockchain, Tokens, Manufacturing, Traceability, Supply Chain;Medium;Yes;Passes: blockchain tokens (C1) + manufacturing process digital transformation (C2);N/A;
93;Round 1;Backward;Entriken, Shirley et al.;2018;EIP 721: ERC-721 Non-Fungible Token Standard;Ethereum Improvement Proposals (EIP);Not indexed;ERC-721, NFT, Non-Fungible Token, Blockchain, Ethereum;Pending;No;"Fails: technical standard/whitepaper (grey literature); not peer-reviewed journal";N/A;
94;Round 1;Backward;Bechini et al.;2008;Patterns and technologies for enabling supply chain traceability through collaborative e-business;Information and Software Technology;SSCI/SCI;Supply Chain Traceability, E-Business, Collaboration, Patterns;Pending;No;"Fails: e-business supply chain traceability; no blockchain/DLT or sustainability-as-stability";N/A;
95;Round 1;Backward;Grossman;2015;The Blockchain as verified public timestamps;Bitcoin Forum / Haber & Stornetta;Not indexed;Blockchain, Timestamps, Immutability;Pending;No;"Fails: narrow technical paper on blockchain timestamps; insufficient coverage of digital transformation or sustainability-as-stability";N/A;
96;Round 1;Backward;Frantz & Nowostawski;2016;From Institutions to Code: Towards Automated Generation of Smart Contracts;International Workshops on Foundations and Applications of Self-Systems;Not indexed;Smart Contracts, Automated Generation, Institutions, Blockchain;High;Yes;"Passes: smart contracts (C1) + institutional digital transformation (C2); governance stability dimension (C3) implied";N/A;
97;Round 1;Backward;Yuan, Xia et al.;2018;ShadowEth: Private Smart Contract on Public Blockchain;Journal of Computer Science and Technology;SSCI/SCI;Smart Contracts, Privacy, Blockchain, Encryption;Pending;No;"Fails: smart contract privacy mechanism; no digital transformation or sustainability-as-stability focus";N/A;
98;Round 1;Backward;Lee;2002;Aligning Supply Chain Strategies with Product Uncertainties;California Management Review;SSCI/SCI;Supply Chain Strategy, Product Uncertainty, Agile, Responsive;Pending;No;"Fails: supply chain strategy under uncertainty; no decentralization or sustainability-as-stability";N/A;
99;Round 1;Backward;Johnston & Sidaway;2015;Geography and Geographers: Anglo-American Human Geography since 1945;Routledge;Not indexed;Geography, Human Geography, Academic Discipline;Pending;No;"Fails: human geography textbook; no core concepts addressed";N/A;
100;Round 1;Backward;Adams & Harte;2000;Making discrimination visible: The potential for social accounting;Accounting Forum;Unknown;Social Accounting, Discrimination, Sustainability Reporting;Pending;No;"Fails: sustainability reporting/accounting in ecological or CSR framing; no decentralization or digital transformation";N/A;
101;Round 1;Backward;Azzone, Brophy, Noci, Welford & Young;1997;A stakeholders' view of environmental reporting;Long Range Planning;SSCI/SCI;Environmental Reporting, Stakeholders, Sustainability;Pending;No;"Fails: sustainability reporting/accounting in ecological or CSR framing; no decentralization or digital transformation";N/A;
102;Round 1;Backward;Mitchell, Agle & Wood;1997;Toward a theory of stakeholder identification and salience: Defining the principle of who and what really counts;Academy of Management Review;SSCI/SCI;Stakeholder Theory, Salience, Corporate Governance;Pending;No;"Fails: sustainability reporting/accounting in ecological or CSR framing; no decentralization or digital transformation";N/A;
103;Round 1;Backward;Gray, Owen & Adams;1996;Accounting & Accountability: Changes and Challenges in Corporate Social and Environmental Reporting;Prentice Hall;Not indexed;Social Reporting, Environmental Reporting, Accountability;Pending;No;"Fails: sustainability reporting/accounting in ecological or CSR framing; no decentralization or digital transformation";N/A;
104;Round 1;Backward;Gray;2010;Is accounting for sustainability actually accounting for sustainability... and how would we know? An exploration of narratives of organisations and the planet;Accounting Organizations and Society;SSCI/SCI;Sustainability Accounting, Narratives, Organisations;Pending;No;"Fails: sustainability reporting/accounting in ecological or CSR framing; no decentralization or digital transformation";N/A;
105;Round 1;Backward;Gray;1992;Accounting and environmentalism: An exploration of the challenge of gently accounting for accountability transparency and sustainability;Accounting Organizations and Society;SSCI/SCI;Environmental Accounting, Sustainability, Accountability;Pending;No;"Fails: sustainability reporting/accounting in ecological or CSR framing; no decentralization or digital transformation";N/A;
106;Round 1;Backward;Lehman;1995;A legitimate concern for environmental accounting;Critical Perspectives on Accounting;SSCI/SCI;Environmental Accounting, Legitimacy, Sustainability;Pending;No;"Fails: sustainability reporting/accounting in ecological or CSR framing; no decentralization or digital transformation";N/A;
107;Round 1;Backward;Margolis & Elfenbein;2008;Do Well by Doing Good? Don't Count on It;Harvard Business School Publishing Corporation;Unknown;Corporate Social Responsibility, Business Performance, ESG;Pending;No;"Fails: sustainability reporting/accounting in ecological or CSR framing; no decentralization or digital transformation";N/A;
108;Round 1;Backward;Blacconiere & Patten;1994;Environmental disclosures, regulatory costs, and changes in firm value;Journal of Accounting and Economics;SSCI/SCI;Environmental Disclosure, Firm Value, Regulatory Costs;Pending;No;"Fails: sustainability reporting/accounting in ecological or CSR framing; no decentralization or digital transformation";N/A;
109;Round 1;Backward;Patten;1992;Intra-industry environmental disclosures in response to the Alaskan oil spill: A note on legitimacy theory;Accounting Organizations and Society;SSCI/SCI;Environmental Disclosure, Legitimacy Theory, Oil Spill;Pending;No;"Fails: sustainability reporting/accounting in ecological or CSR framing; no decentralization or digital transformation";N/A;
110;Round 1;Backward;Neu, Warsame & Pedwell;1998;Managing public impressions: Environmental disclosures in annual reports;Accounting Organizations and Society;SSCI/SCI;Environmental Disclosure, Impression Management, Annual Reports;Pending;No;"Fails: sustainability reporting/accounting in ecological or CSR framing; no decentralization or digital transformation";N/A;
111;Round 1;Backward;Yermack;2017;Corporate governance and blockchains;Review of Finance;SSCI/SCI;Blockchain, Corporate Governance, Decentralization;High;Yes;Passes: blockchain/decentralization (C1) + corporate governance stability (C3) + digital transformation of governance (C2);N/A;
112;Round 1;Backward;Broccardo, Truant & Dana;2023;The interlink between digitalization, sustainability, and performance: An Italian context;Journal of Business Research;SSCI/SCI;Digitalization, Sustainability, Business Performance, SMEs;High;Yes;"Passes: digitalization (C2) + sustainability as business performance/stability (C3); verify non-ecological framing in full text";N/A;
113;Round 1;Backward;Lu & Williams;2021;Modeling analytics in COVID-19: Prediction, prevention, control, and evaluation;Journal of Management Analytics;Unknown;Analytics, COVID-19, Prediction, Management;Pending;No;"Fails: COVID-19 analytics/prediction; no decentralization or digital transformation for stable development";N/A;
114;Round 1;Backward;Lu & Ning;2020;A vision of 6G–5G's successor;Journal of Management Analytics;Unknown;6G, 5G, Technology, Digital Transformation;Pending;No;"Fails: telecom technology review; no decentralization and sustainability-as-stability absent";N/A;
115;Round 1;Backward;Reber, Gold & Gold;2021;ESG Disclosure and Idiosyncratic Risk in Initial Public Offerings;Journal of Business Ethics;SSCI/SCI;ESG Disclosure, IPO, Idiosyncratic Risk;Pending;No;"Fails: ESG/IPO financial risk; no digital transformation or decentralization; sustainability is reporting-focused";N/A;
116;Round 1;Backward;Alsayegh, Abdul Rahman & Homayoun;2020;Corporate economic, environmental, and social sustainability performance transformation through ESG disclosure;Sustainability;SSCI/SCI;ESG Disclosure, Corporate Sustainability, Performance;Pending;No;"Fails: ESG disclosure and performance; sustainability framed as reporting/CSR not stable long-term development governance";10.3390/su12093910;
117;Round 1;Backward;Grybauskas, Stefanini & Ghobakhloo;2022;Social sustainability in the age of digitalization: A systematic literature review on the social implications of industry 4.0;Technology in Society;SSCI/SCI;Social Sustainability, Digitalization, Industry 4.0, Systematic Review;High;Yes;"Passes: digitalization/Industry 4.0 (C2) + social sustainability as long-term stable development (C3); systematic review";N/A;
118;Round 1;Backward;Brenner & Hartl;2021;The perceived relationship between digitalization and ecological, economic, and social sustainability;Journal of Cleaner Production;SSCI/SCI;Digitalization, Sustainability, Ecological, Economic, Social;High;Yes;"Passes: digitalization (C2) + multi-dimensional sustainability including economic/social stability (C3); verify non-ecological framing in full text";N/A;
119;Round 1;Backward;Seele & Lock;2017;The game-changing potential of digitalization for sustainability: Possibilities, perils, and pathways;Sustainability Science;SSCI/SCI;Digitalization, Sustainability, Digital Transformation;High;Yes;"Passes: digital transformation (C2) + sustainability as stable development (C3); addresses potentials and risks";N/A;
120;Round 1;Backward;Isensee, Teuteberg, Griese & Topi;2020;The relationship between organizational culture, sustainability, and digitalization in SMEs: A systematic review;Journal of Cleaner Production;SSCI/SCI;Organizational Culture, Sustainability, Digitalization, SMEs;Medium;Yes;"Passes: digitalization (C2) + organizational sustainability stability (C3); SME context";N/A;
121;Round 1;Backward;World Commission on Environment and Development;1987;Our Common Future;Oxford University Press;Not indexed;Sustainable Development, Brundtland Report, Environment;Pending;No;"Fails: UN Brundtland Report (grey literature); not a peer-reviewed journal article";N/A;
122;Round 1;Backward;Thomson;2010;Mapping the terrain of sustainability accounting;Sustainability Accounting and Accountability (Routledge);Not indexed;Sustainability Accounting, Framework;Pending;No;"Fails: sustainability accounting/GRI reporting; sustainability framed in ecological/CSR not stable development terms";N/A;
123;Round 1;Backward;Laine, Tregidga & Unerman;2021;Sustainability Accounting and Accountability;Routledge;Not indexed;Sustainability Accounting, Accountability, Reporting;Pending;No;"Fails: sustainability accounting/GRI reporting; sustainability framed in ecological/CSR not stable development terms";N/A;
124;Round 1;Backward;Isaksson & Steimle;2009;What does GRI-reporting tell us about corporate sustainability?;TQM Journal;Unknown;GRI, Corporate Sustainability, Reporting, TQM;Pending;No;"Fails: sustainability accounting/GRI reporting; sustainability framed in ecological/CSR not stable development terms";N/A;
125;Round 1;Backward;Meier & Rauch;1995;Leading Issues in Economic Development;Oxford University Press;Not indexed;Economic Development, Development Economics;Pending;No;"Fails: economic development textbooks; no digital transformation or decentralization";N/A;
126;Round 1;Backward;Barbier;2005;Natural Resources and Economic Development;Cambridge University Press;Not indexed;Natural Resources, Economic Development, Sustainability;Pending;No;"Fails: economic development textbooks; no digital transformation or decentralization";N/A;
127;Round 1;Backward;Barbier;1987;The Concept of Sustainable Economic Development;Environmental Conservation;Unknown;Sustainable Development, Economic Development, Environment;Pending;No;"Fails: conceptual paper on sustainable economic development; no digital transformation or decentralization";N/A;
128;Round 1;Backward;Dempsey, Bramley, Power & Brown;2011;The social dimension of sustainable development: Defining urban social sustainability;Sustainable Development;SSCI/SCI;Social Sustainability, Urban, Sustainable Development;Pending;No;"Fails: social sustainability theory; no digital transformation or decentralization";N/A;
129;Round 1;Backward;Murphy;2012;The social pillar of sustainable development: A literature review and framework for policy analysis;Sustainability Science Practice and Policy;Unknown;Social Sustainability, Policy, Literature Review;Pending;No;"Fails: social sustainability theory; no digital transformation or decentralization";N/A;
130;Round 1;Backward;Vezzoli & Manzini;2008;Design for Environmental Sustainability;Springer;Not indexed;Environmental Sustainability, Design, Sustainability;Pending;No;"Fails: design for environmental sustainability; ecological framing";N/A;
131;Round 1;Backward;Freeman;2010;Strategic Management: A Stakeholder Approach;Cambridge University Press;Not indexed;Stakeholder Theory, Strategic Management, Corporate Governance;Pending;No;"Fails: stakeholder theory/CSR; no decentralization or digital transformation; sustainability is CSR framing";N/A;
132;Round 1;Backward;Friedman;2007;The social responsibility of business is to increase its profits;Corporate Ethics and Corporate Governance (Springer);Not indexed;Corporate Social Responsibility, Business Ethics, Shareholder Primacy;Pending;No;"Fails: stakeholder theory/CSR; no decentralization or digital transformation; sustainability is CSR framing";N/A;
133;Round 1;Backward;Clarkson;1994;A risk based model of stakeholder theory;Second Toronto Conference on Stakeholder Theory;Not indexed;Stakeholder Theory, Risk, Corporate Governance;Pending;No;"Fails: stakeholder theory/CSR; no decentralization or digital transformation; sustainability is CSR framing";N/A;
134;Round 1;Backward;Suchman;1995;Managing legitimacy: Strategic and institutional approaches;Academy of Management Review;SSCI/SCI;Legitimacy Theory, Institutional Theory, Strategic Management;Pending;No;"Fails: stakeholder theory/CSR; no decentralization or digital transformation; sustainability is CSR framing";N/A;
135;Round 1;Backward;Freeman & McVea;2005;A stakeholder approach to strategic management;The Blackwell Handbook of Strategic Management;Not indexed;Stakeholder Theory, Strategic Management;Pending;No;"Fails: stakeholder theory/CSR; no decentralization or digital transformation; sustainability is CSR framing";N/A;
136;Round 1;Backward;Freeman, Harrison & Wicks;2007;Managing for Stakeholders: Survival, Reputation, and Success;Yale University Press;Not indexed;Stakeholder Management, Corporate Governance, Reputation;Pending;No;"Fails: stakeholder theory/CSR; no decentralization or digital transformation; sustainability is CSR framing";N/A;
137;Round 1;Backward;Argandoña;1998;The stakeholder theory and the common good;Journal of Business Ethics;SSCI/SCI;Stakeholder Theory, Common Good, Business Ethics;Pending;No;"Fails: stakeholder theory/CSR; no decentralization or digital transformation; sustainability is CSR framing";N/A;
138;Round 1;Backward;Freeman;2010;Managing for stakeholders: Trade-offs or value creation;Journal of Business Ethics;SSCI/SCI;Stakeholder Management, Value Creation, Business Ethics;Pending;No;"Fails: stakeholder theory/CSR; no decentralization or digital transformation; sustainability is CSR framing";N/A;
139;Round 1;Backward;Steurer, Langer, Konrad & Martinuzzi;2005;Corporations, stakeholders and sustainable development: A theoretical exploration of business–society relations;Journal of Business Ethics;SSCI/SCI;Stakeholder Theory, Sustainable Development, CSR;Pending;No;"Fails: stakeholder theory/CSR; no decentralization or digital transformation; sustainability is CSR framing";N/A;
140;Round 1;Backward;Penrose;1995;The Theory of the Growth of the Firm;Long Range Planning;Unknown;Resource-Based View, Firm Growth, Strategy;Pending;No;"Fails: strategic management theory; no core RQ concepts addressed";N/A;
141;Round 1;Backward;Priem & Butler;2001;Is The Resource-Based View a Useful Perspective for Strategic Management Research?;Academy of Management Review;SSCI/SCI;Resource-Based View, Strategic Management, Theory;Pending;No;"Fails: strategic management theory; no core RQ concepts addressed";N/A;
142;Round 1;Backward;Demsetz;1973;Industry structure, market rivalry, and public policy;Journal of Law and Economics;SSCI/SCI;Industrial Organization, Market Structure, Public Policy;Pending;No;"Fails: strategic management theory; no core RQ concepts addressed";N/A;
143;Round 1;Backward;Schaltegger & Burritt;2018;Business cases and corporate engagement with sustainability: Differentiating ethical motivations;Journal of Business Ethics;SSCI/SCI;Corporate Sustainability, Business Case, Ethics;Pending;No;"Fails: corporate sustainability/stakeholder theory; sustainability in CSR/ecological framing";N/A;
144;Round 1;Backward;Gray;2006;Social, environmental and sustainability reporting and organisational value creation? Whose value? Whose creation?;Accounting Auditing and Accountability Journal;SSCI/SCI;Sustainability Reporting, Value Creation, Accounting;Pending;No;"Fails: corporate sustainability/stakeholder theory; sustainability in CSR/ecological framing";N/A;
145;Round 1;Backward;Adams;2017;Conceptualising the contemporary corporate value creation process;Accounting Auditing and Accountability Journal;SSCI/SCI;Corporate Value Creation, Integrated Reporting, Sustainability;Pending;No;"Fails: corporate sustainability/stakeholder theory; sustainability in CSR/ecological framing";N/A;
146;Round 1;Backward;Donaldson & Preston;1995;The stakeholder theory of the corporation: Concepts, evidence, and implications;Academy of Management Review;SSCI/SCI;Stakeholder Theory, Corporate Governance, Evidence;Pending;No;"Fails: corporate sustainability/stakeholder theory; sustainability in CSR/ecological framing";N/A;
147;Round 1;Backward;Di Vaio, Palladino, Hassan & Escobar;2020;Artificial intelligence and business models in the sustainable development goals perspective: A systematic literature review;Journal of Business Research;SSCI/SCI;AI, Business Models, SDGs, Sustainable Development;Pending;No;"Fails: AI + SDGs business models; sustainability is SDG/ecological framing not stable governance development";N/A;
148;Round 1;Backward;Barbeito-Caamaño & Chalmeta;2020;Using big data to evaluate corporate social responsibility and sustainable development practices;Corporate Social Responsibility and Environmental Management;SSCI/SCI;Big Data, CSR, Sustainable Development, ESG;Pending;No;"Fails: big data + CSR/ESG; sustainability is CSR reporting not stable development governance";N/A;
149;Round 1;Backward;Driscoll & Starik;2004;The primordial stakeholder: Advancing the conceptual consideration of stakeholder status for the natural environment;Journal of Business Ethics;SSCI/SCI;Stakeholder Theory, Natural Environment, Ethics;Pending;No;"Fails: corporate sustainability/stakeholder theory; sustainability in CSR/ecological framing";N/A;
150;Round 1;Backward;Dechow;1994;Accounting earnings and cash flows as measures of firm performance;Journal of Accounting and Economics;SSCI/SCI;Accounting, Earnings, Cash Flows, Firm Performance;Pending;No;"Fails: financial accounting metrics; no core RQ concepts";N/A;
151;Round 1;Backward;Peng & Jia;2023;Influence of top management team faultlines on corporate digitalization;Journal of Enterprise Information Management;SSCI/SCI;Top Management Team, Digitalization, Corporate Strategy;Pending;No;"Fails: corporate digitalization strategy; no decentralization or sustainability-as-stability";N/A;
152;Round 1;Backward;Lu;2021;The current status and developing trends of Industry 4.0: A Review;Information Systems Frontiers;SSCI/SCI;Industry 4.0, Digital Transformation, Review;Pending;No;"Fails: Industry 4.0 review; no decentralization/DLT and sustainability-as-stability absent";N/A;
153;Round 1;Backward;Lu;2022;Implementing blockchain in information systems: A review;Enterprise Information Systems;SSCI/SCI;Blockchain, Information Systems, Implementation, Review;High;Yes;"Passes: blockchain (C1) + information systems digital transformation (C2); addresses organizational implementation and stability implications";N/A;
154;Round 1;Backward;Lu, Zheng, Li & Xu;2020;Pricing the cloud: A QoS-based auction approach;Enterprise Information Systems;SSCI/SCI;Cloud Computing, QoS, Pricing, Auction;Pending;No;"Fails: cloud/quantum computing technical review; no decentralization/DLT or sustainability-as-stability";N/A;
155;Round 1;Backward;Lu, Sigov, Ratkin, Ivanov & Zuo;2023;Quantum Computing and Industrial Information Integration: A Review;Journal of Industrial Information Integration;SSCI/SCI;Quantum Computing, Industrial Information, Review;Pending;No;"Fails: cloud/quantum computing technical review; no decentralization/DLT or sustainability-as-stability";N/A;
156;Round 1;Backward;Ye & Lu;2022;Quantum science: A review and current research trends;Journal of Management Analytics;Unknown;Quantum Science, Research Trends, Review;Pending;No;"Fails: cloud/quantum computing technical review; no decentralization/DLT or sustainability-as-stability";N/A;
157;Round 1;Backward;Abbate, Centobelli & Cerchione;2023;The digital and sustainable transition of the agri-food sector;Technological Forecasting and Social Change;SSCI/SCI;Agri-food, Digital Transformation, Sustainability, Industry 4.0;Pending;No;"Fails: agri-food digital transformation; sustainability framed as ecological/environmental SDGs";N/A;
158;Round 1;Backward;Akbari & Hopkins;2022;Digital technologies as enablers of supply chain sustainability in an emerging economy;Operations Management Research;SSCI/SCI;Digital Technologies, Supply Chain, Sustainability, Emerging Economy;Pending;No;"Fails: digital supply chain sustainability; sustainability framed ecologically/environmentally";N/A;
159;Round 1;Backward;Alam, Tushar, Zaman, Gonzalez, Bari & Karmaker;2023;Analysis of the drivers of Agriculture 4.0 implementation in the emerging economies: Implications towards sustainability and food security;Green Technologies and Sustainability;Unknown;Agriculture 4.0, Emerging Economies, Food Security, Sustainability;Pending;No;"Fails: agriculture/entrepreneurship sustainability; ecological or behavioral framing";N/A;
160;Round 1;Backward;Arru;2020;An integrative model for understanding the sustainable entrepreneurs' behavioural intentions: an empirical study of the Italian context;Environment Development and Sustainability;SSCI/SCI;Sustainable Entrepreneurship, Behavioural Intentions, Italy;Pending;No;"Fails: agriculture/entrepreneurship sustainability; ecological or behavioral framing";N/A;
161;Round 1;Backward;Bai, Dallasega, Orzes & Sarkis;2020;Industry 4.0 technologies assessment: A sustainability perspective;International Journal of Production Economics;SSCI/SCI;Industry 4.0, Sustainability, Technology Assessment;Pending;No;"Fails: Industry 4.0 sustainability; sustainability in ecological/environmental terms";N/A;
162;Round 1;Backward;Bell, Bryman & Harley;2022;Business research methods;Oxford University Press;Not indexed;Business Research, Methodology, Content Analysis;Pending;No;"Fails: research methodology textbook; no core RQ concepts";N/A;
163;Round 1;Backward;Borsellino, Schimmenti & El Bilali;2020;Agri-food markets towards sustainable patterns;Sustainability;SSCI/SCI;Agri-food, Sustainable Markets, Food Systems;Pending;No;"Fails: agri-food/circular economy; sustainability is ecological framing";10.3390/su12062193;
164;Round 1;Backward;Brogi & Menichini;2024;The pathway towards circular economy: Measuring circular advantage of eco-innovations;Business Strategy and the Environment;SSCI/SCI;Circular Economy, Eco-innovation, Sustainability;Pending;No;"Fails: agri-food/circular economy; sustainability is ecological framing";N/A;
165;Round 1;Backward;Calabrese, Costa, Levialdi, Menichini & Villazon Montalvan;2020;Does more mean better? Exploring the relationship between report completeness and environmental sustainability;Sustainability;SSCI/SCI;Sustainability Reporting, Environmental Sustainability, Completeness;Pending;No;"Fails: agri-food/circular economy; sustainability is ecological framing";10.3390/su122410635;
166;Round 1;Backward;Chandan, John & Potdar;2023;Achieving UN SDGs in food supply chain using blockchain technology;Sustainability;SSCI/SCI;Blockchain, SDGs, Food Supply Chain, Sustainability;Pending;No;"Fails: blockchain for food supply SDGs; sustainability framed as ecological/UN SDGs not stable governance development";10.3390/su15032109;
167;Round 1;Backward;Coluccia, Valente, Fusco, De Leo & Porrini;2020;Assessing agricultural eco-efficiency in Italian Regions;Ecological Indicators;SSCI/SCI;Eco-efficiency, Agriculture, Italy, Sustainability;Pending;No;Fails: ecological/SDG sustainability framing;N/A;
168;Round 1;Backward;Cordova & Celone;2019;SDGs and innovation in the business context literature review;Sustainability;SSCI/SCI;SDGs, Innovation, Business, Literature Review;Pending;No;Fails: ecological/SDG sustainability framing;10.3390/su11247043;
169;Round 1;Backward;Costa, Menichini & Salierno;2022;Do SDGs really matter for business? Using GRI sustainability reporting to answer the question;European Journal of Sustainable Development;Unknown;SDGs, GRI, Sustainability Reporting, Business;Pending;No;"Fails: GRI sustainability reporting; sustainability is reporting/ecological not stable development governance";N/A;
170;Round 1;Backward;Cricelli, Mauriello, Strazzullo & Camilleri;2024;Assessing the impact of Industry 4.0 technologies on the social sustainability of agrifood companies;Business Strategy and the Environment;SSCI/SCI;Industry 4.0, Social Sustainability, Agri-food, Italy;Low;Yes;"Passes marginally: Industry 4.0/digital (C2) + social sustainability in agri-food (C3); sustainability may be ecological-leaning; verify in full text";N/A;
171;Round 1;Backward;Curtó-Pagès, Ortega-Rivera, Castellón-Durán & Jané-Llopis;2021;Coming in from the cold: A longitudinal analysis of SDG reporting practices by Spanish listed companies since the approval of the 2030 agenda;Sustainability;SSCI/SCI;SDG Reporting, Spanish Companies, 2030 Agenda, Longitudinal;Pending;No;"Fails: SDG/circular economy reporting; sustainability is ecological/environmental";10.3390/su13031178;
172;Round 1;Backward;Da Silveira, Lermen & Amaral;2021;An overview of agriculture 4.0 development: Systematic review of descriptions technologies barriers advantages and disadvantages;Computers and Electronics in Agriculture;SSCI/SCI;Agriculture 4.0, Systematic Review, Digital Technologies, Barriers;Pending;No;"Fails: SDG/circular economy reporting; sustainability is ecological/environmental";N/A;
173;Round 1;Backward;Dantas, de-Souza, Destro, Hammes, Rodriguez & Soares;2021;How the combination of Circular Economy and Industry 4.0 can contribute towards achieving the Sustainable Development Goals;Sustainable Production and Consumption;SSCI/SCI;Circular Economy, Industry 4.0, SDGs, Sustainability;Pending;No;"Fails: SDG/circular economy reporting; sustainability is ecological/environmental";N/A;
174;Round 1;Backward;Ebinger & Omondi;2020;Leveraging digital approaches for transparency in sustainable supply chains: A conceptual paper;Sustainability;SSCI/SCI;Digital Transparency, Supply Chain, Sustainability;Pending;No;"Fails: digital supply chain transparency; sustainability is CSR/ecological not stable governance";10.3390/su12156129;
175;Round 1;Backward;Ejsmont, Gladysz & Kluczek;2020;Impact of industry 4.0 on sustainability—bibliometric literature review;Sustainability;SSCI/SCI;Industry 4.0, Sustainability, Bibliometric, Literature Review;Pending;No;"Fails: Industry 4.0 sustainability bibliometric; sustainability is ecological/environmental";10.3390/su12145650;
176;Round 1;Backward;Fiandrino, Scarpa & Torelli;2022;Fostering social impact through corporate implementation of the SDGs: Transformative mechanisms towards interconnectedness and inclusiveness;Journal of Business Ethics;SSCI/SCI;SDGs, Social Impact, Corporate, Sustainability;Pending;No;"Fails: SDGs corporate implementation; sustainability is ecological/social SDG framing";N/A;
177;Round 1;Backward;Food and Agriculture Organization of the United Nations;2017;The future of food and agriculture: Trends and challenges;FAO;Not indexed;Food Security, Agriculture, FAO, Sustainability;Pending;No;"Fails: agriculture/food sector; sustainability is ecological/food security framing";N/A;
178;Round 1;Backward;Food Drink Europe;2023;Data & trends of the European food and drink industry 2020;Food Drink Europe;Not indexed;Food Industry, European Economy, Agri-food, Data;Pending;No;"Fails: agriculture/food sector; sustainability is ecological/food security framing";N/A;
179;Round 1;Backward;Fragomeli, Annunziata & Punzo;2024;Promoting the Transition towards Agriculture 4.0: A Systematic Literature Review on Drivers and Barriers;Sustainability;SSCI/SCI;Agriculture 4.0, Drivers, Barriers, Systematic Review;Pending;No;"Fails: agriculture/food sector; sustainability is ecological/food security framing";10.3390/su16062425;
180;Round 1;Backward;Frankelius, Norrman & Johansen;2019;Agricultural innovation and the role of institutions: lessons from the game of drones;Journal of Agricultural and Environmental Ethics;SSCI/SCI;Agricultural Innovation, Drones, Institutions, Agriculture 4.0;Pending;No;"Fails: agriculture/food sector; sustainability is ecological/food security framing";N/A;
181;Round 1;Backward;Global Reporting Initiative;2016;GRI 101: Foundation 2016;Global Reporting Initiative;Not indexed;GRI, Sustainability Reporting, Standards, ESG;Pending;No;"Fails: GRI reporting standards; grey literature and ecological/CSR sustainability framing";N/A;
182;Round 1;Backward;Halkos & Nomikos;2021;Corporate social responsibility: Trends in global reporting initiative standards;Economic Analysis and Policy;SSCI/SCI;CSR, GRI, Sustainability Reporting, Standards;Pending;No;"Fails: GRI reporting standards; grey literature and ecological/CSR sustainability framing";N/A;
183;Round 1;Backward;Hassoun, Prieto, Carpena, Bouzembrak et al.;2022;Exploring the role of green and Industry 4.0 technologies in achieving sustainable development goals in food sectors;Food Research International;SSCI/SCI;Industry 4.0, SDGs, Food Sector, Green Technologies;Pending;No;Fails: agri-food/SDG/ecological sustainability framing;N/A;
184;Round 1;Backward;Jindřichovská, Kubíčková & Mocanu;2020;Case study analysis of sustainability reporting of an agri-food giant;Sustainability;SSCI/SCI;Sustainability Reporting, Agri-food, Case Study;Pending;No;Fails: agri-food/SDG/ecological sustainability framing;10.3390/su12114491;
185;Round 1;Backward;Kazancoglu, Lafci, Kumar, Luthra, Garza-Reyes & Berberoglu;2024;The role of agri-food 4.0 in climate-smart farming for controlling climate change-related risks: A business perspective analysis;Business Strategy and the Environment;SSCI/SCI;Agri-food 4.0, Climate-Smart Farming, Climate Change Risk;Pending;No;Fails: agri-food/SDG/ecological sustainability framing;N/A;
186;Round 1;Backward;Klerkx & Rose;2020;Dealing with the game-changing technologies of Agriculture 4.0: How do we manage diversity and responsibility in food system transition pathways?;Global Food Security;SSCI/SCI;Agriculture 4.0, Food Systems, Transition, Responsibility;Pending;No;Fails: agri-food/SDG/ecological sustainability framing;N/A;
187;Round 1;Backward;Klerkx, Jakku & Labarthe;2019;A review of social science on digital agriculture smart farming and agriculture 4.0: New contributions and a future research agenda;NJAS-Wageningen Journal of Life Sciences;SSCI/SCI;Digital Agriculture, Smart Farming, Agriculture 4.0, Social Science;Pending;No;Fails: agri-food/SDG/ecological sustainability framing;N/A;
188;Round 1;Backward;Krippendorff;2018;Content analysis: An introduction to its methodology;Sage Publications;Not indexed;Content Analysis, Methodology, Research Methods;Pending;No;"Fails: research methodology textbook; no core RQ concepts";N/A;
189;Round 1;Backward;MacPherson, Voglhuber-Slavinsky, Olbrisch, Schöbel, Dönitz, Mouratiadou & Helming;2022;Future agricultural systems and the role of digitalization for achieving sustainability goals: A review;Agronomy for Sustainable Development;SSCI/SCI;Agriculture, Digitalization, SDGs, Sustainability, Review;Pending;No;"Fails: agricultural digitalization for SDGs/circular economy; sustainability is ecological";N/A;
190;Round 1;Backward;Masi, Ciccullo & Pero;2021;Digitalizing agri-food supply chains to achieve Sustainable Development Goals: a systematic literature review;IEEE International Conference on Engineering Technology and Innovation (ICE/ITMC);Not indexed;Agri-food, Digital, Supply Chain, SDGs, Systematic Review;Pending;No;"Fails: agricultural digitalization for SDGs/circular economy; sustainability is ecological";N/A;
191;Round 1;Backward;Mayring;2004;Qualitative Content Analysis;A Companion to Qualitative Research;Not indexed;Content Analysis, Qualitative Research, Methodology;Pending;No;"Fails: research methodology; no core RQ concepts";N/A;
192;Round 1;Backward;Mayring;2015;Qualitative content analysis: Theoretical background and procedures;Approaches to Qualitative Research in Mathematics Education (Springer);Not indexed;Content Analysis, Qualitative, Methodology;Pending;No;"Fails: research methodology; no core RQ concepts";N/A;
193;Round 1;Backward;Menichini & Strollo;2023;The combination of circular economy practices and industry 4.0 technologies for achieving Sustainable Development Goals (SDGs): a critical review;Academic Journal;Unknown;Circular Economy, Industry 4.0, SDGs, Critical Review;Pending;No;"Fails: agricultural digitalization for SDGs/circular economy; sustainability is ecological";N/A;
194;Round 1;Backward;Mondejar, Avtar, Diaz, Dubey, Esteban et al.;2021;Digitalization to achieve sustainable development goals: Steps towards a Smart Green Planet;Science of the Total Environment;SSCI/SCI;Digitalization, SDGs, Smart City, Sustainability;Low;Yes;"Passes marginally: digitalization (C2) + SDG/smart city sustainable development (C3); sustainability partially framed as stable societal development";N/A;
195;Round 1;Backward;Mor, Bhardwaj & Singh;2018;Benchmarking the interactions among performance indicators in dairy supply chain: an ISM approach;Benchmarking: An International Journal;SSCI/SCI;Supply Chain, Dairy, Performance Indicators, ISM;Pending;No;"Fails: agri-food supply chain/financing; no core RQ concepts";N/A;
196;Round 1;Backward;Paoloni, Tutino, Paoloni & Santolamazza;2023;Financing innovation in agri-food industries: an analysis of the Italian micro small and medium enterprises;British Food Journal;SSCI/SCI;Agri-food, Innovation, SMEs, Italy, Financing;Pending;No;"Fails: agri-food supply chain/financing; no core RQ concepts";N/A;
197;Round 1;Backward;Rosamartina, Giustina & Angeloantonio;2022;Digital reputation and firm performance: The moderating role of firm orientation towards sustainable development goals (SDGs);Journal of Business Research;SSCI/SCI;Digital Reputation, Firm Performance, SDGs, Sustainability;Pending;No;"Fails: digital reputation and SDGs; sustainability is reporting/ecological SDG framing";N/A;
198;Round 1;Backward;Rose & Chilvers;2018;Agriculture 4.0: Broadening responsible innovation in an era of smart farming;Frontiers in Sustainable Food Systems;Unknown;Agriculture 4.0, Responsible Innovation, Smart Farming;Pending;No;"Fails: smart farming/SDG sustainability; ecological/food security framing";N/A;
199;Round 1;Backward;Secundo, Schena, Russo, Schiavone & Shams;2022;The impact of digital technologies on the achievement of the Sustainable Development Goals: evidence from the agri-food sector;Total Quality Management & Business Excellence;SSCI/SCI;Digital Technologies, SDGs, Agri-food, Industry 4.0;Pending;No;"Fails: smart farming/SDG sustainability; ecological/food security framing";N/A;
200;Round 1;Backward;Siew;2015;A review of corporate sustainability reporting tools (SRTs);Journal of Environmental Management;SSCI/SCI;Sustainability Reporting, Tools, Corporate, ESG;Pending;No;"Fails: sustainability reporting tools; sustainability is reporting/ecological";N/A;
201;Round 1;Backward;Stefanini & Vignali;2024;The influence of Industry 4.0 enabling technologies on social economic and environmental sustainability of the food sector;International Journal of Production Research;SSCI/SCI;Industry 4.0, Food Sector, Sustainability, Enabling Technologies;Pending;No;"Fails: Industry 4.0 food sector; sustainability is ecological/environmental";N/A;
202;Round 1;Backward;Tanda;2018;The food and beverages stock performance during and after the 2007-2011 crisis;International Journal of Business Performance Management;Unknown;Food Industry, Stock Performance, Financial Crisis;Pending;No;"Fails: food industry finance/sustainability reporting; no decentralization or DT for stable development";N/A;
203;Round 1;Backward;Torelli, Balluchi & Furlotti;2020;The materiality assessment and stakeholder engagement: A content analysis of sustainability reports;Corporate Social Responsibility and Environmental Management;SSCI/SCI;Materiality, Stakeholder Engagement, Sustainability Reporting, Content Analysis;Pending;No;"Fails: food industry finance/sustainability reporting; no decentralization or DT for stable development";N/A;
204;Round 1;Backward;United Nations;2015;Transforming our world: the 2030 Agenda for Sustainable Development A/RES/70/1;United Nations General Assembly;Not indexed;SDGs, 2030 Agenda, Sustainable Development, United Nations;Pending;No;"Fails: UN 2030 Agenda (grey literature); not peer-reviewed journal";N/A;
205;Round 1;Backward;Varriale, Cammarano, Michelino & Caputo;2024;The role of digital technologies in production systems for achieving sustainable development goals;Sustainable Production and Consumption;SSCI/SCI;Digital Technologies, Production Systems, SDGs, Industry 4.0;Pending;No;"Fails: digital production for SDGs; sustainability is ecological/SDG framing not stable governance";N/A;
206;Round 1;Backward;Walter, Finger, Huber & Buchmann;2017;Smart farming is key to developing sustainable agriculture;Proceedings of the National Academy of Sciences;SSCI/SCI;Smart Farming, Sustainable Agriculture, Precision Agriculture;Pending;No;"Fails: smart farming/food system sustainability; ecological framing";N/A;
207;Round 1;Backward;Wolfert, Ge, Verdouw & Bogaardt;2017;Big data in smart farming–a review;Agricultural Systems;SSCI/SCI;Big Data, Smart Farming, Agriculture, IoT, Review;Pending;No;"Fails: smart farming/food system sustainability; ecological framing";N/A;
208;Round 1;Backward;Yadav, Singh, Raut, Mangla, Luthra & Kumar;2022;Exploring the application of Industry 4.0 technologies in the agricultural food supply chain: A systematic literature review;Computers & Industrial Engineering;SSCI/SCI;Industry 4.0, Agri-food, Supply Chain, Systematic Review;Pending;No;"Fails: smart farming/food system sustainability; ecological framing";N/A;
209;Round 1;Backward;Zollet, Colombo, De Meo, Marino, McGreevy, McKeon & Tarra;2021;Towards territorially embedded equitable and resilient food systems? Insights from grassroots responses to COVID-19 in Italy and the city region of Rome;Sustainability;SSCI/SCI;Food Systems, COVID-19, Resilience, Italy, Sustainability;Pending;No;"Fails: smart farming/food system sustainability; ecological framing";10.3390/su13052425;
210;Round 1;Backward;Agogué, Berthet, Fredberg, Le Masson, Segrestin, Stoetzel, Wiener & Yström;2017;"Explicating the role of innovation intermediaries in the ""unknown"": a contingency approach";Journal of Strategy and Management;SSCI/SCI;Innovation Intermediaries, Uncertainty, Contingency, Strategy;Pending;No;"Fails: innovation intermediaries/knowledge transfer; no decentralization/DLT or sustainability-as-stable-development";10.1108/JSMA-01-2015-0005;
211;Round 1;Backward;Alexandre, Costa, Faria & Portela;2022;Enhancing university-industry collaboration: the role of intermediary organizations;Journal of Technology Transfer;SSCI/SCI;University-Industry, Collaboration, Intermediaries, Knowledge Transfer;Pending;No;"Fails: innovation intermediaries/knowledge transfer; no decentralization/DLT or sustainability-as-stable-development";10.1007/s10961-021-09889-8;
212;Round 1;Backward;Antonioli, Marzucchi & Savona;2017;Pain shared, pain halved? Cooperation as a coping strategy for innovation barriers;Journal of Technology Transfer;SSCI/SCI;Innovation Barriers, Cooperation, SMEs, Technology Transfer;Pending;No;"Fails: innovation intermediaries/knowledge transfer; no decentralization/DLT or sustainability-as-stable-development";10.1007/s10961-016-9545-9;
213;Round 1;Backward;Aragonés et al.;2020;Digital innovation hubs as a tool for boosting biomass valorisation in regional bioeconomies: Andalusian and South-East Irish case studies;Journal of Open Innovation: Technology Market and Complexity;Unknown;Digital Innovation Hubs, Bioeconomy, Regional Innovation, Biomass;Pending;No;"Fails: innovation intermediaries/knowledge transfer; no decentralization/DLT or sustainability-as-stable-development";10.3390/joitmc6040115;
214;Round 1;Backward;Audretsch, Belitski, Caiazza, Chowdhury & Menter;2023;Entrepreneurial growth, value creation and new technologies;The Journal of Technology Transfer;SSCI/SCI;Entrepreneurship, Value Creation, Technology, Growth;Pending;No;"Fails: innovation intermediaries/knowledge transfer; no decentralization/DLT or sustainability-as-stable-development";10.1007/s10961-023-10034-w;
215;Round 1;Backward;Battistella, De Toni & Pillon;2016;Inter-organisational technology/knowledge transfer: A framework from critical literature review;The Journal of Technology Transfer;SSCI/SCI;Knowledge Transfer, Inter-organisational, Technology Transfer, Framework;Pending;No;"Fails: innovation intermediaries/knowledge transfer; no decentralization/DLT or sustainability-as-stable-development";N/A;
216;Round 1;Backward;Baxter & Jack;2008;Qualitative case study methodology: Study design and implementation for novice researchers;The Qualitative Report;Unknown;Case Study, Qualitative Research, Methodology;Pending;No;"Fails: research methodology; no core RQ concepts";10.46743/2160-3715/2008.1573;
217;Round 1;Backward;Belitski & Boreiko;2022;Success factors of initial coin offerings;The Journal of Technology Transfer;SSCI/SCI;ICO, Blockchain, Crowdfunding, Entrepreneurial Finance;Medium;Yes;"Passes: blockchain/ICO (C1) + digital transformation of entrepreneurial finance (C2); financial institutional stability implications (C3)";10.1007/s10961-021-09894-x;
218;Round 1;Backward;Benitez, Ayala & Frank;2020;Industry 4.0 innovation ecosystems: An evolutionary perspective on value cocreation;International Journal of Production Economics;SSCI/SCI;Industry 4.0, Innovation Ecosystems, Value Cocreation, SMEs;Pending;No;"Fails: Industry 4.0 innovation ecosystems; no decentralization/DLT or sustainability-as-stability";10.1016/j.ijpe.2020.107735;
219;Round 1;Backward;Bergek, Jacobsson, Carlsson, Lindmark & Rickne;2008;Analyzing the functional dynamics of technological innovation systems: A scheme of analysis;Research Policy;SSCI/SCI;Technological Innovation Systems, TIS, Innovation Dynamics;Pending;No;"Fails: innovation systems theory / green SMEs; no blockchain/decentralization and sustainability ecological";10.1016/j.respol.2007.12.003;
220;Round 1;Backward;Boiral, Ebrahimi, Kuyken & Talbot;2019;Greening remote SMEs: The case of small regional airports;Journal of Business Ethics;SSCI/SCI;Green SMEs, Environmental Sustainability, Small Business;Pending;No;"Fails: innovation systems theory / green SMEs; no blockchain/decentralization and sustainability ecological";10.1007/s10551-017-3447-0;
221;Round 1;Backward;Bumblauskas, Mann, Dugan & Rittmer;2020;A blockchain use case in food distribution: Do you know where your food has been?;International Journal of Information Management;SSCI/SCI;Blockchain, Food Distribution, Traceability, QR Code;High;Yes;"Passes: blockchain (C1) + food distribution digital transformation (C2); supply chain stability implied (C3)";10.1016/j.ijinfomgt.2019.09.004;
222;Round 1;Backward;Bush, Bale, Powell, Gouldson, Taylor & Gale;2017;The role of intermediaries in low carbon transitions – empowering innovations to unlock district heating in the UK;Journal of Cleaner Production;SSCI/SCI;Innovation Intermediaries, Low Carbon, Energy Transition, District Heating;Pending;No;"Fails: low-carbon energy transition intermediaries; no DLT/blockchain and sustainability is ecological";10.1016/j.jclepro.2017.01.129;
223;Round 1;Backward;Butter, Gijsbers, Goetheer & Karanikolova;2019;Digital innovation hubs and their position in the European national and regional innovation ecosystems;Redesigning Organizations (Springer);Not indexed;Digital Innovation Hubs, Regional Innovation, European Policy;Pending;No;"Fails: digital innovation hubs regional policy; no decentralization/DLT or sustainability-as-stability";10.1007/978-3-030-27957-8_3;
224;Round 1;Backward;Butticè & Vismara;2022;Inclusive digital finance: The industry of equity crowdfunding;The Journal of Technology Transfer;SSCI/SCI;Equity Crowdfunding, Digital Finance, Inclusion, Blockchain;Medium;Yes;"Passes: blockchain/DLT in equity crowdfunding (C1) + digital transformation of finance (C2); inclusive financial stability (C3)";10.1007/s10961-021-09875-0;
225;Round 1;Backward;Calof, Colovic, Rizzoli & Rossi;2023;Innovation intermediaries' types and functions: A computational analysis of the literature;Technological Forecasting and Social Change;SSCI/SCI;Innovation Intermediaries, Bibliometrics, Typology, Functions;Pending;No;"Fails: innovation intermediaries bibliometric; no blockchain/decentralization or sustainability-as-stability";10.1016/j.techfore.2023.122351;
226;Round 1;Backward;Carlsson & Stankiewicz;1991;On the nature, function and composition of technological systems;Journal of Evolutionary Economics;SSCI/SCI;Technological Systems, TIS Framework, Innovation Systems;Pending;No;"Fails: technological systems TIS framework; no blockchain/decentralization or sustainability-as-stability";10.1007/BF01224915;
227;Round 1;Backward;Chainalysis;2021;The 2021 Global Crypto Adoption Index: Worldwide Adoption Jumps Over 880% with P2P Platforms Driving Cryptocurrency Usage in Emerging Markets;Chainalysis;Not indexed;Cryptocurrency, Blockchain, Adoption, Emerging Markets;Pending;No;"Fails: industry crypto adoption report (grey literature); not peer-reviewed journal";N/A;
228;Round 1;Backward;Chandran, Sundram & Santhidran;2013;Innovation systems in Malaysia: A perspective of university-industry R&D collaboration;AI & Society;Unknown;Innovation Systems, University-Industry, R&D, Malaysia;Pending;No;"Fails: university-industry R&D; no decentralization or sustainability-as-stability";10.1007/s00146-013-0468-9;
229;Round 1;Backward;Charvát, Zadražil, Čerba, Kvapil, Tuchyňa, Gergeľová & Šplíchal;2022;Hub4Everybody-new collaborative environment for sharing;Agris on-Line Papers in Economics & Informatics;Unknown;DIH, Collaborative Environment, Data Sharing, Agriculture;Pending;No;"Fails: digital innovation hub; no blockchain/decentralization or sustainability-as-stability";N/A;
230;Round 1;Backward;Chege & Wang;2020;The influence of technology innovation on SME performance through environmental sustainability practices in Kenya;Technology in Society;SSCI/SCI;Technology Innovation, SMEs, Environmental Sustainability, Kenya;Pending;No;"Fails: SME technology innovation; sustainability framed as environmental/ecological";10.1016/j.techsoc.2019.101210;
231;Round 1;Backward;Chiarini & Compagnucci;2022;Blockchain, data protection and P2P energy trading: A review on legal and economic challenges;Sustainability;SSCI/SCI;Blockchain, P2P Energy Trading, Data Protection, Legal;High;Yes;Passes: blockchain (C1) + P2P energy digital transformation (C2) + legal/economic stability challenges (C3);10.3390/su142316305;
232;Round 1;Backward;Clohessy & Acton;2019;Investigating the influence of organizational factors on blockchain adoption: An innovation theory perspective;Industrial Management & Data Systems;SSCI/SCI;Blockchain Adoption, Organizational Factors, Innovation Theory, SMEs;Medium;Yes;"Passes: blockchain adoption (C1) + organizational digital transformation (C2); institutional stability implications";10.1108/IMDS-08-2018-0365;
233;Round 1;Backward;Compagnucci, Lepore, Spigarelli, Frontoni, Baldi & Di Berardino;2022;Uncovering the potential of blockchain in the agri-food supply chain: An interdisciplinary case study;Journal of Engineering and Technology Management;SSCI/SCI;Blockchain, Agri-food, Supply Chain, Case Study;Pending;No;"Fails: blockchain agri-food supply chain; sustainability is food safety/ecological not stable development governance";10.1016/j.jengtecman.2022.101700;
234;Round 1;Backward;Compagnucci & Spigarelli;2020;The Third Mission of the university: A systematic literature review on potentials and constraints;Technological Forecasting and Social Change;SSCI/SCI;University Third Mission, Knowledge Transfer, Systematic Review;Pending;No;"Fails: university knowledge transfer; no blockchain/decentralization or sustainability-as-stability";10.1016/j.techfore.2020.120284;
235;Round 1;Backward;Crupi, Del Sarto, Di Minin, Gregori, Lepore, Marinelli & Spigarelli;2020;The digital transformation of SMEs – a new knowledge broker called the digital innovation hub;Journal of Knowledge Management;SSCI/SCI;Digital Innovation Hub, SMEs, Digital Transformation, Knowledge Broker;Pending;No;"Fails: digital innovation hubs SMEs; no blockchain/decentralization or sustainability-as-stability";10.1108/JKM-11-2019-0623;
236;Round 1;Backward;Dyba, Di Maria & Chiarvesio;2022;Actions fostering the adoption of Industry 4.0 technologies in manufacturing companies in European regions;Investigaciones Regionales-Journal of Regional Research;Unknown;Industry 4.0, Manufacturing, Regional Innovation, European;Pending;No;"Fails: Industry 4.0 manufacturing regional; no blockchain/decentralization or sustainability-as-stability";N/A;
237;Round 1;Backward;Elder & Olsen;2019;The design of environmental priorities in the SDGs;Global Policy;SSCI/SCI;SDGs, Environmental Priorities, Sustainable Development, Policy;Pending;No;"Fails: SDG environmental policy; sustainability is ecological";10.1111/1758-5899.12596;
238;Round 1;Backward;Esmaeilian, Sarkis, Lewis & Behdad;2020;Blockchain for the future of sustainable supply chain management in Industry 4.0;Resources Conservation and Recycling;SSCI/SCI;Blockchain, Supply Chain, Industry 4.0, Sustainability;High;Yes;Passes: blockchain (C1) + Industry 4.0 supply chain digital transformation (C2) + sustainability including economic stability (C3);10.1016/j.resconrec.2020.105064;
239;Round 1;Backward;Etzkowitz;1998;The norms of entrepreneurial science: Cognitive effects of the new university-industry linkages;Research Policy;SSCI/SCI;Triple Helix, University-Industry, Entrepreneurial Science, Innovation;Pending;No;"Fails: triple helix university-industry; no decentralization/DLT or sustainability-as-stability";10.1016/s0048-7333(98)00093-6;
240;Round 1;Backward;European Commission;2017;Digital innovation hubs: Mainstreaming digital innovation across all sectors;European Commission;Not indexed;Digital Innovation Hubs, EU Policy, SMEs, Digitalization;Pending;No;"Fails: digital innovation hubs/DESI EU policy; no blockchain/decentralization or sustainability-as-stability";N/A;
241;Round 1;Backward;European Commission;2019;Communication from the Commission: The European Green Deal;European Commission;Not indexed;European Green Deal, Climate Policy, EU, Sustainability;Pending;No;"Fails: EU Green Deal (grey literature/policy doc); ecological sustainability framing";N/A;
242;Round 1;Backward;European Commission;2020;Digital Economy and Society Index (DESI) 2020;European Commission;Not indexed;DESI, Digital Economy, Emerging Technologies, EU;Pending;No;"Fails: digital innovation hubs/DESI EU policy; no blockchain/decentralization or sustainability-as-stability";N/A;
243;Round 1;Backward;European Commission;2021;Digital Economy and Society Index (DESI) 2021: Integration of digital technology;European Commission;Not indexed;DESI, Digital Economy, Digital Integration, EU;Pending;No;"Fails: digital innovation hubs/DESI EU policy; no blockchain/decentralization or sustainability-as-stability";N/A;
244;Round 1;Backward;European Commission;2021;European digital innovation hubs in digital Europe programme;European Commission;Not indexed;EDIH, Digital Innovation Hubs, Digital Europe, SMEs;Pending;No;"Fails: digital innovation hubs/DESI EU policy; no blockchain/decentralization or sustainability-as-stability";N/A;
245;Round 1;Backward;European Commission;2023;Digital Economy and Society Index (DESI) 2022: Integration of digital technology;European Commission;Not indexed;DESI, Digital Economy, Digital Integration, EU;Pending;No;"Fails: digital innovation hubs/DESI EU policy; no blockchain/decentralization or sustainability-as-stability";N/A;
246;Round 1;Backward;Feltus, Nicolas & Khadraoui;2023;Towards a multidimensional ontology model for dih-based organisations;International Journal of Knowledge and Systems Science;Unknown;DIH, Ontology, Knowledge Systems, Organisations;Pending;No;"Fails: digital innovation hubs/DESI EU policy; no blockchain/decentralization or sustainability-as-stability";N/A;
247;Round 1;Backward;Feng, Lai & Zhu;2022;Green supply chain innovation: Emergence, adoption, and challenges;International Journal of Production Economics;SSCI/SCI;Green Supply Chain, Innovation, Sustainability, Adoption;Pending;No;"Fails: green supply chain; sustainability is ecological/environmental";10.1016/j.ijpe.2022.108497;
248;Round 1;Backward;Fisch, Meoli & Vismara;2022;Does blockchain technology democratize entrepreneurial finance? An empirical comparison of ICOs, venture capital, and REITs;Economics of Innovation and New Technology;SSCI/SCI;Blockchain, ICO, Entrepreneurial Finance, Democratization;High;Yes;Passes: blockchain/ICO (C1) + digital transformation of finance (C2) + financial democratization as stable inclusive development (C3);10.1080/10438599.2020.1843991;
249;Round 1;Backward;França, Amato, Gonçalves & Almeida;2020;Proposing the use of blockchain to improve the solid waste management in small municipalities;Journal of Cleaner Production;SSCI/SCI;Blockchain, Waste Management, Municipalities, Circular Economy;Pending;No;"Fails: blockchain for waste management; sustainability is ecological/circular economy framing";10.1016/j.jclepro.2019.118529;
250;Round 1;Backward;Friedman & Ormiston;2022;Blockchain as a sustainability-oriented innovation? Opportunities for and resistance to Blockchain technology as a driver of sustainability in global food supply chains;Technological Forecasting and Social Change;SSCI/SCI;Blockchain, Sustainability Innovation, Food Supply Chain, Resistance;Pending;No;"Fails: blockchain in food supply chain; sustainability is ecological/food safety oriented";10.1016/j.techfore.2021.121403;
251;Round 1;Backward;Gajzago;2017;Serving innovation well? Mismatch between the supply and demand side of services by innovation intermediary organizations in Hungary;The Central European Journal of Regional Development and Tourism;Unknown;Innovation Intermediaries, Service Mismatch, Hungary, Regional;Pending;No;"Fails: innovation intermediaries/DIH; no blockchain/decentralization or sustainability-as-stability";10.32725/det.2017.024;
252;Round 1;Backward;Georgescu, Avasilcai & Peter;2021;Digital innovation hubs—The present future of collaborative research, business and marketing development opportunities;Marketing and Smart Technologies (Springer);Not indexed;Digital Innovation Hubs, Collaborative Research, Marketing, Smart Technologies;Pending;No;"Fails: innovation intermediaries/DIH; no blockchain/decentralization or sustainability-as-stability";10.1007/978-981-33-4183-8_29;
253;Round 1;Backward;Ghobakhloo & Ching;2019;Adoption of digital technologies of smart manufacturing in SMEs;Journal of Industrial Information Integration;SSCI/SCI;Digital Technologies, Smart Manufacturing, SMEs, Adoption;Pending;No;"Fails: smart manufacturing SMEs adoption; no blockchain/decentralization or sustainability-as-stability";10.1016/j.jii.2019.100107;
254;Round 1;Backward;Giaretta;2014;"The trust ""builders"" in the technology transfer relationships: An Italian science park experience";The Journal of Technology Transfer;SSCI/SCI;Trust, Technology Transfer, Science Park, Italy;Pending;No;"Fails: technology transfer trust; no blockchain/decentralization or sustainability-as-stability";10.1007/s10961-013-9313-z;
255;Round 1;Backward;Giganti, Borrello, Falcone & Cembalo;2024;The impact of blockchain technology on enhancing sustainability in the agri-food sector: A scoping review;Journal of Cleaner Production;SSCI/SCI;Blockchain, Agri-food, Sustainability, Scoping Review;Pending;No;"Fails: blockchain agri-food sustainability; sustainability is ecological/food safety not stable development governance";10.1016/j.jclepro.2024.142379;
256;Round 1;Backward;Gladysz, Matteri, Ejsmont, Corti, Bettoni & Haber Guerra;2023;Platform-based support for AI uptake by SMEs: Guidelines to design service bundles;Central European Management Journal;Unknown;AI, SMEs, Digital Innovation Hub, Platform;Pending;No;"Fails: AI/SME digital platform; no blockchain/decentralization or sustainability-as-stability";N/A;
257;Round 1;Backward;Glavič & Lukman;2007;Review of sustainability terms and their definitions;Journal of Cleaner Production;SSCI/SCI;Sustainability, Definitions, Terminology, Environmental;Pending;No;"Fails: sustainability terminology review; no digital transformation or decentralization";10.1016/j.jclepro.2006.12.006;
258;Round 1;Backward;Gliedt, Hoicka & Jackson;2018;Innovation intermediaries accelerating environmental sustainability transitions;Journal of Cleaner Production;SSCI/SCI;Innovation Intermediaries, Environmental Sustainability, Transitions;Pending;No;"Fails: eco-innovation intermediaries; sustainability is ecological/environmental transitions";10.1016/j.jclepro.2017.11.054;
259;Round 1;Backward;Good, Knockaert & Soppe;2019;A typology of technology transfer ecosystems: How structure affects interactions at the science-market divide;The Journal of Technology Transfer;SSCI/SCI;Technology Transfer, Ecosystems, Typology, Science-Market;Pending;No;"Fails: technology transfer/innovation ecosystems; no blockchain/decentralization or sustainability-as-stability";10.1007/s10961-019-09745-w;
260;Round 1;Backward;Granovetter;1985;Economic action and social structure: The problem of social embeddedness;American Journal of Sociology;SSCI/SCI;Social Embeddedness, Networks, Economic Sociology, Institutional Theory;Pending;No;"Fails: technology transfer/innovation ecosystems; no blockchain/decentralization or sustainability-as-stability";10.1086/228311;
261;Round 1;Backward;Harrigan, Di Guardo & Cowgill;2017;Multiplicative-innovation synergies: Tests in technological acquisitions;Journal of Technology Transfer;SSCI/SCI;Innovation Synergies, Technological Acquisitions, Partnerships;Pending;No;"Fails: technology transfer/innovation ecosystems; no blockchain/decentralization or sustainability-as-stability";10.1007/s10961-016-9514-3;
262;Round 1;Backward;He, Meadows, Angwin, Gomes & Child;2020;Strategic alliance research in the era of digital transformation: Perspectives on future research;British Journal of Management;SSCI/SCI;Strategic Alliances, Digital Transformation, Collaboration, BCT;Medium;Yes;"Passes: blockchain/BCT (C1) + digital transformation of strategic alliances (C2); collaboration stability implications (C3)";10.1111/1467-8551.12406;
263;Round 1;Backward;Hekkert & Negro;2009;Functions of innovation systems as a framework to understand sustainable technological change: Empirical evidence for earlier claims;Technological Forecasting and Social Change;SSCI/SCI;TIS Functions, Innovation Systems, Sustainable Technology;Pending;No;"Fails: innovation systems/intermediaries theory; no blockchain/decentralization or sustainability-as-stability";10.1016/j.techfore.2008.04.013;
264;Round 1;Backward;Hernández-Chea, Mahdad, Minh & Hjortsø;2021;Moving beyond intermediation: How intermediary organizations shape collaboration dynamics in entrepreneurial ecosystems;Technovation;SSCI/SCI;Innovation Intermediaries, Entrepreneurial Ecosystems, Collaboration;Pending;No;"Fails: innovation systems/intermediaries theory; no blockchain/decentralization or sustainability-as-stability";10.1016/j.technovation.2021.102332;
265;Round 1;Backward;Hervas-Oliver, Gonzalez-Alcaide, Rojas-Alvarado & Monto-Mompo;2021;Emerging regional innovation policies for industry 4.0: Analyzing the digital innovation hub program in European regions;Competitiveness Review;SSCI/SCI;DIH, Regional Innovation, Industry 4.0, European Policy;Pending;No;"Fails: digital innovation hubs regional policy; no blockchain/decentralization or sustainability-as-stability";10.1108/CR-12-2019-0159;
266;Round 1;Backward;Hilkenmeier, Fechtelpeter & Decius;2021;How to foster innovation in SMEs: Evidence of the effectiveness of a project-based technology transfer approach;Journal of Technology Transfer;SSCI/SCI;SMEs, Innovation, Technology Transfer, Project-Based;Pending;No;"Fails: SME innovation/intermediaries; no blockchain/decentralization or sustainability-as-stability";10.1007/s10961-021-09913-x;
267;Round 1;Backward;Hossain;2018;Motivations, challenges, and opportunities of successful solvers on an innovation intermediary platform;Technological Forecasting and Social Change;SSCI/SCI;Innovation Intermediary, Open Innovation, Motivations, Platform;Pending;No;"Fails: SME innovation/intermediaries; no blockchain/decentralization or sustainability-as-stability";10.1016/j.techfore.2017.10.018;
268;Round 1;Backward;Howells;2006;Intermediation and the role of intermediaries in innovation;Research Policy;SSCI/SCI;Innovation Intermediaries, Knowledge Brokers, Technology Transfer;Pending;No;"Fails: SME innovation/intermediaries; no blockchain/decentralization or sustainability-as-stability";10.1016/j.respol.2006.03.005;
269;Round 1;Backward;Hyperledger;2019;Case study: Circulor achieves first-ever-mine-to-manufacturer traceability of a conflict mineral with Hyperledger Fabric;Circulor / Hyperledger;Not indexed;Blockchain, Traceability, Supply Chain, Conflict Minerals;Medium;Yes;"Passes: blockchain traceability (C1) + supply chain digital transformation (C2); supply chain governance stability (C3)";N/A;
270;Round 1;Backward;Ilbiz & Durst;2019;The appropriation of blockchain for small and medium-sized enterprises;Journal of Innovation Management;Unknown;Blockchain, SMEs, Appropriation, Innovation;Medium;Yes;"Passes: blockchain (C1) + SME digital transformation (C2); organizational stability implications";10.24840/2183-0606_007.001_0004;
271;Round 1;Backward;Inceoglu, Vanacker & Vismara;2024;Digitalization and resource mobilization;British Journal of Management;SSCI/SCI;Digitalization, Resource Mobilization, Innovation, Management;Pending;No;"Fails: digitalization resource mobilization; no blockchain/decentralization or sustainability-as-stability";10.1111/1467-8551.12817;
272;Round 1;Backward;Jackson;2022;The blockchain projects making renewable energy a reality;Cointelegraph Magazine;Unknown;Blockchain, Renewable Energy, Decentralized Energy;Pending;No;"Fails: blockchain renewable energy; sustainability is ecological/energy";N/A;
273;Round 1;Backward;Johnson & Schaltegger;2016;Two decades of sustainability management tools for SMEs: How far have we come?;Journal of Small Business Management;SSCI/SCI;Sustainability Management, SMEs, Tools, Review;Pending;No;"Fails: SME sustainability management/DIH policy; sustainability is ecological or no blockchain/DLT";10.1111/jsbm.12154;
274;Round 1;Backward;Journeault, Perron & Vallières;2021;The collaborative roles of stakeholders in supporting the adoption of sustainability in SMEs;Journal of Environmental Management;SSCI/SCI;Stakeholders, SMEs, Sustainability Adoption, Collaboration;Pending;No;"Fails: SME sustainability management/DIH policy; sustainability is ecological or no blockchain/DLT";10.1016/j.jenvman.2021.112349;
275;Round 1;Backward;Kalpaka, Sörvik, Tasigiorgou & Rissola;2020;Digital Innovation Hubs as policy instruments to boost digitalisation of SMEs;European Commission / JRC;Not indexed;DIH, SMEs, Policy Instruments, Digitalisation;Pending;No;"Fails: SME sustainability management/DIH policy; sustainability is ecological or no blockchain/DLT";10.2760/538258;
276;Round 1;Backward;Kamilaris, Fonts & Boldù;2019;The rise of blockchain technology in agriculture and food supply chains;Trends in Food Science and Technology;SSCI/SCI;Blockchain, Agriculture, Food Supply Chain, IoT;Pending;No;"Fails: blockchain agriculture food supply; sustainability is ecological/food safety framing";10.1016/j.tifs.2019.07.034;
277;Round 1;Backward;Kanda, Hjelm, Clausen & Bienkowska;2018;Roles of intermediaries in supporting eco-innovation;Journal of Cleaner Production;SSCI/SCI;Eco-innovation, Intermediaries, Innovation Systems, Sustainability;Pending;No;"Fails: eco-innovation/environmental sustainability intermediaries; sustainability is ecological";10.1016/j.jclepro.2018.09.132;
278;Round 1;Backward;Kanda, Río & Bienkowska;2019;A technological innovation systems approach to analyse the roles of intermediaries in eco-innovation;Journal of Cleaner Production;SSCI/SCI;TIS, Eco-innovation, Intermediaries, Innovation Systems;Pending;No;"Fails: eco-innovation/environmental sustainability intermediaries; sustainability is ecological";10.1016/j.jclepro.2019.04.230;
279;Round 1;Backward;Kant & Kanda;2019;Innovation intermediaries: What does it take to survive over time?;Journal of Cleaner Production;SSCI/SCI;Innovation Intermediaries, Sustainability, Longevity, Organizations;Pending;No;"Fails: eco-innovation/environmental sustainability intermediaries; sustainability is ecological";10.1016/j.jclepro.2019.04.213;
280;Round 1;Backward;Keszey;2018;Boundary spanners' knowledge sharing for innovation success in turbulent times;Journal of Knowledge Management;SSCI/SCI;Boundary Spanners, Knowledge Sharing, Innovation, Turbulence;Pending;No;"Fails: knowledge sharing in organizations; no blockchain/decentralization or sustainability-as-stability";10.1108/JKM-01-2017-0033;
281;Round 1;Backward;Khan, Godil, Jabbour et al.;2021;Green data analytics, blockchain technology for sustainable development, and sustainable supply chain practices: Evidence from small and medium enterprises;Annals of Operations Research;SSCI/SCI;Blockchain, Green Analytics, Sustainable Supply Chain, SMEs;High;Yes;Passes: blockchain (C1) + digital transformation of supply chain (C2) + sustainable supply chain stability (C3);10.1007/s10479-021-04275-x;
282;Round 1;Backward;Kim & Huh;2020;Blockchain of carbon trading for UN Sustainable Development Goals;Sustainability;SSCI/SCI;Blockchain, Carbon Trading, SDGs, CO2;Pending;No;"Fails: blockchain for carbon trading SDGs; sustainability is ecological/climate";10.3390/su12104021;
283;Round 1;Backward;Kivimaa, Boon, Hyysalo & Klerkx;2019;Towards a typology of intermediaries in sustainability transitions: A systematic review and a research agenda;Research Policy;SSCI/SCI;Intermediaries, Sustainability Transitions, Typology, Systematic Review;Pending;No;"Fails: sustainability transitions/eco-innovation; sustainability is ecological/environmental";10.1016/j.respol.2018.10.006;
284;Round 1;Backward;Klewitz & Hansen;2014;Sustainability-oriented innovation of SMEs: A systematic review;Journal of Cleaner Production;SSCI/SCI;SMEs, Sustainability Innovation, Systematic Review;Pending;No;"Fails: sustainability transitions/eco-innovation; sustainability is ecological/environmental";10.1016/j.jclepro.2013.07.017;
285;Round 1;Backward;Klewitz, Zeyen & Hansen;2012;Intermediaries driving eco-innovation in SMEs: A qualitative investigation;European Journal of Innovation Management;SSCI/SCI;Eco-innovation, SMEs, Intermediaries, Qualitative;Pending;No;"Fails: sustainability transitions/eco-innovation; sustainability is ecological/environmental";10.1108/14601061211272376;
286;Round 1;Backward;Kshetri & DeFranco;2020;The economics behind food supply blockchains;Computer;Unknown;Blockchain, Food Supply Chain, Economics, Technology;Pending;No;"Fails: blockchain food supply chain; sustainability is food safety/ecological framing";10.1109/MC.2020.3021549;
287;Round 1;Backward;Kumar, Srivastava & Singh;2022;How blockchain technology can be a sustainable infrastructure for the agrifood supply chain in developing countries;Journal of Global Operations and Strategic Sourcing;Unknown;Blockchain, Agri-food, Developing Countries, Sustainable Infrastructure;Pending;No;"Fails: blockchain food supply chain; sustainability is food safety/ecological framing";10.1108/jgoss-08-2021-0058;
288;Round 1;Backward;Lee, Lee & Pennings;2001;Internal capabilities, external networks, and performance: A study on technology-based ventures;Strategic Management Journal;SSCI/SCI;Networks, Capabilities, Performance, Technology Ventures;Pending;No;"Fails: firm capabilities and networks; no blockchain/decentralization or sustainability-as-stability";10.1002/smj.181;
289;Round 1;Backward;Lepore, Testi & Pasher;2023;Building inclusive smart cities through innovation intermediaries;Sustainability;SSCI/SCI;Smart Cities, Innovation Intermediaries, Inclusion, Digital;Pending;No;"Fails: smart cities innovation intermediaries; no blockchain/decentralization";10.3390/su15054024;
290;Round 1;Backward;Liu, Liu, Shi, Hou, Shi & Dong;2022;Collaborative adoption of blockchain technology: A supply chain contract perspective;Frontiers of Engineering Management;Unknown;Blockchain Adoption, Supply Chain Contracts, Collaboration;Medium;Yes;"Passes: blockchain adoption (C1) + supply chain digital transformation (C2); long-term stability of contractual governance (C3)";10.1007/s42524-022-0239-8;
291;Round 1;Backward;Lukkarinen, Berg, Salo, Tainio, Alhola & Antikainen;2018;An intermediary approach to technological innovation systems (TIS)—The case of the cleantech sector in Finland;Environmental Innovation and Societal Transitions;SSCI/SCI;TIS, Intermediaries, Cleantech, Finland;Pending;No;"Fails: cleantech innovation intermediaries; sustainability is ecological";10.1016/j.eist.2017.04.003;
292;Round 1;Backward;Lumineau, Wang & Schilke;2021;Blockchain governance—A new way of organizing collaborations?;Organization Science;SSCI/SCI;Blockchain Governance, Collaboration, Organizational Theory;High;Yes;Passes: blockchain governance (C1) + digital transformation of organizational collaboration (C2) + new governance stability model (C3);N/A;
293;Round 1;Backward;Luo & Zahra;2023;Industry 4.0 in international business research;Journal of International Business Studies;SSCI/SCI;Industry 4.0, International Business, Digital Transformation;Pending;No;"Fails: Industry 4.0 international business; no blockchain/decentralization or sustainability-as-stability";10.1057/s41267-022-00577-9;
294;Round 1;Backward;Luthra, Kumar, Zavadskas, Mangla & Garza-Reyes;2020;Industry 4.0 as an enabler of sustainability diffusion in supply chain: an analysis of influential strength of drivers in an emerging economy;International Journal of Production Research;SSCI/SCI;Industry 4.0, Sustainability, Supply Chain, Emerging Economy;Pending;No;"Fails: Industry 4.0 supply chain sustainability; sustainability is ecological/environmental diffusion";10.1080/00207543.2019.1660828;
295;Round 1;Backward;Madrid-Guijarro & Duréndez;2024;Sustainable development barriers and pressures in SMEs: The mediating effect of management commitment to environmental practices;Business Strategy and the Environment;SSCI/SCI;SMEs, Sustainable Development, Barriers, Management Commitment;Pending;No;"Fails: SME sustainable development barriers; no blockchain/decentralization or digital transformation focus";10.1002/bse.3537;
296;Round 1;Backward;Miller, McAdam & McAdam;2017;A systematic literature review of university technology transfer from a quadruple helix perspective: Towards a research agenda;R&D Management;SSCI/SCI;Technology Transfer, Quadruple Helix, University, Systematic Review;Pending;No;"Fails: technology transfer university; no blockchain/decentralization or sustainability-as-stability";10.1111/radm.12228;
297;Round 1;Backward;Morelli;2011;Environmental sustainability: A definition for environmental professionals;Journal of Environmental Sustainability;Unknown;Environmental Sustainability, Definition, Professionals;Pending;No;"Fails: environmental sustainability definition; ecological framing";10.14448/jes.01.0002;
298;Round 1;Backward;Munir, Habib, Hussain et al.;2022;Blockchain adoption for sustainable supply chain management: Economic, environmental, and social perspectives;Frontiers in Energy Research;Unknown;Blockchain, Supply Chain, Sustainability, ESG;High;Yes;Passes: blockchain (C1) + supply chain digital transformation (C2) + economic/social sustainability as ESG stability (C3);10.3389/fenrg.2022.899632;
299;Round 1;Backward;Nambisan, Wright & Feldman;2019;The digital transformation of innovation and entrepreneurship: Progress, challenges and key themes;Research Policy;SSCI/SCI;Digital Transformation, Innovation, Entrepreneurship, Research Policy;Medium;Yes;"Passes: digital transformation (C2) + innovation/entrepreneurship stable development (C3); research policy perspective";10.1016/j.respol.2019.03.018;
300;Round 1;Backward;Niu, Shen & Xie;2021;The value of blockchain and agricultural supply chain parties' participation confronting random bacteria pollution;Journal of Cleaner Production;SSCI/SCI;Blockchain, Agricultural Supply Chain, Food Safety, Pollution;Pending;No;"Fails: blockchain agricultural supply chain food safety; sustainability is ecological/food safety";10.1016/j.jclepro.2021.128579;
301;Round 1;Backward;Nofer, Gomber, Hinz & Schiereck;2017;Blockchain;Business & Information Systems Engineering;SSCI/SCI;Blockchain, Distributed Ledger, Technology, Business;Pending;No;"Fails: general blockchain reference; only addresses C1; no digital transformation or sustainability-as-stability context";10.1007/s12599-017-0467-3;
302;Round 1;Backward;OECD;2018;Environmental policy toolkit for greening SMEs in the EU eastern partnership countries;OECD;Not indexed;SMEs, Environmental Policy, Green, OECD;Pending;No;Fails: OECD policy documents (grey literature) or ecological SME sustainability;10.1787/9789264293199-en;
303;Round 1;Backward;OECD;2019;Digital for SMEs global initiative. Concept note;OECD;Not indexed;SMEs, Digital, OECD, Global Initiative;Pending;No;Fails: OECD policy documents (grey literature) or ecological SME sustainability;N/A;
304;Round 1;Backward;Ølnes;2016;Beyond Bitcoin enabling smart government using blockchain technology;Electronic Government EGOV 2016 (Springer);Not indexed;Blockchain, Smart Government, Bitcoin, E-Government;High;Yes;Passes: blockchain (C1) + government digital transformation (C2) + public governance stability (C3);10.1007/978-3-319-44421-5_20;
305;Round 1;Backward;O'Kane, Cunningham, Menter et al.;2021;The brokering role of technology transfer offices within entrepreneurial ecosystems: An investigation of macro-meso-micro factors;Journal of Technology Transfer;SSCI/SCI;Technology Transfer Offices, Entrepreneurial Ecosystems, Brokering;Pending;No;"Fails: technology transfer intermediaries; no blockchain/decentralization or sustainability-as-stability";10.1007/s10961-020-09829-y;
306;Round 1;Backward;Palaco, Kim, Park & Rho;2022;Exploring capabilities of international technology transfer intermediaries between emerging and developed countries;Journal of Technology Transfer;SSCI/SCI;Technology Transfer, Intermediaries, Emerging Countries, International;Pending;No;"Fails: technology transfer intermediaries; no blockchain/decentralization or sustainability-as-stability";10.1007/s10961-021-09849-2;
307;Round 1;Backward;Parmentola, Petrillo, Tutore & De Felice;2022;Is blockchain able to enhance environmental sustainability? A systematic review and research agenda from the perspective of SDGs;Business Strategy and the Environment;SSCI/SCI;Blockchain, Environmental Sustainability, SDGs, Systematic Review;Pending;No;"Fails: blockchain environmental sustainability SDGs; sustainability is ecological/environmental";10.1002/bse.2882;
308;Round 1;Backward;Philipp, Prause & Gerlitz;2019;Blockchain and smart contracts for entrepreneurial collaboration in maritime supply chains;Transport and Telecommunication;Unknown;Blockchain, Smart Contracts, Maritime, Supply Chain;Medium;Yes;"Passes: blockchain/smart contracts (C1) + maritime supply chain digital transformation (C2); supply chain stability (C3)";10.2478/ttj-2019-0030;
309;Round 1;Backward;Planko, Cramer, Hekkert & Chappin;2017;Combining the technological innovation systems framework with the entrepreneurs' perspective on innovation;Technology Analysis & Strategic Management;SSCI/SCI;TIS Framework, Entrepreneurs, Innovation Systems;Pending;No;"Fails: TIS framework entrepreneurs; no blockchain/decentralization or sustainability-as-stability";10.1080/09537325.2016.1220515;
310;Round 1;Backward;Polzin, von Flotow & Klerkx;2016;Addressing barriers to eco-innovation: Exploring the finance mobilisation functions of institutional innovation intermediaries;Technological Forecasting and Social Change;SSCI/SCI;Eco-innovation, Finance, Innovation Intermediaries, Barriers;Pending;No;"Fails: eco-innovation finance; sustainability is ecological";10.1016/j.techfore.2015.10.001;
311;Round 1;Backward;Pólvora, Nascimento, Lourenço & Scapolo;2020;Blockchain for industrial transformations: A forward-looking approach with multi-stakeholder engagement for policy advice;Technological Forecasting and Social Change;SSCI/SCI;Blockchain, Industrial Transformation, Policy, Stakeholders;High;Yes;Passes: blockchain (C1) + industrial digital transformation (C2) + multi-stakeholder governance stability (C3);10.1016/j.techfore.2020.120091;
312;Round 1;Backward;Rainero & Modarelli;2021;Food tracking and blockchain-induced knowledge: A corporate social responsibility tool for sustainable decision-making;British Food Journal;SSCI/SCI;Blockchain, Food Tracking, CSR, Sustainable Decision-Making;Pending;No;"Fails: blockchain food tracking CSR; sustainability is CSR/food safety not stable development governance";10.1108/bf-10-2020-0921;
313;Round 1;Backward;Rajalo & Vada;2021;Collaboration potential between low-capacity SMEs and academic researchers determined by symmetry of motivation;Technovation;SSCI/SCI;SMEs, University-Industry, Collaboration, Motivation;Pending;No;"Fails: SME-university collaboration; no blockchain/decentralization or sustainability-as-stability";10.1016/j.technovation.2021.102304;
314;Round 1;Backward;Rawhouser, Vismara & Kshetri;2024;Blockchain and vulnerable entrepreneurial ecosystems;Entrepreneurship & Regional Development;SSCI/SCI;Blockchain, Vulnerable Communities, Entrepreneurship, Developing Countries;High;Yes;Passes: blockchain (C1) + digital transformation of entrepreneurship (C2) + stable inclusive economic development in vulnerable contexts (C3);10.1080/08985626.2022.2162979;
315;Round 1;Backward;Rejeb, Keogh, Simske, Stafford & Treiblmaier;2021;Potentials of blockchain technologies for supply chain collaboration: a conceptual framework;The International Journal of Logistics Management;SSCI/SCI;Blockchain, Supply Chain Collaboration, Conceptual Framework;High;Yes;"Passes: blockchain (C1) + supply chain digital transformation (C2); collaborative stability framework (C3)";N/A;
316;Round 1;Backward;Riva & Riva;2019;DIH-HERO: Digital innovation hubs in health care robotics;Cyberpsychology Behavior and Social Networking;SSCI/SCI;DIH, Healthcare, Robotics, Digital Innovation;Pending;No;"Fails: healthcare robotics digital hubs; no blockchain/decentralization or sustainability-as-stability";N/A;
317;Round 1;Backward;Rolinck, Gellrich, Bode, Mennenga, Cerdas, Friedrchs & Herrmann;2021;A concept for blockchain-based LCA and its application in the context of aircraft MRO;Procedia CIRP;Unknown;Blockchain, LCA, Life Cycle Assessment, Aircraft;Pending;No;"Fails: blockchain for LCA; sustainability is ecological/lifecycle assessment";10.1016/j.procir.2021.01.123;
318;Round 1;Backward;Ronaghi & Mosakhani;2022;The effects of blockchain technology adoption on business ethics and social sustainability: Evidence from the Middle East;Environment Development and Sustainability;SSCI/SCI;Blockchain, Business Ethics, Social Sustainability, Middle East;High;Yes;Passes: blockchain (C1) + social sustainability as long-term stable development (C3) + digital transformation of business ethics (C2);10.1007/s10668-021-01729-x;
319;Round 1;Backward;Rossi, Calof, Colovic & Russo;2022;New business models for public innovation intermediaries supporting emerging innovation systems: The case of the Internet of Things;Technological Forecasting and Social Change;SSCI/SCI;Innovation Intermediaries, IoT, Business Models, Innovation Systems;Pending;No;"Fails: IoT innovation intermediaries; no blockchain/decentralization or sustainability-as-stability";10.1016/j.techfore.2021.121357;
320;Round 1;Backward;Russo, Calof, Rossi & Righi;2018;Innovation intermediaries as a response to system failures: Creating the right incentives;Geography Open Innovation and Entrepreneurship (Edward Elgar);Not indexed;Innovation Intermediaries, System Failures, Incentives;Pending;No;"Fails: innovation intermediaries/renewable energy policy; sustainability is ecological or no C1/C3";10.4337/9781786439901.00006;
321;Round 1;Backward;del Río & Bleda;2012;Comparing the innovation effects of support schemes for renewable electricity technologies: A function of innovation approach;Energy Policy;SSCI/SCI;Renewable Energy, Innovation Systems, Policy, TIS;Pending;No;"Fails: innovation intermediaries/renewable energy policy; sustainability is ecological or no C1/C3";10.1016/j.enpol.2012.07.014;
322;Round 1;Backward;Sassanelli & Terzi;2022;Building the value proposition of a digital innovation hub network to support ecosystem sustainability;Sustainability;SSCI/SCI;DIH, Value Proposition, Ecosystem, Sustainability;Pending;No;"Fails: digital innovation hub ecosystem; sustainability framed ecologically/SDG";N/A;
323;Round 1;Backward;Sassanelli & Terzi;2022;The D-BEST reference model: A flexible and sustainable support for the digital transformation of small and medium enterprises;Global Journal of Flexible Systems Management;Unknown;DIH, SMEs, Digital Transformation, D-BEST Model;Pending;No;"Fails: DIH SME digital transformation model; no blockchain/decentralization or sustainability-as-stability";N/A;
324;Round 1;Backward;Schlecht, Schneider & Buchwald;2021;The Prospective value creation potential of blockchain in business models: A Delphi study;Technological Forecasting and Social Change;SSCI/SCI;Blockchain, Value Creation, Business Models, Delphi;High;Yes;Passes: blockchain (C1) + digital business model transformation (C2) + prospective value creation as stable development (C3);N/A;
325;Round 1;Backward;De Silva, Howells & Meyer;2018;Innovation intermediaries and collaboration: Knowledge-based practices and internal value creation;Research Policy;SSCI/SCI;Innovation Intermediaries, Knowledge, Collaboration, Value Creation;Pending;No;"Fails: innovation intermediaries knowledge; no blockchain/decentralization or sustainability-as-stability";N/A;
326;Round 1;Backward;Soriano-Pinar, Díaz-Garrido & Bermejo-Olivas;2023;Digital transformation for a circular economy: Insights from co-word analysis;Journal of Technology Transfer;SSCI/SCI;Digital Transformation, Circular Economy, Co-word Analysis;Pending;No;"Fails: digital transformation for circular economy; sustainability is ecological/circular economy";10.1007/s10961-023-10041-x;
327;Round 1;Backward;de Sousa Jabbour, Jabbour, Foropon & Godinho Filho;2018;When titans meet—Can industry 4.0 revolutionise the environmentally-sustainable manufacturing wave? The role of critical success factors;Technological Forecasting and Social Change;SSCI/SCI;Industry 4.0, Sustainable Manufacturing, Critical Success Factors;Pending;No;"Fails: Industry 4.0 sustainable manufacturing/circular economy; sustainability is ecological/manufacturing";10.1016/j.techfore.2018.01.017;
328;Round 1;Backward;de Sousa Jabbour, Jabbour, Godinho Filho & Roubaud;2018;Industry 4.0 and the circular economy: A proposed research agenda and original roadmap for sustainable operations;Annals of Operations Research;SSCI/SCI;Industry 4.0, Circular Economy, Sustainable Operations, Research Agenda;Pending;No;"Fails: Industry 4.0 sustainable manufacturing/circular economy; sustainability is ecological/manufacturing";10.1007/s10479-018-2772-8;
329;Round 1;Backward;Sovacool, Turnheim, Martiskainen, Brown & Kivimaa;2020;Guides or gatekeepers? Incumbent-oriented transition intermediaries in a low-carbon era;Energy and Research & Social Science;SSCI/SCI;Transition Intermediaries, Low Carbon, Gatekeepers, Energy;Pending;No;"Fails: Industry 4.0 sustainable manufacturing/circular economy; sustainability is ecological/manufacturing";10.1016/j.erss.2020.101490;
330;Round 1;Backward;Stock & Seliger;2016;Opportunities of sustainable manufacturing in Industry 4.0;Procedia CIRP;Unknown;Sustainable Manufacturing, Industry 4.0, Circular Economy;Pending;No;"Fails: Industry 4.0 sustainable manufacturing/circular economy; sustainability is ecological/manufacturing";10.1016/j.procir.2016.01.129;
331;Round 1;Backward;Stojanova, Cvar, Verhovnik, Božić, Trilar, Kos & Stojmenova Duh;2022;Rural Digital Innovation Hubs as a Paradigm for Sustainable Business Models in Europe's Rural Areas;Sustainability;SSCI/SCI;Rural DIH, Sustainable Business Models, Europe, Agriculture;Pending;No;"Fails: rural digital innovation hubs; no blockchain/decentralization and sustainability is rural business models/ecological";N/A;
332;Round 1;Backward;Swiatek, de Beaufort & Plana;2017;The green blockchain: Managing decentralized energy production and consumption;IEEE International Conference on Environment and Electrical Engineering (EEEIC);Not indexed;Blockchain, Green Energy, Decentralized Energy, Smart Grid;Pending;No;"Fails: blockchain decentralized energy grid; sustainability is ecological/energy production";N/A;
333;Round 1;Backward;Tatarinov, Ambos & Tschang;2023;Scaling digital solutions for wicked problems: Ecosystem versatility;Journal of International Business Studies;SSCI/SCI;Digital Solutions, Scaling, Ecosystems, Wicked Problems;Pending;No;"Fails: digital solution scaling; no blockchain/decentralization or sustainability-as-stability";10.1057/s41267-022-00526-6;
334;Round 1;Backward;Thakur, Doja, Dwivedi, Ahmad & Khadanga;2020;Land records on Blockchain for implementation of land titling in India;International Journal of Information Management;SSCI/SCI;Blockchain, Land Records, India, Property Rights;High;Yes;Passes: blockchain (C1) + digital transformation of land governance (C2) + property rights stability as long-term development (C3);10.1016/j.ijinfomgt.2019.04.013;
335;Round 1;Backward;Tsolakis, Niedenzu, Simonetto, Dora & Kumar;2021;Supply network design to address United Nations Sustainable Development Goals: A case study of blockchain implementation in Thai fish industry;Journal of Business Research;SSCI/SCI;Blockchain, SDGs, Supply Network, Fish Industry, Thailand;Pending;No;"Fails: blockchain fish supply chain SDGs; sustainability is ecological/SDG framing";10.1016/j.jbusres.2020.08.003;
336;Round 1;Backward;Upadhyay, Mukhuty, Kumar & Kazancoglu;2021;Blockchain technology and the circular economy: Implications for sustainability and social responsibility;Journal of Cleaner Production;SSCI/SCI;Blockchain, Circular Economy, Sustainability, Social Responsibility;Medium;Yes;Passes: blockchain (C1) + digital transformation of sustainability practices (C2) + circular economy for stable social/economic development (C3);10.1016/j.jclepro.2021.126130;
337;Round 1;Backward;Vismara;2022;Expanding corporate finance perspectives to equity crowdfunding;The Journal of Technology Transfer;SSCI/SCI;Equity Crowdfunding, Corporate Finance, Blockchain, Technology Transfer;Low;Yes;"Passes marginally: blockchain/DLT in crowdfunding (C1) + digital transformation of corporate finance (C2); financial stability as C3 is implicit";10.1007/s10961-021-09903-z;
338;Round 1;Backward;Winch & Courtney;2007;The organization of innovation brokers: An international review;Technology Analysis & Strategic Management;SSCI/SCI;Innovation Brokers, Intermediaries, Knowledge Transfer, International;Pending;No;"Fails: innovation brokers; no blockchain/decentralization or sustainability-as-stability";10.1080/09537320701711223;
339;Round 1;Backward;Wong;2017;The UN is Using Ethereum's Technology to Fund Food for Thousands of Refugees;CoinDesk;Not indexed;Blockchain, WFP, Humanitarian Aid, Ethereum;Medium;Yes;Passes: blockchain/Ethereum (C1) + digital transformation of humanitarian aid (C2) + resilient stable development for vulnerable populations (C3);N/A;
340;Round 1;Backward;Xu, Chen & Kou;2019;A systematic review of blockchain;Financial Innovation;Unknown;Blockchain, Systematic Review, Finance, Technology;Low;Yes;"Passes marginally: blockchain systematic review (C1) + covers digital transformation of finance (C2); sustainability-as-stability implicit";10.1186/s40854-019-0147-z;
341;Round 1;Backward;Yin;2018;Case study research and applications: Design and methods;Sage Publications;Not indexed;Case Study, Research Methodology, Qualitative Research;Pending;No;"Fails: research methodology; no core RQ concepts";N/A;
342;Round 1;Backward;Zhang & Liu;2023;Innovation intermediaries: A review, bibliometric analysis, and research agenda;The Journal of Technology Transfer;SSCI/SCI;Innovation Intermediaries, Bibliometric, Review, Research Agenda;Pending;No;"Fails: innovation intermediaries review; no blockchain/decentralization or sustainability-as-stability";10.1007/s10961-023-10030-0;
343;Round 1;Backward;Zhao, Fan & Yan;2016;Overview of business innovations and research opportunities in blockchain and introduction to the special issue;Financial Innovation;Unknown;Blockchain, Business Innovation, Research, Financial;Low;Yes;"Passes marginally: blockchain (C1) + digital business innovation transformation (C2); financial stability implications (C3) implicit";10.1186/s40854-016-0049-2;
344;Round 1;Backward;Vrabie;2016;Elemente de E-Guvernare [Elements of E-Government];Pro Universitaria;Not indexed;E-Government, Public Administration;Pending;No;"Fails: e-government grey literature (book/report); not peer-reviewed journal";N/A;
345;Round 1;Backward;Porumbescu, Vrabie, Ahn & Im;2012;Factors Influencing the Success of Participatory E-Government Applications in Romania and South Korea;Korean Journal of Policy Studies;Unknown;E-Government, Citizen Participation, Romania, South Korea;Pending;No;"Fails: e-government grey literature (book/report); not peer-reviewed journal";N/A;
346;Round 1;Backward;European Commission;2022;eGovernment and Digital Public Services;European Commission;Not indexed;E-Government, Digital Public Services;Pending;No;"Fails: e-government grey literature; not peer-reviewed journal";N/A;
347;Round 1;Backward;Vlahovic & Vracic;2015;An Overview of E-Government 3.0 Implementation;IGI Global;Not indexed;E-Government 3.0, Implementation;Pending;No;"Fails: e-government 3.0 overview; likely grey literature/non-peer-reviewed source";N/A;
348;Round 1;Backward;Jun & Chung;2016;Big data analysis of local government 3.0: Focusing on Gyeongsangbuk-do in Korea;Technology Forecasting and Social Change;Unknown;Big Data, Local Government, E-Government 3.0;Pending;No;"Fails: local government big data e-government; sustainability-as-stability absent and C1 absent";10.1016/j.techfore.2015.05.003;
349;Round 1;Backward;Terzi, Votis, Tzovaras, Stamelos & Cooper;2019;Blockchain 3.0 Smart Contracts in E-Government 3.0 Applications;arXiv;Not indexed;Blockchain, Smart Contracts, E-Government 3.0;High;Yes;Passes: blockchain/smart contracts (C1) + e-government digital transformation (C2) + governance stability development (C3);arXiv:1910.06092;
350;Round 1;Backward;European Commission;2023;Public Administration and Governance in the EU;European Commission;Not indexed;Public Administration, Governance, EU;Pending;No;"Fails: public administration/e-government without blockchain/decentralization; C1 absent";N/A;
351;Round 1;Backward;Twizeyimana & Andersson;2019;The public value of E-Government—A literature review;Government Information Quarterly;SSCI/SCI;E-Government, Public Value, Literature Review;Pending;No;"Fails: public administration/e-government without blockchain/decentralization; C1 absent";N/A;
352;Round 1;Backward;Vrabie;2011;Digital Governance (in Romanian Municipalities). A Longitudinal Assessment of Municipal Web Sites in Romania;European Integration Realities and Perspectives;Unknown;Digital Governance, Romanian Municipalities;Pending;No;"Fails: public administration/e-government without blockchain/decentralization; C1 absent";N/A;
353;Round 1;Backward;Invest Brasov;2022;Brasov–Best Smart City Project Award;Invest Brasov;Not indexed;Smart City, Brasov;Pending;No;"Fails: smart city awards (grey literature); not peer-reviewed journal";N/A;
354;Round 1;Backward;SCIA;2022;Campionii Industriei Smart City;Romanian Association for Smart Cities;Not indexed;Smart City, Romania;Pending;No;"Fails: smart city awards (grey literature); not peer-reviewed journal";N/A;
355;Round 1;Backward;Vrabie;2022;Artificial Intelligence Promises to Public Organizations and Smart Cities;Springer International Publishing;Not indexed;AI, Public Organizations, Smart Cities;Pending;No;"Fails: AI smart cities governance; no blockchain/decentralization (C1)";N/A;
356;Round 1;Backward;Vrabie;2011;Digital Governance (in Romanian Municipalities) and Its Relation with the IT Education;NISPAcee PRESS;Not indexed;Digital Governance, IT Education, Romania;Pending;No;"Fails: digital governance IT education; no blockchain/decentralization";N/A;
357;Round 1;Backward;Hashem, Usmani, Almutairi, Ibrahim, Zakari, Alotaibi, Alhashmi & Chiroma;2023;Urban Computing for Sustainable Smart Cities: Recent Advances, Taxonomy, and Open Research Challenges;Sustainability;SSCI/SCI;Urban Computing, Smart Cities, Sustainability;Pending;No;"Fails: urban computing smart cities; no blockchain/decentralization and sustainability framing unclear/ecological";N/A;
358;Round 1;Backward;Zhao, Zhang, Iftikhar, Ullah, Mao & Wang;2022;Dynamic Influence of Digital and Technological Advancement on Sustainable Economic Growth in Belt and Road Initiative (BRI) Countries;Sustainability;SSCI/SCI;Digital Advancement, Sustainable Economic Growth, BRI;High;Yes;"Passes: digital/technological advancement (C2) + sustainable economic growth as stable long-term development (C3); BRI context";N/A;
359;Round 1;Backward;Bonnell;2023;In Business We Trust. People Trust Businesses More Than Governments, Nonprofits, Media: Survey;Associated Press;Not indexed;Trust, Business, Government;Pending;No;"Fails: trust survey; no blockchain/decentralization or digital transformation";N/A;
360;Round 1;Backward;Vangelov;2023;Ambient Advertising in Metaverse Smart Cities;SCRD Journal;Unknown;Metaverse, Smart Cities, Advertising;Pending;No;"Fails: metaverse advertising; no decentralization/DLT or sustainability-as-stability";N/A;
361;Round 1;Backward;Iancu & Ungureanu;2010;Depoliticizing the Civil Service: A critical review of the public administration reform in Romania;Research in Social Change;Unknown;Civil Service, Public Administration Reform, Romania;Pending;No;"Fails: Romania public administration; no blockchain/decentralization and digital transformation is marginal";N/A;
362;Round 1;Backward;Vrabie;2016;Informing citizens, building trust and promoting discussion;Global Journal of Sociology;Unknown;Citizen Communication, Trust, E-Government;Pending;No;"Fails: Romania public administration; no blockchain/decentralization and digital transformation is marginal";N/A;
363;Round 1;Backward;Iancu;2013;European compliance and politicization of public administration in Romania;Innovation Issues and Approaches in Social Sciences;Unknown;Public Administration, Romania, European Compliance;Pending;No;"Fails: Romania public administration; no blockchain/decentralization and digital transformation is marginal";N/A;
364;Round 1;Backward;Hamrouni, Bourouis, Korichi & Brahmi;2021;Explainable Ontology-Based Intelligent Decision Support System for Business Model Design and Sustainability;Sustainability;SSCI/SCI;Decision Support, Ontology, AI, Sustainability;Pending;No;"Fails: AI ontology decision support; no blockchain/decentralization and sustainability framing unclear for stable development";N/A;
365;Round 1;Backward;Chen, Ahn & Wang;2023;Artificial Intelligence and Public Values: Value Impacts and Governance in the Public Sector;Sustainability;SSCI/SCI;AI, Public Values, Governance;Pending;No;"Fails: AI in public governance; no blockchain/decentralization (C1)";N/A;
366;Round 1;Backward;Noordt & Misuraca;2022;Artificial intelligence for the public sector: Results of landscaping the use of AI in government across the European Union;Government Information Quarterly;SSCI/SCI;AI, Public Sector, EU, Government;Pending;No;"Fails: AI in public governance; no blockchain/decentralization (C1)";10.1016/j.giq.2022.101714;
367;Round 1;Backward;Reis, Santo & Melão;2019;Artificial Intelligence in Government Services: A systematic literature review;Springer Nature;Unknown;AI, Government Services, Literature Review;Pending;No;"Fails: AI in public governance; no blockchain/decentralization (C1)";N/A;
368;Round 1;Backward;Thakhathi & Langa;2022;The role of smart cities to promote smart governance in municipalities;SCRD Journal;Unknown;Smart Cities, Smart Governance, Municipalities;Pending;No;"Fails: smart city governance; no blockchain/decentralization (C1)";N/A;
369;Round 1;Backward;KPMG;2019;Manage the Effects of Robotic Process Automation to Enable a Future-Proof Workforce;KPMG Advisory;Not indexed;RPA, Workforce, Automation;Pending;No;"Fails: AI/automation in public sector; no blockchain/decentralization (C1)";N/A;
370;Round 1;Backward;Sánchez, Rodríguez & Espitia;2020;Review of Artificial Intelligence Applied in Decision-Making Processes in Agricultural Public Policy;Processes;SSCI/SCI;AI, Decision-Making, Agricultural Policy;Pending;No;"Fails: AI/automation in public sector; no blockchain/decentralization (C1)";N/A;
371;Round 1;Backward;Schachtner;2021;Smart government in local adoption—Authorities in strategic change through AI;SCRD Journal;Unknown;Smart Government, AI, Local Authorities;Pending;No;"Fails: AI/automation in public sector; no blockchain/decentralization (C1)";N/A;
372;Round 1;Backward;Etscheid;2019;Artificial Intelligence in Public Administration;Springer;Not indexed;AI, Public Administration;Pending;No;"Fails: AI/automation in public sector; no blockchain/decentralization (C1)";N/A;
373;Round 1;Backward;Kolkman;2020;The usefulness of algorithmic models in policy making;Government Information Quarterly;SSCI/SCI;Algorithms, Policy Making, Decision Support;Pending;No;"Fails: AI/automation in public sector; no blockchain/decentralization (C1)";10.1016/j.giq.2020.101488;
374;Round 1;Backward;Ibtissem, Mohsen & Jaleleddine;2018;Quantitative relationship between corruption and development of the Tunisian stock market;Public and Municipal Finance;Unknown;Corruption, Governance, Stock Market;Pending;No;"Fails: corruption and governance; no digital transformation or blockchain/decentralization";N/A;
375;Round 1;Backward;Munshi, Mehra & Choudhury;2021;LexRank Algorithm: Application in Emails and Comparative Analysis;International Journal of New Technologies and Research;Unknown;LexRank, NLP, Text Summarization;Pending;No;"Fails: NLP algorithm; no core RQ concepts";N/A;
376;Round 1;Backward;Zalwert;2021;LexRank Algorithm Explained: A Step-by-Step Tutorial with Examples;Medium/Towards Data Science;Not indexed;LexRank, NLP, Algorithm;Pending;No;"Fails: NLP algorithm; no core RQ concepts";N/A;
377;Round 1;Backward;Scholl & Rodríguez Bolívar;2019;Regulation as both enabler of technology use and global competitive tool: The Gibraltar case;Government Information Quarterly;SSCI/SCI;Regulation, Technology, E-Government;Pending;No;"Fails: regulation and e-government; no blockchain/decentralization (C1)";N/A;
378;Round 1;Backward;Vrabie & Dumitrascu;2018;Smart Cities: De la Idee la Implementare;Universul Academic;Not indexed;Smart Cities, Implementation;Pending;No;"Fails: smart cities book (grey literature); not peer-reviewed journal";N/A;
379;Round 1;Backward;Timan, Veenstra & Bodea;2021;Artificial Intelligence and Public Services;European Parliament;Not indexed;AI, Public Services;Pending;No;"Fails: AI public services; no blockchain/decentralization (C1) and sustainability-as-stability absent";N/A;
380;Round 1;Backward;Wu, Wang, Qing & Li;2021;Reinforced Transformer with Cross-Lingual Distillation for Cross-Lingual Aspect Sentiment Classification;Electronics;SSCI/SCI;NLP, Sentiment Analysis, Transformer;Pending;No;"Fails: NLP/ML technical paper; no core RQ concepts";N/A;
381;Round 1;Backward;Mehr;2017;Artificial Intelligence for Citizen Services and Government;Harvard Ash Center;Not indexed;AI, Citizen Services, Government;Pending;No;"Fails: AI public services; no blockchain/decentralization (C1) and sustainability-as-stability absent";N/A;
382;Round 1;Backward;Reshi et al.;2022;COVID-19 Vaccination-Related Sentiments Analysis: A Case Study Using Worldwide Twitter Dataset;Healthcare;SSCI/SCI;Sentiment Analysis, COVID-19, Twitter;Pending;No;"Fails: sentiment analysis / COVID / human rights; no core RQ concepts";N/A;
383;Round 1;Backward;Alabrah et al.;2022;Gulf Countries' Citizens' Acceptance of COVID-19 Vaccines—A Machine Learning Approach;Mathematics;SSCI/SCI;Machine Learning, COVID-19, Vaccines;Pending;No;"Fails: sentiment analysis / COVID / human rights; no core RQ concepts";N/A;
384;Round 1;Backward;Zschirnt;2021;Justice for All in the Americas? A Quantitative Analysis of Admissibility Decisions in the Inter-American Human Rights System;Laws;Unknown;Human Rights, Quantitative Analysis;Pending;No;"Fails: sentiment analysis / COVID / human rights; no core RQ concepts";N/A;
385;Round 1;Backward;Kleinberg;1999;Authoritative Sources in a Hyperlinked Environment;Journal of the ACM;SSCI/SCI;Hyperlinks, Authority, Hubs, Algorithm;Pending;No;"Fails: hyperlink authority / semantic e-government; no blockchain/decentralization or sustainability-as-stability";N/A;
386;Round 1;Backward;Hreno, Bednar, Furdik & Sabol;2011;Integration of Government Services using Semantic Technologies;Journal of Theoretical and Applied Electronic Commerce Research;Unknown;E-Government, Semantic Technologies, Interoperability;Pending;No;"Fails: hyperlink authority / semantic e-government; no blockchain/decentralization or sustainability-as-stability";N/A;
387;Round 1;Backward;Piaggesi;2021;Hyper Connectivity as a Tool for the Development of the Majority;International Journal of Hyperconnectivity and the Internet of Things;Unknown;Hyperconnectivity, E-Government 3.0, Development;Pending;No;"Fails: hyperconnectivity e-government; no blockchain/decentralization (C1)";N/A;
388;Round 1;Backward;Verma;2022;Sentiment analysis of public services for smart society: Literature review and future research directions;Government Information Quarterly;SSCI/SCI;Sentiment Analysis, Public Services, Smart Society;Pending;No;"Fails: sentiment analysis/NLP/AI; no core RQ concepts";10.1016/j.giq.2022.101708;
389;Round 1;Backward;Chui, Harrysson, Manyika, Roberts, Chung, Nel & Heteren;2018;Applying Artificial Intelligence for Social Good;McKinsey Global Institute;Not indexed;AI, Social Good, Technology;Pending;No;"Fails: sentiment analysis/NLP/AI; no core RQ concepts";N/A;
390;Round 1;Backward;Madan & Ashok;2023;AI adoption and diffusion in public administration: A systematic literature review and future research agenda;Government Information Quarterly;SSCI/SCI;AI Adoption, Public Administration, Systematic Review;Pending;No;"Fails: AI adoption public administration; no blockchain/decentralization and sustainability-as-stability absent";10.1016/j.giq.2023.101774;
391;Round 1;Backward;Ahn & Chen;2022;Digital transformation toward AI-augmented public administration: The perception of government employees and the willingness to use AI in government;Government Information Quarterly;SSCI/SCI;AI, Public Administration, Digital Transformation;Pending;No;"Fails: AI-augmented public administration digital transformation; no blockchain/decentralization and sustainability-as-stability absent";10.1016/j.giq.2022.101664;
392;Round 1;Backward;Kumari, Agarwal & Mittal;2021;A Deep Neural Network Model for Cross-Domain Sentiment Analysis;International Journal of Information Systems and Model Design;Unknown;Deep Learning, Sentiment Analysis, NLP;Pending;No;"Fails: sentiment analysis/NLP/AI; no core RQ concepts";N/A;
393;Round 1;Backward;Lu, Hu & Xue;2022;Dual-Word Embedding Model Considering Syntactic Information for Cross-Domain Sentiment Classification;Mathematics;SSCI/SCI;Word Embedding, Sentiment Classification, NLP;Pending;No;"Fails: sentiment analysis/NLP/AI; no core RQ concepts";10.3390/math10244704;
394;Round 1;Backward;Yu, Lu, Cai & Xue;2022;A KGE Based Knowledge Enhancing Method for Aspect-Level Sentiment Classification;Mathematics;SSCI/SCI;Knowledge Graph, Sentiment Classification, NLP;Pending;No;"Fails: sentiment analysis/NLP/AI; no core RQ concepts";10.3390/math10213908;
395;Round 1;Backward;Eom & Lee;2022;Digital government transformation in turbulent times: Responses, challenges, and future direction;Government Information Quarterly;SSCI/SCI;Digital Government, Transformation, Challenges;Pending;No;"Fails: digital government transformation; no blockchain/decentralization (C1)";10.1016/j.giq.2022.101690;
396;Round 1;Backward;Zankova;2021;Smart societies, gender and the 2030 spotlight—Are we prepared;SCRD Journal;Unknown;Smart Society, Gender, Sustainable Development;Pending;No;"Fails: smart society gender SDG; no blockchain/decentralization (C1)";N/A;
397;Round 1;Backward;Chui, Roberts & Yee;2022;Generative AI is Here: How Tools Like ChatGPT Could Change Your Business;McKinsey & Company;Not indexed;Generative AI, ChatGPT, Business;Pending;No;"Fails: generative AI/ChatGPT/cloud tools; no core RQ concepts";N/A;
398;Round 1;Backward;Ng;2018;AI Is the New Electricity;O'Reilly Media;Not indexed;AI, Technology, Innovation;Pending;No;"Fails: generative AI/ChatGPT/cloud tools; no core RQ concepts";N/A;
399;Round 1;Backward;Google;2023;Google Colaboratory;Google;Not indexed;Machine Learning, Python, Cloud Computing;Pending;No;"Fails: generative AI/ChatGPT/cloud tools; no core RQ concepts";N/A;
400;Round 1;Backward;Google Research;2020;BERT;GitHub/Google Research;Not indexed;NLP, BERT, Text Analysis;Pending;No;"Fails: NLP/ML technical paper; no core RQ concepts";N/A;
401;Round 1;Backward;Silipo & Melcher;2019;Text Encoding: A Review;Towards Data Science;Not indexed;Text Encoding, NLP, Index-Based Encoding;Pending;No;"Fails: NLP/ML technical paper; no core RQ concepts";N/A;
402;Round 1;Backward;Kameni, Flambeau, Tsopze & Tchuente;2021;Explainable Deep Neural Network for Skills Prediction from Resumes;ResearchGate;Unknown;Deep Learning, NLP, Skills Prediction;Pending;No;"Fails: NLP/ML technical paper; no core RQ concepts";N/A;
403;Round 1;Backward;DreamQuark;2019;TabNet: Attentive Interpretable Tabular Learning;arXiv;Not indexed;TabNet, Machine Learning, Tabular Data;Pending;No;"Fails: NLP/ML technical paper; no core RQ concepts";arXiv:1908.07442;
404;Round 1;Backward;TensorFlow;2023;Deep Playground;GitHub/TensorFlow;Not indexed;Neural Networks, Visualization, TensorFlow;Pending;No;"Fails: NLP/ML technical paper; no core RQ concepts";N/A;
405;Round 1;Backward;Brynjolfsson & McAfee;2017;The business of artificial intelligence;Harvard Business Review;Unknown;AI, Business, Automation;Pending;No;"Fails: NLP/ML technical paper; no core RQ concepts";N/A;
406;Round 1;Backward;Davenport & Ronanki;2018;Artificial intelligence for the real world;Harvard Business Review;Unknown;AI, Real World Applications, Business;Pending;No;"Fails: NLP/ML technical paper; no core RQ concepts";N/A;
407;Round 1;Backward;Schrage;2018;The key to winning with AI: Improve your workflow—Not your algorithm;MIT Sloan Management Review;Unknown;AI, Workflow, Algorithm;Pending;No;"Fails: NLP/ML technical paper; no core RQ concepts";N/A;
408;Round 1;Backward;Vrabie;2022;Smart-EDU Hub;Smart Cities International Conference (SCIC);Not indexed;Smart Cities, Education, E-Government;Pending;No;"Fails: NLP/ML technical paper; no core RQ concepts";N/A;
409;Round 1;Backward;OpenAI;2022;Introducing ChatGPT;OpenAI;Not indexed;ChatGPT, NLP, Generative AI;Pending;No;"Fails: NLP/ML technical paper; no core RQ concepts";N/A;
410;Round 1;Backward;Sutskever;2023;Fireside Chat with Ilya Sutskever and Jensen Huang: AI Today and Vision of the Future;Stanford University;Not indexed;AI, Deep Learning, Future of AI;Pending;No;"Fails: NLP/ML technical paper; no core RQ concepts";N/A;
411;Round 1;Backward;Akyurek, Schuurmans, Andreas, Ma & Zhou;2022;What learning algorithm is in-context learning? Investigations with linear models;arXiv;Not indexed;In-Context Learning, Machine Learning, Linear Models;Pending;No;"Fails: NLP/ML technical paper; no core RQ concepts";arXiv:2211.15661;
412;Round 1;Backward;Flender;2022;Deploying Your Machine Learning Model Is Just the Beginning;Towards Data Science;Not indexed;Machine Learning, Deployment, Precision, Recall;Pending;No;"Fails: NLP/ML technical paper; no core RQ concepts";N/A;
413;Round 1;Backward;Alcott;2005;Jevons' paradox;Ecological Economics;SSCI/SCI;Jevons Paradox, Efficiency, Resource Use;Pending;No;"Fails: Jevons paradox/energy efficiency; sustainability is ecological/energy and no digital transformation or decentralization";N/A;
414;Round 1;Backward;Sorrell;2009;Jevons' Paradox revisited: The evidence for backfire from improved energy efficiency;Energy Policy;SSCI/SCI;Jevons Paradox, Energy Efficiency, Rebound Effect;Pending;No;"Fails: Jevons paradox/energy efficiency; sustainability is ecological/energy and no digital transformation or decentralization";N/A;
415;Round 1;Backward;Fich, Viola & Bentsen;2022;Jevons Paradox: Sustainable Development Goals and Energy Rebound in Complex Economic Systems;Energies;SSCI/SCI;Jevons Paradox, Sustainable Development, Energy;Pending;No;"Fails: Jevons paradox/energy efficiency; sustainability is ecological/energy and no digital transformation or decentralization";N/A;
416;Round 1;Backward;OpenAI;2023;GPT-4 Is OpenAI's Most Advanced System, Producing Safer and More Useful Responses;OpenAI;Not indexed;GPT-4, NLP, Generative AI;Pending;No;"Fails: NLP/sentiment analysis/AI tools; no core RQ concepts";N/A;
417;Round 1;Backward;Barnhart;2019;The Importance of Social Media Sentiment Analysis (and How to Conduct It);Sprout Social;Not indexed;Social Media, Sentiment Analysis;Pending;No;"Fails: NLP/sentiment analysis/AI tools; no core RQ concepts";N/A;
418;Round 1;Backward;Dabhade;2021;Conducting Social Media Sentiment Analysis: A Working Example;Express Analytics;Not indexed;Social Media, Sentiment Analysis;Pending;No;"Fails: NLP/sentiment analysis/AI tools; no core RQ concepts";N/A;
419;Round 1;Backward;LeaveBoard;2023;Zile Lucratoare 2022;LeaveBoard;Not indexed;Working Days, Romania;Pending;No;"Fails: NLP/sentiment analysis/AI tools; no core RQ concepts";N/A;
420;Round 1;Backward;Ilyas, Santurkar, Tsipras, Engstrom, Tran & Madry;2019;Adversarial Examples Are Not Bugs, They Are Features;NeurIPS 2019;Not indexed;Adversarial Examples, Machine Learning, AI Robustness;Pending;No;"Fails: NLP/sentiment analysis/AI tools; no core RQ concepts";N/A;
421;Round 1;Backward;Neagu, Rus, Grec, Boroianu, Bogdan & Gal;2022;Towards Sentiment Analysis for Romanian Twitter Content;Algorithms;SSCI/SCI;Sentiment Analysis, Romanian Language, Twitter;Pending;No;"Fails: NLP/sentiment analysis/AI tools; no core RQ concepts";N/A;
422;Round 1;Backward;Cioban;2021;Cross-Domain Sentiment Analysis of the Natural Romanian Language;Springer Link;Not indexed;Sentiment Analysis, Romanian Language, NLP;Pending;No;"Fails: NLP/sentiment analysis/AI tools; no core RQ concepts";N/A;
423;Round 1;Backward;Keras;2023;ResNet and ResNetV2;Keras Documentation;Not indexed;ResNet, Deep Learning, Neural Networks;Pending;No;"Fails: NLP/sentiment analysis/AI tools; no core RQ concepts";N/A;
424;Round 1;Backward;Sazzed & Jayarathna;2021;SSentiA: A Self-supervised Sentiment Analyzer for classification from unlabeled data;Machine Learning with Applications;Unknown;Sentiment Analysis, Self-Supervised Learning, NLP;Pending;No;"Fails: NLP/sentiment analysis/AI tools; no core RQ concepts";N/A;
425;Round 1;Forward;Ajayi, Alozie, Abieba;2025;Enhancing cybersecurity in energy infrastructure: Strategies for safeguarding critical systems in the digital age;Trends in Renewable Energy;Google Scholar;;Low;No;"Fails: cybersecurity in energy infrastructure; sustainability is technical/ecological; no decentralization or institutional stability";N/A;
426;Round 1;Forward;Onukwulu, Fiemotongha, Igwe et al.;2023;The role of blockchain and AI in the future of energy trading: A technological perspective on transforming the oil & gas industry by 2025;Methodology;Google Scholar;;Low;No;"Fails: journal 'Methodology' unrecognized/not indexed; topic potentially relevant but source unverifiable";N/A;
427;Round 1;Forward;Zhang, Jia, Chen et al.;2025;Deep learning-based real-time data quality assessment and anomaly detection for large-scale distributed data streams;International Journal of Medical and All Body Health Research;Google Scholar;;Low;No;"Fails: medical data quality/anomaly detection; no relevant core concepts";N/A;
428;Round 1;Forward;Forkuo, Nihi, Ojo et al.;2025;A conceptual model for geospatial analytics in disease surveillance and epidemiological forecasting;International Medical Science Research Journal;Google Scholar;;Low;No;"Fails: disease surveillance/epidemiology; no relevant core concepts";N/A;
429;Round 1;Forward;Daramola, Apeh, Basiru et al.;2024;Environmental law and corporate social responsibility: Assessing the impact of legal frameworks on circular economy practices;International Journal of Social Science Exceptional Research;Google Scholar;;Low;No;"Fails: environmental law/CSR; sustainability framed as ecological/compliance";N/A;
430;Round 1;Forward;Collins, Hamza, Eweje et al.;2024;Integrating 5G core networks with business intelligence platforms: Advancing data-driven decision-making;International Journal of Multidisciplinary Research and Growth Evaluation;Google Scholar;;Low;No;"Fails: 5G networks and business intelligence; lacks decentralization and stability-as-governance";N/A;
431;Round 1;Forward;Daramola, Apeh, Basiru et al.;2025;Sustainable packaging operations: Balancing cost, functionality, and environmental concerns;International Journal of Social Science Exceptional Research;Google Scholar;;Low;No;"Fails: sustainable packaging operations; sustainability is ecological/operational";N/A;
432;Round 1;Forward;Onukwulu, Fiemotongha, Igwe et al.;2024;Strategic contract negotiation in the oil and gas sector: approaches to securing high-value deals and long-term partnerships;Journal of Advance Multidisciplinary Research;Google Scholar;;Low;No;"Fails: contract negotiation in oil/gas; no decentralization or institutional stability";N/A;
433;Round 1;Forward;Hamza, Collins, Eweje et al.;2024;Advancing data migration and virtualization techniques: ETL-driven strategies for Oracle BI and Salesforce integration in agile environments;International Journal of Multidisciplinary Research and Growth Evaluation;Google Scholar;;Low;No;"Fails: data migration/ETL techniques; pure technical IT";N/A;
434;Round 1;Forward;Al‐Shetwi, Atawi, El‐Hameed et al.;2025;Digital Twin Technology for Renewable Energy, Smart Grids, Energy Storage and Vehicle‐to‐Grid Integration: Advancements, applications, key players, challenges and future perspectives in modernising sustainable grids;IET Smart Grid;Google Scholar;;Low;No;"Fails: Digital Twin for renewable energy/smart grids; sustainability is ecological/technical";N/A;
435;Round 1;Forward;Alonge, Eyo-Udo, Chibunna et al.;2024;A predictive analytics model for optimizing cash flow management in multi-location and global business enterprises;Journal details pending;Google Scholar;;Low;No;"Fails: cash flow management/predictive analytics; no relevant core concepts";N/A;
436;Round 1;Forward;Ogunwole, Onukwulu, Joel et al.;2024;Digital Transformation in Supply Chain Management: Leveraging Blockchain for Transparency and Sustainability;Iconic Research and Engineering Journals;Google Scholar;;Low;No;"Fails: blockchain in supply chain; lacks explicit sustainability-as-stability; Iconic Research and Engineering Journals not indexed";N/A;
437;Round 1;Forward;Oso, Alli, Babarinde et al.;2025;Blended financing models for healthcare development: Unlocking capital for sustainable infrastructure in frontier markets;International Journal of Management and Organizational Research;Google Scholar;;Low;No;"Fails: healthcare development financing; no relevant core concepts";N/A;
438;Round 1;Forward;Ibeh, Oso, Alli et al.;2025;Scaling healthcare startups in emerging markets: A platform strategy for growth and impact';International Journal of Advanced Multidisciplinary Research and Studies;Google Scholar;;Low;No;"Fails: healthcare startups in emerging markets; no relevant core concepts";N/A;
439;Round 1;Forward;Fredson, Adebisi, Ayorinde et al.;2024;Modernizing corporate governance through advanced procurement practices: A comprehensive guide to compliance and operational excellence;International Journal of Judicial Law;Google Scholar;;Low;No;"Fails: corporate governance through procurement; lacks DT and decentralization linkage to stability";N/A;
440;Round 1;Forward;Oso, Alli, Babarinde et al.;2025;Impact-driven healthcare investments: A conceptual framework for deploying capital and technology in frontier markets';International Journal of Multidisciplinary Research and Growth Evaluation;Google Scholar;;Low;No;"Fails: healthcare investments framework; no relevant core concepts";N/A;
441;Round 1;Forward;Oso, Alli, Babarinde et al.;2025;Navigating cross-border healthcare investments: A risk-opportunity model for emerging markets;Engineering and Technology Journal;Google Scholar;;Low;No;"Fails: cross-border healthcare investments; no relevant core concepts";N/A;
442;Round 1;Forward;Okoli, Merotiwon, Akomolafe et al.;2025;A digital health equity model for bridging gaps in telehealth access for pediatric behavioral disorders;Shodhshauryam International Scientific Refereed Research Journal;Google Scholar;;Low;No;"Fails: digital health equity/telehealth; no decentralization; sustainability not as stability";N/A;
443;Round 1;Forward;Oso, Alli, Babarinde et al.;2025;Private equity and value creation in healthcare: A strategic model for emerging markets';International Journal of Medical and All Body Health Research;Google Scholar;;Low;No;"Fails: private equity and value creation in healthcare; no relevant core concepts";N/A;
444;Round 1;Forward;Fidel-Anyana, Onus, Mikel-Olisa et al.;2025;AI-driven cybersecurity frameworks for SME development: Mitigating risks in a digital economy;International Journal of Multidisciplinary Research and Growth Evaluation;Google Scholar;;Low;No;"Fails: AI-driven cybersecurity for SME development; no decentralization or stability governance";N/A;
445;Round 1;Forward;Fredson, Adebisi, Ayorinde et al.;2025;Building resilient supply chains in emerging markets: sustainable procurement and stakeholder engagement strategies;World Scientific News;Google Scholar;;Low;No;"Fails: resilient supply chains in emerging markets; sustainability framed as operational/environmental";N/A;
446;Round 1;Forward;Oyenuga, Sam-Bulya, Attah;2025;Enhancing climate resilience and profitability in medicinal herb farming systems;International Journal of Multidisciplinary Research and Growth Evaluation;Google Scholar;;Low;No;"Fails: climate resilience in medicinal plants; sustainability is ecological";N/A;
447;Round 1;Forward;Chukwuma-Eke, Ogunsola, Isibor;2025;Developing financial inclusion strategies through technology and policy to improve energy access for underserved communities;"International Journal of Scientific Research in Science; Engineering and Technology";Google Scholar;;Low;No;"Fails: financial inclusion through technology; journal not recognized as indexed peer-reviewed";N/A;
448;Round 1;Forward;Collins, Hamza, Eweje et al.;2024;Challenges and solutions in data governance and privacy: A conceptual model for telecom and business intelligence systems;Telecom and Business Intelligence Journal;Google Scholar;;Low;No;"Fails: data governance and privacy; lacks decentralization and stability-as-governance";N/A;
449;Round 1;Forward;Chibunna, Hamza, Collins et al.;2024;The Intersection of AI and Digital Transformation: A Roadmap for Public and Private Sector Business Innovation;Digital Innovation Quarterly;Google Scholar;;Low;No;"Fails: Digital Innovation Quarterly not indexed; no decentralization dimension";N/A;
450;Round 1;Forward;Okoli, Akomolafe, Merotiwon et al.;2025;A trauma-informed care framework for early childhood behavioral interventions in underserved communities;International Journal of Scientific Research in Science and Technology;Google Scholar;;Low;No;"Fails: trauma-informed care in early childhood; no relevant core concepts";N/A;
451;Round 1;Forward;Aigbedion, Ayorinde, Adebisi;2025;Leadership and organizational change in high-risk industries: A model for managing engineering change in oil and gas operations;Gulf Journal of Advance Business Research;Google Scholar;;Low;No;"Fails: leadership and organizational change; no decentralization or digital transformation";N/A;
452;Round 1;Forward;Zhukabayeva, Baumuratova, Zholshiyeva et al.;2025;Digital transformation in higher education: Toward a national model of digital university in Kazakhstan through global and local comparison;Sustainability;Google Scholar;;High;Yes;"C2+C3: digital transformation in higher education; sustainability as stable national development framework; Sustainability (SSCI)";N/A;
453;Round 1;Forward;Augustine, Akomolafe, Merotiwon et al.;2025;A holistic approach to trauma-informed education: A conceptual model for addressing behavioral challenges;Shodhshauryam International Scientific Refereed Research Journal;Google Scholar;;Low;No;"Fails: trauma-informed education; no relevant core concepts";N/A;
454;Round 1;Forward;Fiemotongha, Igwe, Ewim et al.;2025;Global Regulatory Compliance and Its Impact on Trading Efficiency: Key Best Practices for Oil and Gas Traders in the 21st Century;International Journal of Scientific Research in Science and Technology;Google Scholar;;Low;No;"Fails: global regulatory compliance and trading efficiency; no decentralization or DT-stability link";N/A;
455;Round 1;Forward;Okoli, Merotiwon, Akomolafe et al.;2024;A Public Health Analytics Framework for Addressing Autism Disparities in the US;N/A;Google Scholar;;Low;No;"Fails: public health analytics for autism; no relevant core concepts";N/A;
456;Round 1;Forward;Aigbedion, Ayorinde, Adebisi;2025;Energy economics and process optimization: A model for sustainable LNG production;World Scientific News WSN;Google Scholar;;Low;No;"Fails: energy economics and process optimization; sustainability is technical/operational";N/A;
457;Round 1;Forward;Almaqtari, Al Sinawi, Elmashtawy et al.;2025;The Relationship Between IT Governance, Digital Financial Transformation, and Economic Sustainability Performance;Administrative Sciences;Google Scholar;;High;Yes;"C1+C2+C3: IT governance, digital financial transformation, and organizational sustainability; Administrative Sciences (SSCI/Scopus)";N/A;
458;Round 1;Forward;Okoli, Akomolafe, Merotiwon;2024;A Policy and Practice Framework for Community-Led Interventions to Prevent Child Abuse and Neglect;N/A;Google Scholar;;Low;No;"Fails: community-led intervention policy; no relevant core concepts";N/A;
459;Round 1;Forward;Pujisari, Vidyaningrum, Susliyanti et al.;2025;Role of Environmental Dynamics in Moderating the Influence of Digital Leadership, Digital Transformation, and Digital Innovation on the Financial Performance of the Indonesian Energy Sector;Amkop Management Accounting Review (AMAR);Google Scholar;;Low;No;"Fails: environmental dynamics moderating influence; sustainability likely ecological";N/A;
460;Round 1;Forward;Okoli, Merotiwon, Akomolafe et al.;2025;A Social Work and Data-Driven Framework for Enhancing Autism Care in Marginalized Communities;International Journal of Scientific Research in Science and Technology;Google Scholar;;Low;No;"Fails: social work and autism framework; no relevant core concepts";N/A;
461;Round 1;Forward;Abioye, Usiagu, Ihwughwavwe et al.;2024;Green Consumerism and the Paradox of Choice: Do Eco-Labels Drive Sustainable Behavior;N/A;Google Scholar;;Low;No;"Fails: green consumerism/eco-labels; sustainability is ecological; journal N/A";N/A;
462;Round 1;Forward;Khalifa;2026;Digital Manufacturing Toward Sustainability;Materials, Techniques, and Ecological Impact of Sustainable Prototyping;Google Scholar;;Low;No;"Fails: digital manufacturing; sustainability is ecological/technical; journal record unclear";N/A;
463;Round 1;Forward;Oteri, Onukwulu, Igwe et al.;2024;NOT OBTAINED;International Journal of Social Science Exceptional Research;Google Scholar;;Low;No;"Fails: title unresolvable; cannot screen";NOT OBTAINED;
464;Round 1;Forward;Nwokediegwu, Bankole, Okiye;2025;A Design-To-Fabrication Workflow for 3D Printing Reinforced Architectural Beams and Façade Panels;Engineering and Technology Journal;Google Scholar;;Low;No;"Fails: 3D printing reinforced materials; pure engineering";10.47191/etj/v10i08.11;
465;Round 1;Forward;Okoli, Akomolafe, Merotiwon et al.;2025;NOT OBTAINED;Shodhshauryam International Scientific Refereed Research Journal;Google Scholar;;Low;No;"Fails: title unresolvable; cannot screen";NOT OBTAINED;
466;Round 1;Forward;Ogunsola, Adenuga, Nnabueze;2024;Fostering Inclusive Economies: The Role of Cooperatives in Empowering Women Entrepreneurs in Agriculture;N/A;Google Scholar;;Low;No;"Fails: cooperatives in inclusive economies; lacks DT and decentralization linkage";N/A;
467;Round 1;Forward;Chukwuma-Eke, Ogunsola, Isibor;2024;NOT OBTAINED;International Journal of Social Science Exceptional Research;Google Scholar;;Low;No;"Fails: title unresolvable; cannot screen";NOT OBTAINED;
468;Round 1;Forward;Adeyemi, Mustapha, Mbata et al.;2026;Reimagining Healthcare Access: A Conceptual Framework for Addressing Systemic Inequities in Maternal and Child Health;Reading Time;Google Scholar;;Low;No;"Fails: year unresolvable/grey literature; healthcare access";NOT OBTAINED;
469;Round 1;Forward;Aigbedion, Ayorinde, Adebisi;2026;Process Control Safety Models: Ensuring Safe Production in LNG Plants through Rationalizing Alarms and Control Configurations;NOT OBTAINED;Google Scholar;;Low;No;"Fails: year/journal unresolvable; process control safety";NOT OBTAINED;
470;Round 1;Forward;Basnet, Oghenemaiga, Anene;2026;Attribution, Revenue, and Yield Optimization Models Using Google Ad Manager Reporting and Forecasting Tools;NOT OBTAINED;Google Scholar;;Low;No;"Fails: year/journal unresolvable; revenue/yield optimization";NOT OBTAINED;
471;Round 1;Forward;Nwokedi, Soyege;2026;Advances in AI and Machine Learning for Antimicrobial Resistance Monitoring and Healthcare Diagnostics;NOT OBTAINED;Google Scholar;;Low;No;"Fails: year/journal unresolvable; antimicrobial resistance";NOT OBTAINED;
472;Round 1;Forward;Nwokedi, Soyege;2026;A Review of Deep Learning Applications in Patient Flow Management and Healthcare Operations;NOT OBTAINED;Google Scholar;;Low;No;"Fails: year/journal unresolvable; patient flow management";NOT OBTAINED;
473;Round 1;Forward;Adeyemi, Mustapha, Mbata et al.;2026;Optimizing Medical Equipment Management and Safety in Large Healthcare Institutions: A Multidisciplinary Approach;NOT OBTAINED;Google Scholar;;Low;No;"Fails: year/journal unresolvable; medical equipment management";NOT OBTAINED;
474;Round 1;Forward;Andrean, Fourqoniah, Alvianolita;2025;Praktik Bisnis Hijau Melalui Sistem Waralaba;NOT OBTAINED;Google Scholar;;Low;No;"Fails: Indonesian language (Praktik Bisnis Hijau); non-English";NOT OBTAINED;
475;Round 1;Forward;Gerryts;2022;NOT OBTAINED;International Journal of Social Science Exceptional Research;Google Scholar;;Low;No;"Fails: title unresolvable; cannot screen";NOT OBTAINED;
476;Round 1;Forward;Ковальчук;2025;Посилення міжнародної конкурентоспроможності енергетичного сектору України в умовах цифрової трансформації;NOT OBTAINED;Google Scholar;;Low;No;"Fails: Ukrainian language; non-English";NOT OBTAINED;
477;Round 1;Forward;Koçak, Coşkun, Balcı;2025;YENİLENEBİLİR ENERJİ VE DİJİTAL DÖNÜŞÜM;İŞ BİRLİĞİ VE ENERJİ;Google Scholar;;Low;No;"Fails: Turkish language (YENİLENEBİLİR ENERJİ VE DİJİTAL DÖNÜŞÜM); non-English";N/A;
478;Round 1;Forward;Ajayi, Alozie, Abieba;2025;Enhancing cybersecurity in energy infrastructure: Strategies for safeguarding critical systems in the digital age;Trends in Renewable Energy;Google Scholar;;Low;No;"Fails: duplicate of ID 425; cybersecurity in energy infrastructure";N/A;
479;Round 1;Forward;Onukwulu, Fiemotongha, Igwe et al.;2023;The role of blockchain and AI in the future of energy trading: A technological perspective on transforming the oil & gas industry by 2025;Methodology;Google Scholar;;Low;No;Fails: duplicate of ID 426;N/A;
480;Round 1;Forward;Zhang, Jia, Chen et al.;2025;Deep learning-based real-time data quality assessment and anomaly detection for large-scale distributed data streams;International Journal of Medical and All Body Health Research;Google Scholar;;Low;No;"Fails: duplicate of ID 427; medical data quality";N/A;
481;Round 1;Forward;Forkuo, Nihi, Ojo et al.;2025;A conceptual model for geospatial analytics in disease surveillance and epidemiological forecasting;International Medical Science Research Journal;Google Scholar;;Low;No;"Fails: duplicate of ID 428; disease surveillance";N/A;
482;Round 1;Forward;Daramola, Apeh, Basiru et al.;2024;Environmental law and corporate social responsibility: Assessing the impact of legal frameworks on circular economy practices;International Journal of Social Science Exceptional Research;Google Scholar;;Low;No;"Fails: duplicate of ID 429; environmental law/CSR";N/A;
483;Round 1;Forward;Collins, Hamza, Eweje et al.;2024;Integrating 5G core networks with business intelligence platforms: Advancing data-driven decision-making;International Journal of Multidisciplinary Research and Growth Evaluation;Google Scholar;;Low;No;"Fails: duplicate of ID 430; 5G networks";N/A;
484;Round 1;Forward;Daramola, Apeh, Basiru et al.;2025;Sustainable packaging operations: Balancing cost, functionality, and environmental concerns;International Journal of Social Science Exceptional Research;Google Scholar;;Low;No;"Fails: duplicate of ID 431; sustainable packaging";N/A;
485;Round 1;Forward;Onukwulu, Fiemotongha, Igwe et al.;2024;Strategic contract negotiation in the oil and gas sector: approaches to securing high-value deals and long-term partnerships;Journal of Advance Multidisciplinary Research;Google Scholar;;Low;No;"Fails: duplicate of ID 432; contract negotiation oil/gas";N/A;
486;Round 1;Forward;Hamza, Collins, Eweje et al.;2024;Advancing data migration and virtualization techniques: ETL-driven strategies for Oracle BI and Salesforce integration in agile environments;International Journal of Multidisciplinary Research and Growth Evaluation;Google Scholar;;Low;No;"Fails: duplicate of ID 433; data migration/ETL";N/A;
487;Round 1;Forward;Alonge, Eyo-Udo, Chibunna et al.;2024;A predictive analytics model for optimizing cash flow management in multi-location and global business enterprises;Journal details pending;Google Scholar;;Low;No;"Fails: duplicate of ID 435; cash flow management";N/A;
488;Round 1;Forward;Ogunwole, Onukwulu, Joel et al.;2024;Digital Transformation in Supply Chain Management: Leveraging Blockchain for Transparency and Sustainability;Iconic Research and Engineering Journals;Google Scholar;;Low;No;"Fails: duplicate of ID 436; supply chain management";N/A;
489;Round 1;Forward;Oso, Alli, Babarinde et al.;2025;Blended financing models for healthcare development: Unlocking capital for sustainable infrastructure in frontier markets;International Journal of Management and Organizational Research;Google Scholar;;Low;No;"Fails: duplicate of ID 437; healthcare financing";N/A;
490;Round 1;Forward;Ibeh, Oso, Alli et al.;2025;Scaling healthcare startups in emerging markets: A platform strategy for growth and impact';International Journal of Advanced Multidisciplinary Research and Studies;Google Scholar;;Low;No;"Fails: duplicate of ID 438; healthcare startups";N/A;
491;Round 1;Forward;Fredson, Adebisi, Ayorinde et al.;2024;Modernizing corporate governance through advanced procurement practices: A comprehensive guide to compliance and operational excellence;International Journal of Judicial Law;Google Scholar;;Low;No;"Fails: duplicate of ID 439; corporate governance/procurement";N/A;
492;Round 1;Forward;Oso, Alli, Babarinde et al.;2025;Impact-driven healthcare investments: A conceptual framework for deploying capital and technology in frontier markets';International Journal of Multidisciplinary Research and Growth Evaluation;Google Scholar;;Low;No;"Fails: duplicate of ID 440; healthcare investments";N/A;
493;Round 1;Forward;Oso, Alli, Babarinde et al.;2025;Navigating cross-border healthcare investments: A risk-opportunity model for emerging markets;Engineering and Technology Journal;Google Scholar;;Low;No;"Fails: duplicate of ID 441; cross-border healthcare";N/A;
494;Round 1;Forward;Oso, Alli, Babarinde et al.;2025;Private equity and value creation in healthcare: A strategic model for emerging markets';International Journal of Medical and All Body Health Research;Google Scholar;;Low;No;"Fails: duplicate of ID 443; private equity healthcare";N/A;
495;Round 1;Forward;Fredson, Adebisi, Ayorinde et al.;2025;Building resilient supply chains in emerging markets: sustainable procurement and stakeholder engagement strategies;World Scientific News;Google Scholar;;Low;No;"Fails: duplicate of ID 445; supply chain resilience";N/A;
496;Round 1;Forward;Chukwuma-Eke, Ogunsola, Isibor;2025;Developing financial inclusion strategies through technology and policy to improve energy access for underserved communities;"International Journal of Scientific Research in Science; Engineering and Technology";Google Scholar;;Low;No;"Fails: duplicate of ID 447; financial inclusion";N/A;
497;Round 1;Forward;Collins, Hamza, Eweje et al.;2024;Challenges and solutions in data governance and privacy: A conceptual model for telecom and business intelligence systems;Telecom and Business Intelligence Journal;Google Scholar;;Low;No;"Fails: duplicate of ID 448; data governance/privacy";N/A;
498;Round 1;Forward;Chibunna, Hamza, Collins et al.;2024;The Intersection of AI and Digital Transformation: A Roadmap for Public and Private Sector Business Innovation;Digital Innovation Quarterly;Google Scholar;;Low;No;"Fails: duplicate of ID 449; AI and DT roadmap";N/A;
499;Round 1;Forward;Aigbedion, Ayorinde, Adebisi;2025;Leadership and organizational change in high-risk industries: A model for managing engineering change in oil and gas operations;Gulf Journal of Advance Business Research;Google Scholar;;Low;No;"Fails: duplicate of ID 451; leadership/org change";N/A;
500;Round 1;Forward;Fiemotongha, Igwe, Ewim et al.;2025;Global Regulatory Compliance and Its Impact on Trading Efficiency: Key Best Practices for Oil and Gas Traders in the 21st Century;International Journal of Scientific Research in Science and Technology;Google Scholar;;Low;No;"Fails: duplicate of ID 454; regulatory compliance";N/A;
501;Round 1;Forward;Aigbedion, Ayorinde, Adebisi;2025;Energy economics and process optimization: A model for sustainable LNG production;World Scientific News WSN;Google Scholar;;Low;No;"Fails: duplicate of ID 456; energy economics";N/A;
502;Round 1;Forward;Abioye, Usiagu, Ihwughwavwe et al.;2024;Green Consumerism and the Paradox of Choice: Do Eco-Labels Drive Sustainable Behavior;N/A;Google Scholar;;Low;No;"Fails: duplicate of ID 461; green consumerism";N/A;
503;Round 1;Forward;Oteri, Onukwulu, Igwe et al.;2024;NOT OBTAINED;International Journal of Social Science Exceptional Research;Google Scholar;;Low;No;"Fails: title unresolvable; cannot screen";NOT OBTAINED;
504;Round 1;Forward;Nwokediegwu, Bankole, Okiye;2025;A Design-To-Fabrication Workflow for 3D Printing Reinforced Architectural Beams and Façade Panels;Engineering and Technology Journal;Google Scholar;;Low;No;"Fails: duplicate of ID 464; 3D printing";10.47191/etj/v10i08.11;
505;Round 1;Forward;Ogunsola, Adenuga, Nnabueze;2024;Fostering Inclusive Economies: The Role of Cooperatives in Empowering Women Entrepreneurs in Agriculture;N/A;Google Scholar;;Low;No;"Fails: duplicate of ID 466; cooperatives";N/A;
506;Round 1;Forward;Chukwuma-Eke, Ogunsola, Isibor;2024;NOT OBTAINED;International Journal of Social Science Exceptional Research;Google Scholar;;Low;No;"Fails: title unresolvable; cannot screen";NOT OBTAINED;
507;Round 1;Forward;Aigbedion, Ayorinde, Adebisi;2026;Process Control Safety Models: Ensuring Safe Production in LNG Plants through Rationalizing Alarms and Control Configurations;NOT OBTAINED;Google Scholar;;Low;No;"Fails: year/journal unresolvable; process control safety";NOT OBTAINED;
508;Round 1;Forward;Basnet, Oghenemaiga, Anene;2026;Attribution, Revenue, and Yield Optimization Models Using Google Ad Manager Reporting and Forecasting Tools;NOT OBTAINED;Google Scholar;;Low;No;"Fails: year/journal unresolvable; revenue optimization";NOT OBTAINED;
509;Round 1;Forward;Nwokedi, Soyege;2026;Advances in AI and Machine Learning for Antimicrobial Resistance Monitoring and Healthcare Diagnostics;NOT OBTAINED;Google Scholar;;Low;No;"Fails: year/journal unresolvable; antimicrobial resistance";NOT OBTAINED;
510;Round 1;Forward;Nwokedi, Soyege;2026;A Review of Deep Learning Applications in Patient Flow Management and Healthcare Operations;NOT OBTAINED;Google Scholar;;Low;No;"Fails: year/journal unresolvable; patient flow management";NOT OBTAINED;
511;Round 1;Forward;Gerryts;2022;NOT OBTAINED;International Journal of Social Science Exceptional Research;Google Scholar;;Low;No;"Fails: title unresolvable; cannot screen";NOT OBTAINED;
512;Round 1;Forward;Onukwulu, Agho, Eyo-Udo et al.;2024;Advances in automation and AI for enhancing supply chain productivity in oil and gas;International Journal of Research and Innovation in Applied Science;Google Scholar;;Low;No;"Fails: automation and AI for supply chain productivity; sustainability not addressed as stability";N/A;
513;Round 1;Forward;Eyo-Udo, Agho, Onukwulu et al.;2024;Advances in blockchain solutions for secure and efficient cross-border payment systems;International Journal of Research and Innovation in Applied Science;Google Scholar;;Medium;Yes;"C1+C2: blockchain for cross-border trade; digital transformation of supply chains; long-term trade stability implied; International Journal of Research and Innovation (Scopus)";N/A;
514;Round 1;Forward;Amini, Baradaran Rohani;2024;The role of machine learning and artificial intelligence in enhancing renewable energy through data science;World Journal of Technology and Scientific Research;Google Scholar;;Low;No;"Fails: World Journal of Technology and Scientific Research not indexed; lacks C3 stability";N/A;
515;Round 1;Forward;Agho, Eyo-Udo, Onukwulu et al.;2024;Digital twin technology for real-time monitoring of energy supply chains;International Journal of Research and Innovation in Applied Science;Google Scholar;;Low;No;"Fails: digital twin for real-time energy monitoring; sustainability is technical/ecological";N/A;
516;Round 1;Forward;Sule, Eyo-Udo, Onukwulu et al.;2024;Implementing blockchain for secure and efficient cross-border payment systems;International Journal of Research and Innovation in Applied Science;Google Scholar;;High;Yes;"C1+C2+C3: blockchain for secure cross-border payments; digital transformation of financial systems; institutional financial stability; International Journal of Research and Innovation (Scopus)";N/A;
517;Round 1;Forward;Onukwulu, Agho, Eyo-Udo et al.;2024;Advances in blockchain integration for transparent renewable energy supply chains;International Journal of Research and Innovation in Applied Science;Google Scholar;;Low;No;"Fails: blockchain for renewable energy; sustainability framed as ecological/environmental transparency";N/A;
518;Round 1;Forward;Omokhoa, Odionu, Azubuike et al.;2024;Leveraging AI and technology to optimize financial management and operations in microfinance institutions and SMEs;IRE Journals;Google Scholar;;Low;No;"Fails: AI/tech for financial management; IRE Journals not indexed; lacks decentralization and stability governance";N/A;
519;Round 1;Forward;Omokhoa, Odionu, Azubuike et al.;2024;Innovative credit management and risk reduction strategies: AI and fintech approaches for microfinance and SMEs;IRE Journals;Google Scholar;;Low;No;"Fails: credit management and risk reduction; no relevant core concepts";N/A;
520;Round 1;Forward;Farooq, Abbey, Onukwulu;2024;A conceptual framework for ergonomic innovations in logistics: Enhancing workplace safety through data-driven design;Gulf Journal of Advance Business Research;Google Scholar;;Low;No;"Fails: ergonomic innovations in logistics; no relevant core concepts";N/A;
521;Round 1;Forward;Du, Wang, Liang et al.;2025;Research on the impact of smart logistics on the the manufacturing industry chain resilience;Scientific Reports;Google Scholar;;Low;No;"Fails: smart logistics impact on manufacturing; no decentralization; no institutional stability";N/A;
522;Round 1;Forward;Ogunwole, Onukwulu, Joel et al.;2024;Supply Chain Resilience in the Post-Pandemic Era: Strategies for SME Survival and Growth;Journal not provided;Google Scholar;;Low;No;"Fails: supply chain resilience post-pandemic; sustainability framed as operational, no decentralization";N/A;
523;Round 1;Forward;Lopes, Nabais, Pinto et al.;2025;Essential Competencies in Maritime and Port Logistics: A Study on the Current Needs of the Sector;Sustainability;Google Scholar;;Low;No;"Fails: maritime/port logistics competencies; no relevant core concepts";N/A;
524;Round 1;Forward;Kumar, Mittal, Verma et al.;2026;Enhancing OPEX in the food industry: integrating digital technologies for sustainable transformation;Industrial Management & Data Systems;Google Scholar;;Low;No;"Fails: digital tech in food industry OPEX; lacks decentralization and institutional stability";N/A;
525;Round 1;Forward;Hikmah, Fauzi, Nayyiroh;2025;Measuring the forecast accuracy in retail MSMEs: A comparative analysis between AI and traditional methods in the era of digital selling;Journal of Management and Informatics;Google Scholar;;Low;No;"Fails: forecast accuracy in retail MSMEs; no relevant core concepts";N/A;
526;Round 1;Forward;Amir, Afzal;2025;The nexus of sustainable finance, digitalisation and blue economy on carbon emissions and sustainable development: evidence from East Asia;Management of Environmental Quality: An International Journal;Google Scholar;;Low;No;"Fails: sustainable finance and blue economy; sustainability framed primarily as ecological; Management of Environmental Quality";N/A;
527;Round 1;Forward;Peng;2025;Transforming energy resilience through supply chain digitization: risk management as a mediator;International Review of Economics & Finance;Google Scholar;;Low;No;"Fails: energy resilience through supply chain digitization; sustainability is technical/ecological";N/A;
528;Round 1;Forward;Omopariola;2023;Decentralized energy investment: Leveraging public-private partnerships and digital financial instruments to overcome grid instability in the US;World Journal of Advanced Research and Reviews;Google Scholar;;Low;No;"Fails: World Journal of Advanced Research and Reviews - not reliably indexed; predatory journal risk";N/A;
529;Round 1;Forward;Farooq, Abbey, Onukwulu;2024;Theoretical models for enhancing customer retention in digital and retail platforms through predictive analytics;International Journal of Engineering Research and Development;Google Scholar;;Low;No;"Fails: customer retention in digital environment; no relevant core concepts";N/A;
530;Round 1;Forward;Ali, Yongzhi, Xin et al.;2025;Revolutionizing energy and logistics: a multilayered strategy for optimizing distribution networks and achieving dual carbon goals;Clean Technologies and Environmental Policy;Google Scholar;;Low;No;"Fails: energy and logistics multilayered strategy; sustainability is ecological/technical";N/A;
531;Round 1;Forward;Hossain, Barua, Amin et al.;2025;Engineering Management Strategies for AI-Driven Logistics Systems: Bridging Operational Efficiency and Strategic Alignment;Journal of Computer Science and Technology Studies;Google Scholar;;Low;No;"Fails: engineering management for AI-driven logistics; no relevant core concepts";N/A;
532;Round 1;Forward;Onukwulu, Agho, Eyo-Udo et al.;2024;Integrating Green Logistics in Energy Supply Chains to Promote Sustainability;International Journal of Research and Innovation in Applied Science;Google Scholar;;Low;No;"Fails: green logistics in energy supply chains; sustainability is ecological";N/A;
533;Round 1;Forward;Chandran MC, Chandran, Achuthan;2025;Bridging technology and sustainability: examining the role of green AI adoption in Indian banking sector;Frontiers in Artificial Intelligence;Google Scholar;;Low;No;"Fails: blockchain in agriculture/food systems; sustainability framed as ecological/food safety; C3 stability not clearly met";N/A;
534;Round 1;Forward;Saktaganova, Karipova, Mukhiyayeva et al.;2025;Digital transformation in the transport and logistics sector of Kazakhstan: Challenges and opportunities for global integration;Scientific Bulletin of Mukachevo State University. Series “Economics”;Google Scholar;;Low;No;"Fails: digital transformation in transport/logistics; sustainability is operational/ecological";N/A;
535;Round 1;Forward;HONGSAKUL, LALAENG, INGARD;2025;Digital transformation in the logistics industry: An evidence-based synthesis of logistics activity;TPM–Testing, Psychometrics, Methodology in Applied Psychology;Google Scholar;;Low;No;"Fails: digital transformation in logistics; sustainability not addressed as institutional stability";N/A;
536;Round 1;Forward;Al-Ajmi, Al-Tamimi, Khudari;2025;Advancing the Oman shipping industry: A comprehensive review of digital transformation adoption and regulatory integration using the extended TOE framework;International Journal of Environmental Sciences;Google Scholar;;Low;No;"Fails: Oman shipping industry review; sustainability is operational/environmental";N/A;
537;Round 1;Forward;Bureika, Vaičiūtė, Samsonkin;2026;Assessing the Effects of Implementing Railway Technological Innovations on the Competencies of Logistics Specialists;Promet-Traffic&Transportation;Google Scholar;;Low;No;"Fails: railway technological innovation assessment; lacks decentralization and institutional stability";N/A;
538;Round 1;Forward;Kitaeva;2025;Economic evaluation of logistics solutions under import substitution;Universum: Economics and Jurisprudence: electron. scientific journal;Google Scholar;;Low;No;"Fails: logistics under import substitution; Universum journal in Russian-language context";N/A;
539;Round 1;Forward;Shrestha, Shrestha, Limbu et al.;2025;Desktops, Mobiles & E-Commerce: The Uneven Tech Landscape of Today’s Businesses;People's Journal of Management;Google Scholar;;Low;No;"Fails: e-commerce tech landscape; no relevant core concepts";N/A;
540;Round 1;Forward;Tariq;2026;Implementing AI and IoT for Sustainable Business Operations: Strategies and Challenges;Advancing Sustainability Through Technology Management;Google Scholar;;Low;No;"Fails: AI and IoT for sustainable business; journal unresolvable; sustainability is ecological/operational";N/A;
541;Round 1;Forward;Nilawati;2025;Mengejar Karir yang Berkelanjutan: Bagaimana Digital Leadership Mengembangkan Kemampuan Beradaptasi Karir dan Mengimbangi Orientasi Karir Protean;EQUILIBRIUM-Jurnal Bisnis dan Akuntansi;Google Scholar;;Low;No;"Fails: Indonesian language (Mengejar Karir...); non-English";N/A;
542;Round 1;Forward;AL-ABABNEH, MUSSALAM;2025;INTEGRATION OF DIGITAL PLATFORMS AND IT INFRASTRUCTURE TO INCREASE THE EFFECTIVENESS OF MARKETING STRATEGIES;Journal of Theoretical and Applied Information Technology;Google Scholar;;Low;No;"Fails: digital platforms for industrial competitiveness; lacks decentralization and stability-as-governance";N/A;
543;Round 1;Forward;Nugroho, Suparno;2026;Determination Of Marketing Area Priority Scale To Enhance Financial Transactions Through Pln Mobile Using Ahp-Topsis Method At Pln Up3 Palembang;Jurnal Impresi Indonesia;Google Scholar;;Low;No;"Fails: Indonesian language (Jurnal Impresi Indonesia); non-English";N/A;
544;Round 1;Forward;Karimzadeh, Semnani, Saffari;2025;Futures Studies of the Integrated Ecosystem of Sports Brands with an Emphasis on Technological Transformations;Journal of Foresight and Health Governance;Google Scholar;;Low;No;"Fails: sports brands ecosystem futures study; no relevant core concepts";N/A;
545;Round 1;Forward;Hao, Erdenebold;2025;Unveiling ChatGPT's Role as a Digital Assistant: A Systematic Literature Review on Workplace Training and Skill Development;Asia-Pacific Journal of Business;Google Scholar;;Low;No;"Fails: ChatGPT as digital assistant; no decentralization or institutional stability";N/A;
546;Round 1;Forward;Cara, Cara;2025;Transforming the Energy Landscape: The Role of Emerging Firms in Shaping a Sustainable Future;Trans Motauto World;Google Scholar;;Low;No;"Fails: energy landscape transformation by emerging firms; sustainability is ecological/energy";N/A;
547;Round 1;Forward;Joshi;2025;Bridging AI with Product Safety: A Compliance Framework for Battery Storage and Energy Technologies;2025 IEEE International Symposium on Product Compliance Engineering (ISPCE);Google Scholar;;Low;No;"Fails: conference paper (IEEE Symposium); not peer-reviewed journal";N/A;
548;Round 1;Forward;Iuliia;2025;ECONOMIC EVALUATION OF LOGISTICS SOLUTIONS UNDER IMPORT SUBSTITUTION;Universum: экономика и юриспруденция;Google Scholar;;Low;No;"Fails: Russian language (Universum: экономика и юриспруденция); non-English";N/A;
549;Round 1;Forward;Devireddy;2025;Transforming vision into implementation by accepting a strategic approach to cloud implementation in life insurance.;NOT OBTAINED;Google Scholar;;Low;No;"Fails: journal unresolvable; cannot screen";NOT OBTAINED;
550;Round 1;Forward;Ovungal;2024;SCALING UP DIGITALISATION SOLUTIONS IN LOGISTICS: A CASE STUDY OF MAHINDRA LOGISTICS IN INDIA;NOT OBTAINED;Google Scholar;;Low;No;"Fails: journal unresolvable; cannot screen";NOT OBTAINED;
551;Round 1;Forward;Bruhn;2025;Nachhaltigkeit als strategischer Wettbewerbsvorteil für Dienstleistungsunternehmen;Nachhaltigkeit als Erfolgsfaktor für Dienstleister: Konzepte, Instrumente, Umsetzung;Google Scholar;;Low;No;"Fails: German language; non-English";N/A;
552;Round 1;Forward;Rokeeb;2024;Cross-Sector Maintenance Methodologies for Improving Safety, Sustainability, and Performance in African Industries;Sustainability, and Performance in African Industries (July 07, 2024);Google Scholar;;Low;No;"Fails: cross-sector maintenance methodologies; journal field unclear; no decentralization";N/A;
553;Round 1;Forward;Bettencourt;2025;Indústria 4.0: Rumo à sustentabilidade nos Açores;NOT OBTAINED;Google Scholar;;Low;No;"Fails: Portuguese language (Indústria 4.0 - Açores); non-English";NOT OBTAINED;
554;Round 1;Forward;Fathima;2026;Smart Transitions:“Digital Pathways to Growth in Global Service and Business Sectors;Transforming Tomorrow: The Digital Revolution in Business;Google Scholar;;Low;No;"Fails: year unresolvable; book chapter; grey literature";NOT OBTAINED;
555;Round 1;Forward;Іщук;2025;ТРАНСФОРМАЦІЙНИЙ ВПЛИВ ДІДЖИТАЛІЗАЦІЇ НА РИНОК ГАЗУ;The 6 th International scientific and practical conference “Science and technology: challenges, prospects and innovations”(January 29-31, 2025) CPN Publishing Group, Osaka, Japan. 2025. 491 p.;Google Scholar;;Low;No;"Fails: Ukrainian language (ТРАНСФОРМАЦІЙНИЙ ВПЛИВ ДІДЖИТАЛІЗАЦІЇ...); non-English";N/A;
556;Round 1;Forward;БЕЛАШ, ВЕРЕВКА;2026;ВОЗМОЖНОСТИ ЦИФРОВЫХ ТЕХНОЛОГИЙ В ЭНЕРГЕТИЧЕСКОЙ ОТРАСЛИ;NOT OBTAINED;Google Scholar;;Low;No;"Fails: Cyrillic-script; non-English; year/journal unresolvable";NOT OBTAINED;
557;Round 1;Forward;Liu, He, Li et al.;2024;An overview of blockchain smart contract execution mechanism;Journal of Industrial Information Integration;Google Scholar;;High;Yes;"C1+C2: blockchain smart contract execution mechanisms; digital transformation of industrial/information systems; Journal of Industrial Information Integration (Scopus/SSCI)";N/A;
558;Round 1;Forward;Bhat, Huang, Sofi et al.;2021;Agriculture-food supply chain management based on blockchain and IoT: A narrative on enterprise blockchain interoperability;Agriculture;Google Scholar;;Low;No;"Fails: agriculture-food supply chain on blockchain; sustainability is ecological/food safety; not institutional stability";N/A;
559;Round 1;Forward;Le, Fan;2024;Digital twins for logistics and supply chain systems: Literature review, conceptual framework, research potential, and practical challenges;Computers & industrial engineering;Google Scholar;;Low;No;"Fails: digital twins for logistics/supply chain; no decentralization; no institutional stability";N/A;
560;Round 1;Forward;Beck, Birkel, Spieske et al.;2023;Will the blockchain solve the supply chain resilience challenges? Insights from a systematic literature review;Computers & Industrial Engineering;Google Scholar;;High;Yes;"C1+C2+C3: blockchain for supply chain resilience; digital transformation; resilience as long-term operational stability; Computers & Industrial Engineering (SSCI)";N/A;
561;Round 1;Forward;Gurgun, Koc;2022;Administrative risks challenging the adoption of smart contracts in construction projects;Engineering, Construction and Architectural Management;Google Scholar;;Medium;Yes;"C1+C2+C3: smart contract adoption; administrative/institutional risks in digital transformation; stability of governance processes; Engineering Construction and Architectural Management (Scopus)";N/A;
562;Round 1;Forward;Wolf, Louw, Palm;2024;An analysis of blockchain versus relational databases for digitalising information flows in global supply chains using the analytic network process;International journal of production research;Google Scholar;;High;Yes;"C1+C2+C3: blockchain vs relational databases for digital transformation; institutional stability implications; International Journal of Production Research (SSCI)";N/A;
563;Round 1;Forward;Singh, Prabhu;2023;Agile Blockchain-based risk management framework with integrated artificial intelligence in a supply chain industry;2023 Second International Conference on Augmented Intelligence and Sustainable Systems (ICAISS);Google Scholar;;Low;No;"Fails: conference paper; not peer-reviewed journal";N/A;
564;Round 1;Forward;Khanh, Triet, Bang et al.;2024;Integrating blockchain, smart contracts, nfts, and ipfs for enhanced transparency and ethical sourcing in coffee and cocoa supply chains;International Conference on Algorithms and Architectures for Parallel Processing;Google Scholar;;Low;No;"Fails: conference paper; not peer-reviewed journal";N/A;
565;Round 1;Forward;Bang, Trung, Nam et al.;2024;Revolutionizing organic product traceability: utilizing smart contracts, NFT, IPFS and distributed ledgers for transparent organic products supply chains;international conference on computer information systems and industrial management;Google Scholar;;Low;No;"Fails: conference paper; not peer-reviewed journal";N/A;
566;Round 1;Forward;Rosaire, Jules;2022;Smart contracts security threats and solutions;International Journal of Information Technology and Web Engineering (IJITWE);Google Scholar;;Low;No;"Fails: smart contract security threats only; no C3 stability dimension; journal indexing insufficient";N/A;
567;Round 1;Forward;Bang, Trung, Trong et al.;2025;Leveraging Encrypted NFTs and Smart Contracts on the Blockchain for Enhanced Transparency in Organic Product Supply Chains;International Conference on Mobile Web and Intelligent Information Systems;Google Scholar;;Low;No;"Fails: conference paper; not peer-reviewed journal";N/A;
568;Round 1;Forward;Barnes;2025;Developing Sustainable and Resilient Supply Chains Using Blockchain Technology;Green Manufacturing Technologies in Industry 5.0;Google Scholar;;Low;No;"Fails: book chapter; not peer-reviewed journal";N/A;
569;Round 1;Forward;Gürpinar;2023;Blockchain-technologie im supply chain management unter berücksichtigung wirtschaftlicher potenziale;N/A;Google Scholar;;Low;No;"Fails: German language; non-English";N/A;
570;Round 1;Forward;Trung, Hung, Khoa et al.;2024;Enhancing Transparency and Ethical Sourcing in Handicraft Supply Chains Through Blockchain, Smart Contracts, NFTs, and IPFS Integration;International Conference on the Economics of Grids, Clouds, Systems, and Services;Google Scholar;;Low;No;"Fails: conference paper; not peer-reviewed journal";N/A;
571;Round 1;Forward;Wolf;2022;A cost-benefit analysis of blockchain versus relational databases for digitalising and automating information flows in cross-border supply chains;NOT OBTAINED;Google Scholar;;Low;No;"Fails: master's thesis; not peer-reviewed journal";NOT OBTAINED;
572;Round 1;Forward;Tien, Gia, Tuan;2024;Enhancing Transparency and Traceability in Handicrafts Supply Chains Using Blockchain and NFTs;Proceedings of the 2024 7th Artificial Intelligence and Cloud Computing Conference (ACM);Google Scholar;;Low;No;"Fails: conference proceedings; not peer-reviewed journal";N/A;
573;Round 1;Forward;Alwarsh, Zaidan, Eshaq et al.;2025;Efficiency of Blockchain in Supply Chain Transparency;The Paradigm Shift from a Linear Economy to a Smart Circular Economy: The Role of Artificial Intelligence-Enabled Systems, Solutions and Legislations;Google Scholar;;Low;No;"Fails: book chapter; not peer-reviewed journal";N/A;
574;Round 1;Forward;Workneh;2024;Blockchain Applied to Environmental Sustainability In the Context of Smart Contracts;Blockchain as a Technology for Environmental Sustainability;Google Scholar;;Low;No;"Fails: book chapter (Blockchain as Technology for Environmental Sustainability); sustainability framed as ecological";N/A;
575;Round 1;Forward;Farrokh, Mohammadi, Mashayekhi;2026;Investigating the Impact of Blockchain Technology in Solving the Challenges of the Halal Food Supply Chain;NOT OBTAINED;Google Scholar;;Low;No;"Fails: year/journal unresolvable; cannot screen";NOT OBTAINED;
576;Round 1;Forward;Lage, Saiz-Santos, Zarzuelo;2023;Industria descentralizada 5.0: contribución de blockchain a una industria sostenible, resiliente y centrada en el ser humano.;DYNA-Ingeniería e Industria;Google Scholar;;Low;No;"Fails: Spanish language (Industria descentralizada 5.0); non-English";N/A;
577;Round 1;Forward;MERDİVENCİ, USTALI;2022;LOJİSTİĞİ N GELECEĞİ-3;NOT OBTAINED;Google Scholar;;Low;No;"Fails: Turkish language book chapter; non-English";NOT OBTAINED;
578;Round 1;Forward;DIŞKAYA;2026;BLOK ZİNCİR VE AKILLI SÖZLEŞMELER;LOJİSTİĞİ N GELECEĞİ-3;Google Scholar;;Low;No;"Fails: year unresolvable; book chapter; non-English context";NOT OBTAINED;
579;Round 1;Forward;Zou, Li, Wu et al.;2024;Measuring corporate digital transformation: Methodology, indicators and applications;Sustainability;Google Scholar;;High;Yes;"C2+C3: measuring corporate digital transformation methodology; sustainability as stable enterprise development; Sustainability (SSCI)";N/A;
580;Round 1;Forward;Okafor, Otunomo, Nnadi et al.;2025;Artificial intelligence in environmental research: bibliometric, text mining and content analysis;Discover Artificial Intelligence;Google Scholar;;Low;No;"Fails: AI in environmental research (bibliometrics); sustainability is ecological/environmental";N/A;
581;Round 1;Forward;Jamil, Hamid, Alam et al.;2025;Digitizing prosperity: how digital finance transforms agricultural incomes in China;Asia-Pacific Financial Markets;Google Scholar;;Low;No;"Fails: digital finance in agriculture; sustainability framed as agricultural/food production";N/A;
582;Round 1;Forward;Kovalenko, Sikalo, Kovalova et al.;2025;Development of an integrated quality management model in the context of digital transformation: public administration, education, economics;Technology audit and production reserves;Google Scholar;;Low;No;"Fails: quality management model; lacks decentralization and clear DT-stability link";N/A;
583;Round 1;Forward;Regentova;2024;Strategic digital transformation as a process of improving the efficiency of industrial enterprises: магистерская диссертация по направлению подготовки: 38.04. 02-Менеджмент;NOT OBTAINED;Google Scholar;;Low;No;"Fails: Russian-language master's thesis; non-English + not peer-reviewed";NOT OBTAINED;
584;Round 1;Forward;Sun, Yu, Khattak et al.;2025;Digital innovation, business models transformations, and agricultural smes: A prisma-based review of challenges and prospects;Systems;Google Scholar;;Medium;Yes;"C2+C3: digital innovation and business model transformation; sustainability as long-term stable development; Systems (MDPI, Scopus)";N/A;
585;Round 1;Forward;Boller, Grabinger, Zurwehme et al.;2025;Sustainability certification in the digital era: A qualitative analysis of sustainability reports across product categories;Future Foods;Google Scholar;;Low;No;"Fails: sustainability certification in digital era; sustainability framed as ecological/food certification";N/A;
586;Round 1;Forward;de Andreis, Paoloni;2026;Immigrant Entrepreneurship in the Made in Italy Agri-Food Sector;Art, Culture and Made in Italy: Gender Perspectives in the Contemporary World;Google Scholar;;Low;No;"Fails: book chapter; not peer-reviewed journal";N/A;
587;Round 1;Forward;Taufik;2025;ARTIFICIAL INTELLIGENCE AND DIGITAL TRANSFORMATION: A STUDY ON THEIR IMPACT ON INDUSTRIES;AIRA (Artificial Intelligence Research and Applied Learning);Google Scholar;;Low;No;"Fails: AI and digital transformation study; AIRA journal not indexed; no decentralization dimension";10.1234/aira.v4i1.74;
588;Round 1;Forward;Mandira, Saiyed, Alfalisyado;2025;The Strategic Implementation of Blockchain Technology to Enhance Supply Chain Management and Brand Value in The Agri-Food Sector;BIO Web of Conferences;Google Scholar;;Low;No;"Fails: BIO Web of Conferences = conference; not peer-reviewed journal";N/A;
589;Round 1;Forward;Yang, Chen, Wang;2026;Digital-Intelligent Barriers to Resource Re-extraction in China’s Agrifood Manufacturing;Digital-Intelligent Economy and Scientific Management;Google Scholar;;Low;No;"Fails: digital-intelligent barriers to resource extraction; sustainability likely ecological; journal unclear";N/A;
590;Round 1;Forward;Mick, Kovaleski, Chiroli;2024;Sustainable digital transformation roadmaps for SMEs: A systematic literature review;Sustainability;Google Scholar;;High;Yes;"C2+C3: sustainable digital transformation roadmaps for SMEs; sustainability as stable organizational development; Sustainability (SSCI)";N/A;
591;Round 1;Forward;Singh, Mishra, He;2025;Sustainable supply chain and environmental collaboration in the supply chain management: Agenda for future research and implications;Business Strategy and the Environment;Google Scholar;;Low;No;"Fails: sustainable supply chain and environmental collaboration; sustainability is ecological; Business Strategy and the Environment";N/A;
592;Round 1;Forward;Mick, Kovaleski, Mick et al.;2024;Developing a sustainable digital transformation roadmap for SMEs: Integrating digital maturity and strategic alignment;Sustainability;Google Scholar;;High;Yes;"C2+C3: developing sustainable digital transformation roadmap for SMEs; sustainability as stable organizational development; Sustainability (SSCI)";N/A;
593;Round 1;Forward;Bongini, Mattassoglio, Pedrazzoli et al.;2025;Crypto ecosystem: Navigating the past, present, and future of decentralized finance;The Journal of Technology Transfer;Google Scholar;;High;Yes;"C1+C2+C3: crypto/blockchain ecosystem; digital transformation of financial sector; long-term stability of crypto systems; Journal of Technology Transfer (SSCI)";N/A;
594;Round 1;Forward;Marczewska, Hegerty, Panwar et al.;2025;Digital transformation, ESG, and companies’ performance: an exploratory study of the European food sector;The Journal of Technology Transfer;Google Scholar;;High;Yes;"C2+C3: digital transformation, ESG, and companies' performance; sustainability as stable business performance; Journal of Technology Transfer (SSCI)";N/A;
595;Round 1;Forward;Jalil, Marikan, Ali et al.;2025;The influence of blockchain technology on green entrepreneurial orientation through digital knowledge sharing among Gen Y and Gen Z entrepreneurs: A multigroup analysis;Sustainable Futures;Google Scholar;;Low;No;"Fails: blockchain and green entrepreneurship; Sustainable Futures context is primarily ecological/environmental";N/A;
596;Round 1;Forward;Sarala, Tarba, Zahoor et al.;2025;The impact of digitalization and virtualization on technology transfer in strategic collaborative partnerships;The Journal of Technology Transfer;Google Scholar;;Medium;Yes;"C2+C3: digitalization/virtualization impact on technology transfer; sustainability of organizational capacity for stable development; Journal of Technology Transfer (SSCI)";N/A;
597;Round 1;Forward;Raza, Hongliang, Yue et al.;2025;Environmental regulations and eco-innovation as catalysts for green agricultural practices: insights from Pakistan–China agricultural cooperation;Agricultural and Food Economics;Google Scholar;;Low;No;"Fails: environmental regulations and eco-innovation; sustainability is ecological";N/A;
598;Round 1;Forward;Compagnucci, Spigarelli, Perugini et al.;2025;Does the hub and spoke model matter for university-industry engagement in innovation ecosystems?;The Journal of Technology Transfer;Google Scholar;;Low;No;"Fails: hub and spoke model for university-industry collaboration; sustainability framed as innovation ecosystem; no decentralization as blockchain/DLT";N/A;
599;Round 1;Forward;Liu, Zhao, Wang;2025;Professional connections and digital innovation of SMEs;The Journal of Technology Transfer;Google Scholar;;Medium;Yes;"C2+C3: professional connections and digital innovation of SMEs; digital transformation and long-term competitive stability; Journal of Technology Transfer (SSCI)";N/A;
600;Round 1;Forward;Fernández-Blanco, García-Cereijo, Fernández-Caramés et al.;2025;Hands-On Blockchain Teaching and Learning: Integrating IPFS and Oracles Through Open-Source Practical Use Cases;Education Sciences;Google Scholar;;Low;No;"Fails: blockchain as educational teaching tool; no institutional DT or stability dimension";N/A;
601;Round 1;Forward;Toma-Constantin, Brumă, Coca et al.;2025;European Digital Innovation Hubs and the Agri-Food Sector: A Scoping Review of Current Knowledge and Sectoral Gaps;Agriculture;Google Scholar;;Low;No;"Fails: European Digital Innovation Hubs and agri-food; sustainability is ecological/agricultural";N/A;
602;Round 1;Forward;Zarea, Gruenhagen, Rose et al.;2026;How Do Small and Medium-sized Enterprises Prioritize Risks When Adopting Industry 4.0? Balancing Technical, Economic, and Sustainability Considerations;Sustainable Technology and Entrepreneurship;Google Scholar;;Medium;Yes;"C2+C3: SME risk prioritization in digital transformation; sustainability as stable organizational development; Sustainable Technology and Entrepreneurship (Scopus)";N/A;
603;Round 1;Forward;Duchek, Höne;2024;Innovation hubs in rural areas in germany: a qualitative analysis of roles, types, and impacts;International Journal of Innovation Management;Google Scholar;;Low;No;"Fails: innovation hubs in rural Germany; lacks decentralization and clear DT-stability link";N/A;
604;Round 1;Forward;Alajmi;2026;Resource‐Centered Transformation Paths: The Role of Digital Transformation in Optimizing SME Resources for Sustainable Entrepreneurship;Business Strategy and the Environment;Google Scholar;;Low;No;Fails: Business Strategy and the Environment - sustainability is primarily ecological in this journal context;N/A;
605;Round 1;Forward;Russo-Spena, Di Paola, Mele;2025;Configurational approaches to blockchain-enabled sustainability strategies;Business Process Management Journal;Google Scholar;;High;Yes;"C1+C2+C3: blockchain-enabled sustainability configurations; digital transformation; stable governance through decentralization; Business Process Management Journal (Scopus)";N/A;
606;Round 1;Forward;Giannini, Iacobucci, Orci;2025;The adoption of blockchain technology to support supply chain traceability in the agri-food industry: firm-level evidence from Italy;Journal of Industrial and Business Economics;Google Scholar;;High;Yes;"C1+C2+C3: blockchain adoption for supply chain sustainability; digital transformation; institutional stability of operations; Journal of Industrial and Business Economics (Scopus)";N/A;
607;Round 1;Forward;Jiang, Shi, Liu;2025;Industrial policy mix, substantive technological innovation, and sustainable growth of renewable energy enterprises in China: does climate change risk matter?;International Journal of Sustainable Development & World Ecology;Google Scholar;;Low;No;"Fails: industrial policy mix and technological innovation; sustainability framed as industrial/environmental";N/A;
608;Round 1;Forward;Forleo, Benedetto;2024;PDO Economy and Quality Agri-Food District in the wine sector: Blockchain and digitalization as tools for the twin transition;Economia agro-alimentare: XXVI, 3, 2024;Google Scholar;;Low;No;"Fails: PDO Economy and wine sector; no digital transformation or decentralization";N/A;
609;Round 1;Forward;Basova, Dobrotvorskiy, Talar;2025;The role of digitalization and 3D information in the technological preparation of manufacturing for engineering components in SMEs;International Conference on Reliable Systems Engineering;Google Scholar;;Low;No;"Fails: conference paper; not peer-reviewed journal";N/A;
610;Round 1;Forward;Tariq;2026;Blockchain for Financial Inclusivity: Bridging Gaps and Advancing Sustainability Goals;Promoting Inclusivity and Accessibility With FinTech;Google Scholar;;Low;No;"Fails: book chapter (Promoting Inclusivity and Accessibility); not peer-reviewed journal";N/A;
611;Round 1;Forward;Coetzee, Ladestam;2025;Innovation intermediation in total defence: the case of Combitech in Sweden;Defense & Security Analysis;Google Scholar;;Low;No;"Fails: innovation intermediation in defence; lacks decentralization and digital transformation";N/A;
612;Round 1;Forward;Patricio-Peralta, Villacorta, Sánchez et al.;2025;Blockchain as a digital governance tool: a systematic review.;International Journal of Electrical & Computer Engineering (2088-8708);Google Scholar;;High;Yes;"C1+C2+C3: blockchain as digital governance tool (systematic review); decentralization; digital transformation of governance; institutional stability; IJECE (Scopus)";N/A;
613;Round 1;Forward;Sarala, Tarba, Zahoor et al.;2025;Correction: The impact of digitalization and virtualization on technology transfer in strategic collaborative partnerships;Journal of Technology Transfer;Google Scholar;;Low;No;Fails: correction notice/duplicate of ID 596;N/A;
614;Round 1;Forward;Khodijah, Meidawati, Hudayati et al.;2025;Digital Technology in SMEs Sustainability Practies: A Systematic Literature Review;The Indonesian Accounting Review;Google Scholar;;Low;No;Fails: Indonesian Accounting Review - cannot confirm English-language peer-reviewed status for this journal;N/A;
615;Round 1;Forward;Tavanti;2025;Sustainability in Business Management, Volume 2;Springer Books;Google Scholar;;Low;No;"Fails: Springer book; not peer-reviewed journal";N/A;
616;Round 1;Forward;Baharom;2025;Drivers and Obstacles: A Narrative Review of Green Technology Adoption in SMEs;International Journal of Research and Innovation in Social Science (IJRISS);Google Scholar;;Low;No;"Fails: green technology drivers; sustainability is ecological/environmental";N/A;
617;Round 1;Forward;Amien, Zulkarnain;2025;Blockchain Adoption Challenges for SMEs: A Systematic Literature Review;J-INTECH;Google Scholar;;Low;No;Fails: J-INTECH - Indonesian journal, not indexed in major databases;N/A;
618;Round 1;Forward;Rehman, Arshad, Ullah;2025;Industry 4.0 and Sustainable Development Goals: Current Challenges and Solutions;Digital Transformation and Sustainability: Methods and Applications;Google Scholar;;Low;No;"Fails: book chapter (Digital Transformation and Sustainability); not peer-reviewed journal";N/A;
619;Round 1;Forward;Tavanti;2025;Digital Transformation for Sustainability;Sustainability in Business Management, Volume 2: A Machine-Generated Summary Covering Innovation, Impact, and Future Trends;Google Scholar;;Low;No;"Fails: chapter in Springer book; not peer-reviewed journal";N/A;
620;Round 1;Forward;Banyubasa, Valencia, Matauq et al.;2025;Developing the'Angker'Multiplayer Horror Mobile Game Using the Agile Method;J-INTECH;Google Scholar;;Low;No;"Fails: mobile game development; no relevant core concepts";N/A;
621;Round 1;Forward;Tavanti;2025;Technology and Innovation for Sustainable Business;Sustainability in Business Management, Volume 2: A Machine-Generated Summary Covering Innovation, Impact, and Future Trends;Google Scholar;;Low;No;"Fails: book chapter in Springer; not peer-reviewed journal";N/A;
622;Round 1;Forward;Wang, Wang;2025;How to Improve Open Innovation in China’s SMEs? The Role of Open Innovation Networks and Platforms;Bridging the Gap: Innovation Brokerage in China;Google Scholar;;Low;No;"Fails: book chapter; not peer-reviewed journal";N/A;
623;Round 1;Forward;Литовченко, Костін;2025;Методичний підхід до оцінювання інноваційних проєктів в умовах цифрової трансформації;NOT OBTAINED;Google Scholar;;Low;No;"Fails: Ukrainian language; non-English";NOT OBTAINED;
624;Round 1;Forward;Hassan;2025;Blockchain-Based Rural Heterogeneity Management and Data Sharing for Sustainable Smart Village;International Conference on Artificial Intelligence, Communication Technologies & Smart Cities;Google Scholar;;Low;No;"Fails: conference paper; not peer-reviewed journal";N/A;
625;Round 1;Forward;Isnaini, Rosidi, Idris et al.;2026;Technology Transfer and Innovation: Application of Appropriate Technology to Solve Community Problems;Community Outreach Journal of Indonesian;Google Scholar;;Low;No;Fails: Community Outreach Journal - not standard indexed peer-reviewed journal;N/A;
626;Round 1;Forward;Rijsemus;2025;Navigating sustainability reporting: The leveraging role of digital technologies for regulatory intermediaries under emerging sustainability regulations;NOT OBTAINED;Google Scholar;;Low;No;"Fails: journal unresolvable; grey literature";NOT OBTAINED;
627;Round 1;Forward;de Almeida, Dias;2026;ESTRATÉGIAS DE IMPLANTAÇÃO E GESTÃO DE HUBS DE INOVAÇÃO: O CASO DO SUPERA PARQUE;Revista de Administração, Contabilidade e Economia da Fundace;Google Scholar;;Low;No;"Fails: Portuguese language; non-English";N/A;
628;Round 1;Forward;Basoval, Dobrotvorskiy, Talar;2025;The Role of Digitalization and 3D Information;International Conference on Reliable Systems Engineering (ICoRSE)-2025;Google Scholar;;Low;No;"Fails: conference paper; not peer-reviewed journal";N/A;
629;Round 1;Forward;Басова;2025;Технологічне забезпечення сталості малих та середніх машинобудівних підприємств в умовах стресу на засадах цифровізації;NOT OBTAINED;Google Scholar;;Low;No;"Fails: Ukrainian language dissertation; non-English";NOT OBTAINED;
630;Round 1;Forward;Мурава-Середа;2024;ОЦЕНКА И РЕГУЛИРОВАНИЕ ТРАНСГРАНИЧНЫХ ИННОВАЦИОННЫХ СИСТЕМ, ОСНОВАННЫХ НА НОСИТЕЛЕ ИННОВАЦИИ;Управленческий учет;Google Scholar;;Low;No;"Fails: Russian language journal (Управленческий учет); non-English";N/A;
631;Round 1;Forward;DE, DE;2026;NOT OBTAINED;NOT OBTAINED;Google Scholar;;Low;No;"Fails: malformed CSV row; cannot screen";NOT OBTAINED;
632;Round 1;Forward;МУРАВА-СЕРЕДА;2024;NOT OBTAINED;Upravlencheskiy Uchet (Управленческий учет);Google Scholar;;Low;No;"Fails: title unresolvable; Russian-language journal";NOT OBTAINED;
633;Round 1;Forward;Patricio-Peralta, Villacorta, Sánchez et al.;2025;Blockchain as a digital governance tool: a systematic review.;International Journal of Electrical & Computer Engineering (2088-8708);Google Scholar;;Low;No;Fails: duplicate of ID 612;N/A;
634;Round 1;Forward;Rossello, Simonofski, Castiaux;2025;Artificial intelligence for digital citizen participation: Design principles for a collective intelligence architecture;Government Information Quarterly;Google Scholar;;High;Yes;"C2+C3: AI for digital citizen participation; digital transformation of governance; institutional stability/democracy; Government Information Quarterly (SSCI)";N/A;
635;Round 1;Forward;Cantens;2025;How will the state think with ChatGPT? The challenges of generative artificial intelligence for public administrations;AI & SOCIETY;Google Scholar;;Medium;Yes;"C2+C3: generative AI and state decision-making; digital transformation of public administration; institutional stability; AI & Society (Scopus)";N/A;
636;Round 1;Forward;Kim, Jeong, Cho et al.;2025;AI Governance in the Context of the EU AI Act;IEEE Access;Google Scholar;;High;Yes;"C2+C3: AI governance and EU AI Act; digital transformation of governance; institutional/regulatory stability; IEEE Access (SSCI)";N/A;
637;Round 1;Forward;Pislaru, Vlad, Ivascu et al.;2024;Citizen-centric governance: Enhancing citizen engagement through artificial intelligence tools;Sustainability;Google Scholar;;High;Yes;"C2+C3: citizen-centric governance; digital transformation; sustainability as long-term institutional governance; Sustainability (SSCI)";N/A;
638;Round 1;Forward;Bastardo, Pavão, Rocha;2024;Methodological Quality of User-Centered Usability Evaluation of Digital Applications to Promote Citizens’ Engagement and Participation in Public Governance: A Systematic Literature Review;Digital;Google Scholar;;Low;No;"Fails: usability evaluation methodology; no relevant core concepts";N/A;
639;Round 1;Forward;Riswanto, Ha, Lee et al.;2024;Online reviews meet visual attention: A study on consumer patterns in advertising, analyzing customer satisfaction, visual engagement, and purchase intention;Journal of Theoretical and Applied Electronic Commerce Research;Google Scholar;;Low;No;"Fails: online reviews and consumer patterns; no relevant core concepts";N/A;
640;Round 1;Forward;Vrabie;2025;Improving municipal responsiveness through AI-powered image analysis in E-Government;Viešoji politika ir administravimas;Google Scholar;;High;Yes;"C2+C3: AI-powered image analysis in municipal e-governance; digital transformation of local government; institutional responsiveness as stable governance; Public Policy and Administration / Viešoji politika ir administravimas (Scopus)";N/A;
641;Round 1;Forward;Simanjuntak, Subagyo, Sufianto;2024;Peran pemerintah dalam implementasi artificial intelligence (ai) di kementerian komunikasi dan informatika republik indonesia (kemenkominfo ri);Journal of Social and Economics Research;Google Scholar;;Low;No;"Fails: Indonesian language; non-English";N/A;
642;Round 1;Forward;Awashreh;2025;Omani public governance in the age of artificial intelligence;Public governance practices in the age of AI;Google Scholar;;Low;No;"Fails: book chapter; not peer-reviewed journal";N/A;
643;Round 1;Forward;Krejnus, Repková Štofková, Štofková et al.;2024;Measuring efficiency and satisfaction in the context of digital transformation;Administrative Sciences;Google Scholar;;High;Yes;"C2+C3: measuring efficiency and satisfaction in digital transformation; institutional sustainability as stable governance; Administrative Sciences (SSCI/Scopus)";N/A;
644;Round 1;Forward;Vrabie;2023;Promisiunile Inteligenței Artificiale (AI) administrației publice și orașelor inteligente;Smart Cities International Conference (SCIC) Proceedings;Google Scholar;;Low;No;"Fails: Romanian language conference paper; non-English + not peer-reviewed journal";N/A;
645;Round 1;Forward;Vrabie;2025;From presence to performance: Mapping the digital maturity of Romanian municipalities;Administrative Sciences;Google Scholar;;High;Yes;"C2+C3: digital maturity of municipalities; digital transformation of local governance; institutional stability/performance; Administrative Sciences (SSCI)";N/A;
646;Round 1;Forward;Abdulkareem;2024;E-Government in Nigeria: Can generative AI serve as a tool for civic engagement?;Pub. Governance, Admin. & Fin. L. Rev.;Google Scholar;;Low;No;Fails: Pub. Governance, Admin. & Fin. L. Rev. - law review, not indexed in WoS/Scopus;N/A;
647;Round 1;Forward;Vrabie;2023;Education 3.0–ai and gamification tools for increasing student engagement and knowledge retention;PLAIS EuroSymposium on Digital Transformation;Google Scholar;;Low;No;"Fails: conference paper; not peer-reviewed journal";N/A;
648;Round 1;Forward;Sanofi, Dewi, Sjuchro et al.;2024;A bibliometric analysis of web 2.0 in election campaign;Heliyon;Google Scholar;;Low;No;"Fails: web 2.0 in election campaigns (bibliometric); sustainability not as stability";N/A;
649;Round 1;Forward;Waruwu, Kurniawati, Sihombing;2025;The Role of Human Resource Education in Strengthening Public Service Transformation: A Case Study of the North Nias District Government.;Educational Process: International Journal;Google Scholar;;Low;No;"Fails: human resource education in public service; no decentralization or DT focus";N/A;
650;Round 1;Forward;Sarantis, Soares, Susar et al.;2024;Assessing digital government at the local level: An analysis of worldwide municipalities’ survey;Proceedings of the 17th International Conference on Theory and Practice of Electronic Governance;Google Scholar;;Low;No;"Fails: conference proceedings; not peer-reviewed journal";N/A;
651;Round 1;Forward;Tsamis, Evangelos, Papakostas et al.;2025;Cost-Effective Design, Content Management System Implementation and Artificial Intelligence Support of Greek Government AADE, myDATA Web Service for Generic Government Infrastructure, a Complete Analysis;Algorithms;Google Scholar;;Low;No;"Fails: cost-effective design and CMS implementation; pure technical paper";N/A;
652;Round 1;Forward;Kim, Jeong, Cho et al.;2025;AI governance in the context of the EU AI Act: A bibliometric and literature review approach;arXiv preprint arXiv:2502.03468;Google Scholar;;Low;No;"Fails: arXiv preprint; not peer-reviewed journal";N/A;
653;Round 1;Forward;Spalević, Kaljević, Vučetić et al.;2023;Enhancing legally-based e-government services in education through artificial intelligence;International Journal of Cognitive Research in Science, Engineering and Education;Google Scholar;;Low;No;Fails: International Journal of Cognitive Research in Science, Engineering and Education - insufficient major indexing evidence;N/A;
654;Round 1;Forward;Vrabie;2022;Deep Learning. Viitorul inteligenței artificiale și impactul acesteia asupra dezvoltării tehnologiei;Smart Cities International Conference (SCIC) Proceedings;Google Scholar;;Low;No;"Fails: conference proceedings; not peer-reviewed journal; Romanian language";N/A;
655;Round 1;Forward;Vangelov;2025;AI and digital out-of-home advertising in smart cities;ORAȘE INTELIGENTE ȘI DEZVOLTARE REGIONALĂ;Google Scholar;;Low;No;"Fails: book/conference chapter; not peer-reviewed journal";N/A;
656;Round 1;Forward;Thomas, Baracskay;2025;Evolving AI policy and the public administrator: Initiatives across recent presidential administrations and transitioning into the second Trump presidency;Administrative Theory & Praxis;Google Scholar;;Medium;Yes;"C2+C3: AI policy and public administration; digital transformation of governance; institutional/regulatory stability; Administrative Theory & Praxis (SSCI)";N/A;
657;Round 1;Forward;Pahonțu, Pană-Micu, Mihăila et al.;2026;Using Sandboxes for Testing Decisions in the Public Sector;Administrative Sciences;Google Scholar;;High;Yes;"C2+C3: sandboxes for testing decisions in public sector; digital transformation of governance; institutional innovation and stability; Administrative Sciences (SSCI)";N/A;
658;Round 1;Forward;Zhu, Xu;2024;HCI in e-government and e-democracy;Human-Computer Interaction;Google Scholar;;Low;No;"Fails: book chapter; not peer-reviewed journal";N/A;
659;Round 1;Forward;Vrabie;2024;Smart Urban Governance. Administrația Publică în era Smart: Tehnologie, Date și Cetățeni;Smart Cities and Regional Development (SCRD) Preprints;Google Scholar;;Low;No;"Fails: book chapter; not peer-reviewed journal";N/A;
660;Round 1;Forward;Lichtenheim;2024;Transforming E-Governance with Cloud-Based AI: A Systems Methodology for Implementation;NOT OBTAINED;Google Scholar;;Low;No;"Fails: master's/doctoral thesis; not peer-reviewed journal";NOT OBTAINED;
661;Round 1;Forward;Vrabie;2025;Smart governance in romanian municipalities: Progress, challenges, and opportunities;The European Smart City Movement: Case Studies from Around Europe;Google Scholar;;Low;No;"Fails: book chapter; not peer-reviewed journal";N/A;
662;Round 1;Forward;Cantens;2023;How will the State think with the assistance of ChatGPT? The case of customs as an example of generative artificial intelligence in public administrations;NOT OBTAINED;Google Scholar;;Low;No;"Fails: FERDI Working Paper; not peer-reviewed journal";NOT OBTAINED;
663;Round 1;Forward;Yusifov;2025;A citizen-centric approach for digital government transformation: The case of Azerbaijan;Information Development;Google Scholar;;Medium;Yes;"C2+C3: citizen-centric approach for digital government transformation; institutional stability and sustainable citizen service delivery; Information Development (Scopus)";N/A;
664;Round 1;Forward;Zeginis, Patsouras, Promikyridis et al.;2026;Review of AI Features to Support Mass Deliberations;International Conference on Electronic Government;Google Scholar;;Low;No;"Fails: conference paper; not peer-reviewed journal";N/A;
665;Round 1;Forward;Baracskay, Thomas;2026;AI, Bureaucracy, and Institutional Ethics: Current Trends and Future Considerations;Public Integrity;Google Scholar;;High;Yes;"C2+C3: AI, bureaucracy, and institutional ethics; digital transformation of public administration; institutional stability; Public Integrity (SSCI)";N/A;
666;Round 1;Forward;Lucchese, Pucheta-Martínez, Di Carlo et al.;2025;The degree of digital transformation in Italian local government: the impact of their governance characteristics;Public Money & Management;Google Scholar;;High;Yes;"C2+C3: degree of digital transformation in Italian local governments; institutional sustainability/stable governance; Public Money & Management (SSCI)";N/A;
667;Round 1;Forward;Sarvestani;2025;An NLP-Based Framework for Sentiment and Topic Analysis of Citizen Feedback on UK Government Mobile Applications;IEEE Access;Google Scholar;;Low;No;"Fails: NLP-based sentiment analysis; no institutional stability or decentralization focus";N/A;
668;Round 1;Forward;Vrabie;2025;Studiu de impact “E-guvernarea în municipiile României”–Analiza orizontală a Web site-urilor primăriilor municipiilor din România 2025;Impact Studies on E-Government and Smart Cities (ISEGOV);Google Scholar;;Low;No;"Fails: book/impact study; not peer-reviewed journal";N/A;
669;Round 1;Forward;Vrabie;2025;Îmbunătățirea capacității de reacție a municipalităților prin analiză de imagini bazată pe AI;International Conference on Machine Intelligence & Security for Smart Cities (TRUST) Proceedings;Google Scholar;;Low;No;"Fails: conference paper; not peer-reviewed journal";N/A;
670;Round 1;Forward;Kayakuş, Erdoğan;2025;Evaluation of the effect of mobile applications on corporate reputation with artificial intelligence through user comments: E-Government case;Alphanumeric Journal;Google Scholar;;Low;No;"Fails: mobile applications on corporate image; no relevant core concepts";N/A;
671;Round 1;Forward;Tuğaç;2025;YEREL YÖNETİMLERDE YAPAY ZEKÂ, DİJİTALLEŞME VE ETİK YÖNETİŞİM: BARSELONA, ŞANGHAY VE ANKARA KENTLERİ ÜZERİNDEN KARŞILAŞTIRMALI BİR ANALİZ;Çukurova Üniversitesi Sosyal Bilimler Enstitüsü Dergisi;Google Scholar;;Low;No;"Fails: Turkish language; non-English";N/A;
672;Round 1;Forward;Hubert, Diaz, Maguitman et al.;2025;Harnessing Artificial Intelligence and Visual Analytics for Modeling Government-Citizen Interaction in Argentinean Institutions;Artificial Intelligence in Government: Latin America Challenges and Expectations;Google Scholar;;Low;No;"Fails: book chapter; not peer-reviewed journal";N/A;
673;Round 1;Forward;Buonocore, De Gennaro, Del Barone;2024;Exploring Metaverse Innovations in Public Administration: A Focus on Human Resource Management;International Conference of the Digital Transformation Society;Google Scholar;;Low;No;"Fails: conference paper; not peer-reviewed journal";N/A;
674;Round 1;Forward;Pop;2024;Legal Frameworks for Artificial Intelligence: A Comparative Analysis of Romania, the European Union, and International Perspectives;Jurnalul de Drept si Stiinte Administrative;Google Scholar;;Low;No;"Fails: Romanian law review; non-standard peer-reviewed journal; language unclear";N/A;
675;Round 1;Forward;Kasiwi, Wahyuni, Ratminto;2025;Interoperability-Based Digital Ecosystem Transformation to Support the Environmental Sustainability of Electronic Government in Indonesia;Available at SSRN 5182684;Google Scholar;;Low;No;"Fails: SSRN preprint; not peer-reviewed journal";N/A;
676;Round 1;Forward;Simion;2024;NOȚIUNEA DE ON-LINE LA NIVELUL INSTITUȚIILOR DE ÎNVĂȚĂMÂNT;Student Papers on Smart Cities and E-Governance (SPoSC&EGOV) Repository;Google Scholar;;Low;No;"Fails: student thesis repository (SPoSC&EGOV); not peer-reviewed journal";N/A;
677;Round 1;Forward;Anandhakrishnan, Vimala, Vasantha;2025;Integration of Continuous Improvement Approach in Sustainable E-Government Services Towards Citizen Satisfaction in Health Sector Development of Conceptual Model;2025 International Conference on Automation and Computation (AUTOCOM);Google Scholar;;Low;No;"Fails: conference paper; not peer-reviewed journal";N/A;
678;Round 1;Forward;Vrabie;2025;Anul 2025 reprezintă intrarea în era roboților umanoizi;All in on Tech (AIoT);Google Scholar;;Low;No;"Fails: Romanian language blog; not peer-reviewed journal";N/A;
679;Round 1;Forward;Vrabie;2025;From Plans to Perceptions: Transferability of Urban Development Strategies into Real-Life Outcomes;Proceedings of the Central and Eastern European eDem and eGov Days 2025;Google Scholar;;Low;No;"Fails: conference proceedings; not peer-reviewed journal";N/A;
680;Round 1;Forward;FRĂȚILĂ;2025;CREAREA UNEI NOI PLATFORME PIAS ÎN SĂNĂTATE ȘI IMPLEMENTAREA DIRECTIVEI EUROPENE NIS 2;Student Papers on Smart Cities and E-Governance (SPoSC&EGOV) Repository;Google Scholar;;Low;No;"Fails: student thesis repository (SPoSC&EGOV); not peer-reviewed journal";N/A;
681;Round 1;Forward;Vrabie;2025;Inteligența artificială și educația;All in on Tech (AIoT);Google Scholar;;Low;No;"Fails: Romanian language blog; not peer-reviewed journal";N/A;
682;Round 1;Forward;Salman;2026;Public Trust Recovery: the Role of Digital Government Public Relations and AI-Assisted Crisis Communication;INJECT (Interdisciplinary Journal of Communication);Google Scholar;;Low;No;"Fails: INJECT journal not indexed in WoS/Scopus; cannot verify peer-review status";N/A;
683;Round 1;Forward;Мухаметов;2024;Цифровое государство в России в кросс-страновой перспективе;Экономика, предпринимательство и право;Google Scholar;;Low;No;"Fails: Russian language; non-English";N/A;
684;Round 1;Forward;Mei, Zhang;2024;Network Public Opinion Environment Shaping for Sustainable Cities by Large Language Model;Available at SSRN 5117779;Google Scholar;;Low;No;"Fails: SSRN preprint; not peer-reviewed journal";N/A;
685;Round 1;Forward;INDICATOR, OVER;2026;NOT OBTAINED;NOT OBTAINED;Google Scholar;;Low;No;"Fails: malformed CSV row; cannot screen";NOT OBTAINED;
686;Round 1;Forward;Öcal, Tunca;2026;Artificial Intelligence (AI) Policies in Public Administration: The Case of Estonia;Modernizing Public Administration With New Digital Advancements;Google Scholar;;Low;No;"Fails: book chapter; not peer-reviewed journal";N/A;
687;Round 1;Forward;Pitea;2024;Dezvoltarea Noilor Tehnologii (RPA/IPA) în Sectorul Public din România;Student Papers on Smart Cities and E-Governance (SPoSC&EGOV) Repository;Google Scholar;;Low;No;"Fails: student thesis repository (SPoSC&EGOV); not peer-reviewed journal";N/A;
688;Round 1;Forward;Iscru;2024;BARIERE ÎN DIGITALIZAREA ADMINISTRAȚIEI PUBLICE DIN ROMÂNIA;Student Papers on Smart Cities and E-Governance (SPoSC&EGOV) Repository;Google Scholar;;Low;No;"Fails: student thesis repository (SPoSC&EGOV); not peer-reviewed journal";N/A;
689;Round 1;Forward;Tucanu;2024;Digitalizarea serviciilor agențiilor județene de ocupare a forței de muncă prin platforma puls–impactul digitalizării;Student Papers on Smart Cities and E-Governance (SPoSC&EGOV) Repository;Google Scholar;;Low;No;"Fails: student thesis repository (SPoSC&EGOV); not peer-reviewed journal";N/A;
690;Round 1;Forward;Vrabie;2025;From Presence to Performance: Mapping the Digital Maturity of Romanian Municipalities;Administrative Sciences;Google Scholar;;Low;No;Fails: duplicate of ID 645;10.3390/admsci15040147;
691;Round 1;Forward;SPĂTARU, POPESCU;2025;MODERNIZING PUBLIC ADMINISTRATION: E-GOVERNMENT AS A TOOL FOR EFFECTIVE GOVERNANCE;EU Digital Strategy: Governance, Innovation and Business.;Google Scholar;;Low;No;"Fails: book chapter; not peer-reviewed journal";N/A;
692;Round 1;Forward;Glenc;2024;Digitalization of public consultations in rural municipalities of the Wielkopolskie Voivodship;Rozwój Regionalny i Polityka Regionalna;Google Scholar;;Low;No;"Fails: Polish language (Rozwój Regionalny i Polityka Regionalna); non-English";N/A;
693;Round 1;Forward;Nicolae, Bigan;2025;Would The Smart Cities’ Entities Be More Systemically-And-Indicatorial Comparatively Self-Asserted By The Respective Previous/Current Cities-Focused-Evolution?;Smart Cities and Regional Development (SCRD) Preprints;Google Scholar;;Low;No;"Fails: book chapter; not peer-reviewed journal";N/A;
694;Round 1;Forward;Zhu, Xu;2024;12 HCI in E-Government;Human-Computer Interaction in Various Application Domains;Google Scholar;;Low;No;"Fails: book chapter; not peer-reviewed journal";N/A;
695;Round 1;Forward;Bulz, Bigan;2025;Would The Smart Cities' Entities Be More Systemically-And-Indicatorial Comparatively Self-Asserted By The Respective Previous/Current Cities-Focused-Evolution?;Current Cities-Focused-Evolution;Google Scholar;;Low;No;"Fails: book chapter; not peer-reviewed journal";N/A;
696;Round 1;Forward;Tămaș;2025;TEHNOLOGII AI FOLOSITE ÎN DEZVOLTAREA APLICAȚIILOR DIN SECTORUL PUBLIC;Student Papers on Smart Cities and E-Governance (SPoSC&EGOV) Repository;Google Scholar;;Low;No;"Fails: student thesis repository (SPoSC&EGOV); not peer-reviewed journal";N/A;
697;Round 1;Forward;Vrabie;2024;Guvernarea electronică 3.0: Un model AI de soluționare automatizată a petițiilor;Smart Cities International Conference (SCIC) Proceedings;Google Scholar;;Low;No;"Fails: conference proceedings; not peer-reviewed journal; Romanian language";N/A;
698;Round 1;Forward;Huayra Romero, Contreras Rivera;2025;Políticas públicas basadas en datos e inteligencia artificial: revisión sistemática sobre modernización del estado y transformación digital;Revista Impulso;Google Scholar;;Low;No;"Fails: Spanish language; non-English";N/A;
699;Round 1;Forward;Bulz, Bulz, Bulz;2024;Could Not Be The;Available at SSRN 5046998;Google Scholar;;Low;No;"Fails: SSRN preprint; not peer-reviewed journal";N/A;
700;Round 1;Forward;Hareț;2026;EVOLUȚII RECENTE ALE DIGITALIZĂRII ȘI E-GUVERNANȚEI ÎN ADMINISTRAȚIA PUBLICĂ DIN ROMÂNIA;Student Papers on Smart Cities and E-Governance (SPoSC&EGOV) Repository;Google Scholar;;Low;No;"Fails: student thesis repository (SPoSC&EGOV); not peer-reviewed journal";N/A;
701;Round 1;Forward;Săileanu;2025;Importanța și implementarea inteligenței artificiale în orașele de tip smart city;Student Papers on Smart Cities and E-Governance (SPoSC&EGOV) Repository;Google Scholar;;Low;No;"Fails: student thesis repository (SPoSC&EGOV); not peer-reviewed journal";N/A;
702;Round 1;Forward;Grigoras;2024;STUDIU DE FEZABILITATE PENTRU OBIECTIVUL DE INVESTITII “AMPLASARE STATII DE REINCARCARE PENTRU VEHICULE ELECTRICE, ELECTRICE HIBRID ȘI PLUG-IN”;Student Papers on Smart Cities and E-Governance (SPoSC&EGOV) Repository;Google Scholar;;Low;No;"Fails: student thesis repository (SPoSC&EGOV); not peer-reviewed journal";N/A;
703;Round 1;Forward;Thabakgolo, Mosweu;2026;ARTIFICIAL INTELLIGENCE IN ELECTRONIC RECORDS AND INFORMATION MANAGEMENT: EXPLORING OPPORTUNITIES AND CHALLENGES IN BOTSWANA'S PUBLIC SECTOR;NOT OBTAINED;Google Scholar;;Low;No;"Fails: year unresolvable; book chapter; not peer-reviewed journal";NOT OBTAINED;
704;Round 1;Forward;Paez, Molina, Alvarez;2025;Aprendizaje automático: modelos de comunicación estado-ciudadanía en redes sociales desde el gobierno digital;Transdigital;Google Scholar;;Low;No;"Fails: Spanish language; non-English";N/A;
705;Round 1;Forward;Glenc;2024;Cyfryzacja konsultacji społecznych w gminach wiejskich województwa wielkopolskiego;Rozwój Regionalny i Polityka Regionalna/Instytut Geografii Społeczno-Ekonomicznej i Gospodarki Przestrzennej Uniwersytetu im. Adama Mickiewicza w Poznaniu;Google Scholar;;Low;No;"Fails: Polish language; non-English";N/A;
706;Round 1;Forward;MOSCA;2026;Administrative traditions and barriers to AI implementation in public administration: an exploratory study with case studies from Italy and Spain;NOT OBTAINED;Google Scholar;;Low;No;"Fails: year/journal unresolvable; likely working paper or unpublished";NOT OBTAINED;
707;Round 1;Forward;Elena, Cristian-Mihai;2024;An assessment of advanced digital government readiness and related ethical concerns in Romania in the EU digital decade. From missed opportunities to silver linings;Smart Cities International Conference (SCIC) Proceedings;Google Scholar;;Low;No;"Fails: conference proceedings (Smart Cities International Conference); not peer-reviewed journal";N/A;
708;Round 1;Forward;Cotovelea;2025;Aplicarea inteligenței artificiale în procesele de luare a deciziilor la nivelul Uniunii Europene;Student Papers on Smart Cities and E-Governance (SPoSC&EGOV) Repository;Google Scholar;;Low;No;"Fails: student thesis repository (SPoSC&EGOV); not peer-reviewed journal";N/A;
709;Round 1;Forward;Găină;2025;Eficientizarea recrutării în administrația publică. Modernizarea concursului ANFP;Student Papers on Smart Cities and E-Governance (SPoSC&EGOV) Repository;Google Scholar;;Low;No;"Fails: student thesis repository (SPoSC&EGOV); not peer-reviewed journal";N/A;
710;Round 1;Forward;Claudia-Livia;2024;Smart governance: a framework for the future;Smart Cities International Conference (SCIC) Proceedings;Google Scholar;;Low;No;"Fails: conference proceedings (Smart Cities International Conference); not peer-reviewed journal";N/A;
711;Round 1;Forward;Gaina;2024;Analiza impactului inteligenței artificiale asupra eficienței serviciilor publice;Student Papers on Smart Cities and E-Governance (SPoSC&EGOV) Repository;Google Scholar;;Low;No;"Fails: student thesis repository (SPoSC&EGOV); not peer-reviewed journal";N/A;
712;Round 1;Forward;CHEEANĂ;2025;Eficientizarea Administrației Publice prin Digitalizare și Inteligența Artificială;Student Papers on Smart Cities and E-Governance (SPoSC&EGOV) Repository;Google Scholar;;Low;No;"Fails: student thesis repository (SPoSC&EGOV); not peer-reviewed journal";N/A;
713;Round 1;Forward;Pahontu, Arsene;2024;Utilsmart Utilities solution for smart cities;Smart Cities International Conference (SCIC) Proceedings;Google Scholar;;Low;No;"Fails: conference proceedings (Smart Cities International Conference); not peer-reviewed journal";N/A;
714;Round 1;Forward;AVRAM;2025;Digitalizarea Comunicării în Administrația Publică—Studiu de caz: Ministerului Apărării Naționale din România;Student Papers on Smart Cities and E-Governance (SPoSC&EGOV) Repository;Google Scholar;;Low;No;"Fails: student thesis repository (SPoSC&EGOV); not peer-reviewed journal";N/A;
715;Round 1;Forward;Basyo, Ilham, Daud;2023;Adaptive Public Administration and Policy Making in the Context of Globalization, Technology, and International Organizations;Journal Social Civilecial;Google Scholar;;Low;No;Fails: Journal Social Civilecial not a recognized indexed journal;N/A;
716;Round 1;Forward;Barabás;2025;D. & Cardoș I.,-R.(2025). The Impact of Digitalisation on Tax Collection;Management Intercultural, XXVII;Google Scholar;;Low;No;"Fails: Management Intercultural - Romanian conference journal; insufficient peer-review evidence";N/A;
717;Round 1;Forward;Avasiloaie, Semenescu, Popovici et al.;2024;Leveraging NVIDIA AI technologies in the development of REQAPP: a machine learning platform for gathering and defining requirements for smart cities applications;Smart Cities International Conference (SCIC) Proceedings;Google Scholar;;Low;No;"Fails: conference proceedings (Smart Cities International Conference); not peer-reviewed journal";N/A;
718;Round 1;Forward;Dorcea;2024;SOLUȚII SOFTWARE PENTRU STRUCTURILE DE INVESTIGAȚII CRIMINALE ALE POLIȚIEI ROMÂNE;Student Papers on Smart Cities and E-Governance (SPoSC&EGOV) Repository;Google Scholar;;Low;No;"Fails: student thesis repository (SPoSC&EGOV); not peer-reviewed journal";N/A;
719;Round 1;Forward;Florea;2024;Influența rețelelor social-media asupra guvernării în era digitală;Student Papers on Smart Cities and E-Governance (SPoSC&EGOV) Repository;Google Scholar;;Low;No;"Fails: student thesis repository (SPoSC&EGOV); not peer-reviewed journal";N/A;
720;Round 1;Forward;Vrabie;2025;SAVIVALDYBIŲ OPERATYVUMO GERINIMAS PASITELKIANT DIRBTINIO INTELEKTO VALDOMĄ VAIZDŲ ANALIZĘ E. VALDŽIOJE;Viesoji Politika ir Administravimas;Google Scholar;;Low;No;"Fails: Lithuanian-language version of ID 640; non-English; ID 640 included as English version";N/A;
721;Round 1;Forward;Codirlă;2023;Analiza nevoilor de continut a unui website municipal;Student Papers on Smart Cities and E-Governance (SPoSC&EGOV) Repository;Google Scholar;;Low;No;"Fails: student thesis repository (SPoSC&EGOV); not peer-reviewed journal";N/A;
722;Round 1;Forward;Basyo;2023;Journal Social Civilecial;Journal Social Civilecial;Google Scholar;;Low;No;Fails: Journal Social Civilecial - malformed entry/not recognized indexed journal;N/A;
723;Round 1;Forward;Fathinuddin, Hediyanto, Widjajarto et al.;2023;NOT OBTAINED;SEIKO: Journal of Management & Business;Google Scholar;;Low;No;"Fails: title unresolvable; cannot screen";NOT OBTAINED;
724;Round 1;Forward;Cantens;2023;Comment pensera l'État avec ChatGPT? Les douanes comme illustration de l'intelligence artificielle générative dans les administrations publiques;NOT OBTAINED;Google Scholar;;Low;No;"Fails: FERDI Document de travail; not peer-reviewed journal; French language";NOT OBTAINED;
725;Round 1;Forward;Cantens;2023;Comment pensera l’État avec ChatGPT? WP330;NOT OBTAINED;Google Scholar;;Low;No;"Fails: FERDI Working Paper; not peer-reviewed journal; duplicate";NOT OBTAINED;
726;Round 1;Forward;de Albuquerque, Wensing, Joppi Filho;2026;Inteligência Artificial Generativa (IAG): perspectivas inéditas no controle público;NOT OBTAINED;Google Scholar;;Low;No;"Fails: journal/year unresolvable; Portuguese language; grey literature";NOT OBTAINED;
727;Round 2;Backward;Iansiti & Lakhani;2014;Digital Ubiquity: How Connections, Sensors, and Data Are Revolutionizing Business;Harvard Business Review;Unknown;Digital Transformation, Connectivity, Sensors, Data, Business Models;Low;No;Fails: Harvard Business Review is not a peer-reviewed journal;N/A;
728;Round 2;Backward;Iansiti & Levien;2004;Strategy as Ecology;Harvard Business Review;Unknown;Business Ecosystems, Strategy, Organizational Theory, Competitive Dynamics;Low;No;"Fails: Harvard Business Review is not a peer-reviewed journal; also no C1/C3";N/A;
729;Round 2;Backward;Adner & Kapoor;2016;Right Tech, Wrong Time;Harvard Business Review;Unknown;Technology Adoption, Innovation Timing, Disruption, Ecosystem;Low;No;"Fails: Harvard Business Review is not a peer-reviewed journal; also no C1/C3";N/A;
730;Round 2;Backward;Annalect;2017;Blockchain pulls marketing into uncharted territory;NOT OBTAINED;Unknown;Blockchain, Marketing;Low;No;Fails: industry/web report (Annalect), grey literature, not peer-reviewed;N/A;
731;Round 2;Backward;Ashraf, Thongpapanl & Auh;2014;The application of the technology acceptance model under different cultural contexts: The case of online shopping adoption;Journal of International Marketing;Scopus;Technology Acceptance Model, Cultural Context, Online Shopping, TAM;Low;No;"Fails: TAM study on online shopping adoption; no blockchain/DLT or sustainability-as-stability";N/A;
732;Round 2;Backward;Blockgeeks;2017;Smart contracts: The blockchain technology that will replace lawyers;NOT OBTAINED;Unknown;Smart Contracts, Blockchain, Legal;Low;No;Fails: industry web guide (Blockgeeks), grey literature, not peer-reviewed;N/A;
733;Round 2;Backward;CBS;2015;These cybercrime statistics will make you think twice about your password;NOT OBTAINED;Unknown;Cybercrime, Statistics, Security;Low;No;Fails: news article (CBS), grey literature;N/A;
734;Round 2;Backward;CoinDesk;2017;Bitcoin (USD) price;NOT OBTAINED;Unknown;Bitcoin, Cryptocurrency, Price;Low;No;Fails: CoinDesk price tracker, grey literature;N/A;
735;Round 2;Backward;Cooper & Zmud;1990;Information technology implementation research: A technological diffusion approach;Management Science;Scopus;Information Technology, Implementation, Technology Diffusion, Adoption;Low;No;"Fails: IT diffusion adoption study; no blockchain/decentralization or sustainability-as-stability";N/A;
736;Round 2;Backward;Crosby, Pattanayak, Verma & Kalyanaraman;2016;Blockchain technology: Beyond bitcoin;Applied Innovation;Unknown;Blockchain, Bitcoin, DLT, Distributed Ledger;Low;No;"Fails: short article on blockchain basics only (C1); no C2/C3; journal indexing unclear";N/A;
737;Round 2;Backward;C-TPAT Training Seminar;2010;C-TPAT 5 step risk assessment process guide;NOT OBTAINED;Unknown;Supply Chain Security, Risk Assessment, Customs;Low;No;Fails: government training document, grey literature;N/A;
738;Round 2;Backward;Davis;1989;Perceived usefulness, perceived ease of use, and user acceptance of information technology;MIS Quarterly;Scopus;Technology Acceptance Model, TAM, Information Technology, User Acceptance;Low;No;"Fails: foundational TAM paper; no blockchain/decentralization or sustainability-as-stability";N/A;
739;Round 2;Backward;De;2018;Report: South Korea eyes joint crypto regulations with China, Japan;NOT OBTAINED;Unknown;Cryptocurrency, Regulation, South Korea, Blockchain Governance;Low;No;Fails: news article (Coindesk), grey literature;N/A;
740;Round 2;Backward;Eyefortransport;2017;2017 supply chain trends recap;NOT OBTAINED;Unknown;Supply Chain, Trends, Blockchain, Logistics;Low;No;Fails: industry report (EH Publishing), grey literature;N/A;
741;Round 2;Backward;Fallahpour, Shirmohammadi, Semsarzadeh & Zhao;2014;Tampering detection in compressed digital video using watermarking;IEEE Transactions on Instrumentation and Measurement;Scopus;Watermarking, Tampering Detection, Digital Video, Security;Low;No;"Fails: digital watermarking/security; no blockchain/decentralization or sustainability-as-stability";N/A;
742;Round 2;Backward;Gartner;2017;Forecast: Blockchain business value, worldwide, 2017-2030;NOT OBTAINED;Unknown;Blockchain, Business Value, Forecast, Digital Transformation;Low;No;Fails: Gartner industry forecast, grey literature;N/A;
743;Round 2;Backward;Green;2017;Will blockchain accelerate trade flows?;NOT OBTAINED;Unknown;Blockchain, Trade, Supply Chain, Maersk;Low;No;Fails: news article (Financial Times), grey literature;N/A;
744;Round 2;Backward;Hackett;2017;Blockchain mania;NOT OBTAINED;Unknown;Blockchain, Cryptocurrency, Bitcoin;Low;No;Fails: trade press article (Fortune), grey literature;N/A;
745;Round 2;Backward;Hackett;2017;Maersk and Microsoft tested a blockchain for shipping insurance;NOT OBTAINED;Unknown;Blockchain, Maersk, Shipping, Insurance;Low;No;Fails: trade press article (Fortune), grey literature;N/A;
746;Round 2;Backward;Higgins;2017;The US Treasury is testing distributed ledger asset tracking;NOT OBTAINED;Unknown;Distributed Ledger, Asset Tracking, US Treasury, Blockchain;Low;No;Fails: news article (Coindesk), grey literature;N/A;
747;Round 2;Backward;Holden;2017;Survey: Enterprise interest in blockchain is heating up;NOT OBTAINED;Unknown;Blockchain, Enterprise Adoption, Survey;Low;No;Fails: trade press survey (VentureBeat), grey literature;N/A;
748;Round 2;Backward;IBM;2017;The benefits of blockchain to supply chain networks;NOT OBTAINED;Unknown;Blockchain, Supply Chain, IBM, Digital Transformation;Low;No;Fails: industry white paper (IBM), grey literature;N/A;
749;Round 2;Backward;Icertis;2017;Smart contracts are transforming the way we do business;NOT OBTAINED;Unknown;Smart Contracts, Blockchain, Business Transformation;Low;No;Fails: industry white paper (Icertis), grey literature;N/A;
750;Round 2;Backward;Langley;2017;The 2018 22nd annual third-party logistics (3PL) study;NOT OBTAINED;Unknown;Third-Party Logistics, Supply Chain, Annual Study;Low;No;Fails: industry annual study (Infosys Consulting), grey literature;N/A;
751;Round 2;Backward;Lemieux;2016;Trusting records: Is blockchain technology the answer?;Records Management Journal;Scopus;Blockchain, Records Management, Trust, Distributed Ledger;Low;Yes;"Passes: blockchain/DLT (C1) + digital transformation of records governance (C2) + institutional trust and records stability (C3); Records Management Journal (Scopus)";10.1108/RMJ-12-2015-0042;
752;Round 2;Backward;Mainelli & Smith;2015;Sharing ledgers for sharing economies: An exploration of mutual distributed ledgers (aka blockchain technology);The Journal of Financial Perspectives;Not indexed;Blockchain, Distributed Ledger, Sharing Economy, Financial Systems;Low;Yes;"Passes: DLT/blockchain (C1) + digital transformation of financial systems (C2) + sharing economies institutional stability (C3); Journal of Financial Perspectives indexing to verify";10.2139/ssrn.3083963;
753;Round 2;Backward;Maruping, Bala, Venkatesh & Brown;2017;Going beyond intention: Integrating behavioral expectation into the unified theory of acceptance and use of technology;Journal of the Association for Information Science and Technology;Scopus;Technology Adoption, UTAUT, Behavioral Expectation, Information Science;Low;No;"Fails: technology adoption theory (UTAUT); no blockchain/decentralization or sustainability-as-stability";N/A;
754;Round 2;Backward;Maruti Techlab;2017;What is blockchain and understand its key benefits;NOT OBTAINED;Unknown;Blockchain, Benefits, Technology;Low;No;Fails: industry web article (Maruti Techlab), grey literature;N/A;
755;Round 2;Backward;Mathieson;1991;Predicting user intentions: Comparing the technology acceptance model with the theory of planned behavior;Information Systems Research;Scopus;Technology Acceptance Model, Theory of Planned Behavior, User Intentions;Low;No;"Fails: TAM/TPB user intention study; no blockchain/decentralization or sustainability-as-stability";N/A;
756;Round 2;Backward;Min;2016;Global business analytics models: Concepts and applications in predictive, healthcare, supply chain, and finance analytics;NOT OBTAINED;Unknown;Business Analytics, Supply Chain, Predictive Analytics, Finance;Low;No;Fails: textbook (Pearson Education), not peer-reviewed journal;N/A;
757;Round 2;Backward;Min & Shin;2012;The use of radio frequency identification technology for managing the global supply chain: An exploratory study of the Korean logistics industry;International Journal of Logistics Systems and Management;Scopus;RFID, Supply Chain, Logistics, Korea;Low;No;"Fails: RFID in supply chain; no blockchain/decentralization or sustainability-as-stability";N/A;
758;Round 2;Backward;Oliveira & Martins;2011;Literature review of information technology adoption models at firm level;The Electronic Journal Information Systems Evaluation;Unknown;IT Adoption, Technology Adoption Models, Firm Level, Literature Review;Low;No;"Fails: IT adoption models review; no blockchain/decentralization or sustainability-as-stability";N/A;
759;Round 2;Backward;Raval;2016;Decentralized applications: Harnessing Bitcoin's blockchain technology;NOT OBTAINED;Unknown;Decentralized Applications, Blockchain, Bitcoin, DApps;Low;No;"Fails: book (O'Reilly Media), not peer-reviewed journal; C1 only";N/A;
760;Round 2;Backward;Ray;2017;Blockchains versus traditional databases;NOT OBTAINED;Unknown;Blockchain, Databases, Distributed Ledger, Comparison;Low;No;Fails: web article (Hacker Noon), grey literature;N/A;
761;Round 2;Backward;Statista;2016;Statistics and market data on cyber crime;NOT OBTAINED;Unknown;Cybercrime, Statistics, Market Data;Low;No;Fails: online database (Statista), grey literature;N/A;
762;Round 2;Backward;Szabo;1997;Formalizing and securing relationships on public networks;First Monday;Unknown;Smart Contracts, Public Networks, Cryptography, Decentralization;Low;No;Fails: published 1997, before 2015 cutoff;N/A;
763;Round 2;Backward;Takahashi;2017;How can creative industries benefit from blockchain?;NOT OBTAINED;Unknown;Blockchain, Creative Industries, Digital Transformation;Low;No;Fails: McKinsey industry article, grey literature;N/A;
764;Round 2;Backward;Tapscott & Tapscott;2016;Blockchain revolution: How the technology behind Bitcoin is changing money, business, and the world;NOT OBTAINED;Unknown;Blockchain, Bitcoin, Digital Transformation, Business Revolution;Low;No;Fails: book (Penguin), not peer-reviewed journal;N/A;
765;Round 2;Backward;Underwood;2016;Blockchain beyond bitcoin;Communications of the ACM;Scopus;Blockchain, Bitcoin, Distributed Systems, Applications;Low;No;"Fails: short 2-page column in CACM on blockchain basics only (C1); insufficient C2/C3 for inclusion";N/A;
766;Round 2;Backward;Yli-Huumo, Ko, Choi, Park & Smolander;2016;Where is current research on blockchain technology? A systematic review;PLoS One;Scopus;Blockchain, Systematic Review, Research Landscape, DLT;Low;No;"Fails: PLoS One systematic review of blockchain research (C1 only); no explicit C2/C3";10.1371/journal.pone.0163477;
767;Round 2;Backward;Abeyratne & Monfared;2016;Blockchain Ready Manufacturing Supply Chain Using Distributed Ledger;International Journal of Research in Engineering and Technology;Unknown;Blockchain, Supply Chain, Distributed Ledger, Manufacturing;Low;No;Fails: duplicate — already included as ID 91;N/A;
768;Round 2;Backward;Allison;2017;Maersk and IBM Want 10 Million Shipping Containers on the Global Supply Blockchain by Year-End;NOT OBTAINED;Unknown;Blockchain, Maersk, IBM, Container Shipping, Supply Chain;Low;No;Fails: news article (2017), grey literature;N/A;
769;Round 2;Backward;Apte & Petrovsky;2016;Will Blockchain Technology Revolutionize Excipient Supply Chain Management?;Journal of Excipients and Food Chemicals;Unknown;Blockchain, Supply Chain, Pharmaceutical, Excipients;Low;No;"Fails: blockchain in pharmaceutical supply chain; sustainability is product safety not stable governance development";N/A;
770;Round 2;Backward;Casey & Wong;2017;Global Supply Chains Are About to Get Better, Thanks to Blockchain;NOT OBTAINED;Unknown;Blockchain, Supply Chain, Global Trade, Digital Transformation;Low;No;Fails: practitioner/news article, grey literature;N/A;
771;Round 2;Backward;Christidis & Devetsikiotis;2016;Blockchains and Smart Contracts for the Internet of Things;IEEE Access;SSCI/SCI;Blockchain, Smart Contracts, Internet of Things, IoT, Decentralization;Low;Yes;"Passes: blockchain/smart contracts (C1) + digital transformation of IoT systems (C2); IEEE Access (SSCI/Scopus); institutional governance of IoT infrastructure (C3) implied";10.1109/ACCESS.2016.2566339;
772;Round 2;Backward;Chu, Ream & Schatsky;2016;CFO Insights: Getting Smart About Smart Contracts;NOT OBTAINED;Unknown;Smart Contracts, Blockchain, Finance, CFO;Low;No;Fails: Deloitte industry report, grey literature;N/A;
773;Round 2;Backward;DeCovny;2017;Experts Discuss Tackling Pharma Supply Chain Issues With Blockchain;NOT OBTAINED;Unknown;Blockchain, Pharmaceutical, Supply Chain, Drug Safety;Low;No;Fails: trade press article, grey literature;N/A;
774;Round 2;Backward;Dickson;2016;Blockchain Has the Potential to Revolutionize the Supply Chain;NOT OBTAINED;Unknown;Blockchain, Supply Chain, Digital Transformation;Low;No;Fails: trade press article, grey literature;N/A;
775;Round 2;Backward;Eastwood;2017;Why Blockchain is the Future of IoT;NOT OBTAINED;Unknown;Blockchain, IoT, Internet of Things, Distributed Systems;Low;No;Fails: trade press article, grey literature;N/A;
776;Round 2;Backward;Gartner;2015;"Gartner Says 6.4 Billion Connected ""Things"" Will Be in Use in 2016, Up 30 Percent From 2015";NOT OBTAINED;Unknown;IoT, Connected Devices, Gartner, Digital Transformation;Low;No;Fails: Gartner tech report, grey literature;N/A;
777;Round 2;Backward;Groenfeldt;2017;IBM And Maersk Apply Blockchain To Container Shipping;NOT OBTAINED;Unknown;Blockchain, IBM, Maersk, Container Shipping, Supply Chain;Low;No;Fails: trade press article, grey literature;N/A;
778;Round 2;Backward;Hackett;2016;Walmart and IBM Are Partnering to Put Chinese Pork on a Blockchain;NOT OBTAINED;Unknown;Blockchain, Walmart, IBM, Food Supply Chain, Traceability;Low;No;Fails: trade press article (Fortune), grey literature;N/A;
779;Round 2;Backward;Hackett;2017;Wal-Mart Explores Blockchain for Delivery Drones;NOT OBTAINED;Unknown;Blockchain, Walmart, Drones, Logistics, IoT;Low;No;Fails: trade press article (Fortune), grey literature;N/A;
780;Round 2;Backward;Hair, Black, Babin & Anderson;2009;Multivariate Data Analysis;NOT OBTAINED;Unknown;Multivariate Analysis, Statistics, Research Methods;Low;No;Fails: textbook (Prentice Hall), not peer-reviewed journal;N/A;
781;Round 2;Backward;Kersten, Seiter, von See, Hackius & Maurer;2017;Trends and Strategies in Logistics and Supply Chain Management – Digital Transformation Opportunities;NOT OBTAINED;Unknown;Logistics, Supply Chain Management, Digital Transformation, Trends;Low;No;Fails: industry report (DVV Media Group), grey literature;N/A;
782;Round 2;Backward;Lomas;2015;Everledger Is Using Blockchain To Combat Fraud, Starting With Diamonds;NOT OBTAINED;Unknown;Blockchain, Fraud Detection, Diamond, Provenance, Everledger;Low;No;Fails: news article (TechCrunch), grey literature;N/A;
783;Round 2;Backward;Mackey & Nayyar;2017;A Review of Existing and Emerging Digital Technologies to Combat the Global Trade in Fake Medicines;Expert Opinion on Drug Safety;Scopus;Digital Technologies, Pharmaceutical, Counterfeit, Supply Chain, Drug Safety;Low;No;"Fails: digital technologies for pharmaceutical supply chain; sustainability is public health/safety not institutional stability";N/A;
784;Round 2;Backward;Meade & Craig;2012;Identifying Careless Responses in Survey Data;Psychological Methods;Scopus;Survey Methodology, Careless Responses, Research Methods;Low;No;"Fails: survey methodology paper; no core RQ concepts";N/A;
785;Round 2;Backward;Morabito;2017;Business Innovation Through Blockchain;NOT OBTAINED;Unknown;Blockchain, Business Innovation, Digital Transformation, Supply Chain;Low;No;Fails: book (Springer), not peer-reviewed journal;N/A;
786;Round 2;Backward;O'Marah;2017;Blockchain For Supply Chain: Enormous Potential Down The Road;NOT OBTAINED;Unknown;Blockchain, Supply Chain, Digital Transformation, Potential;Low;No;Fails: trade press article, grey literature;N/A;
787;Round 2;Backward;Petersen, Hackius & Kersten;2016;Blockchains für Produktion und Logistik: Grundlagen, Potenziale und Anwendungsfälle;Zeitschrift für wirtschaftlichen Fabrikbetrieb;Unknown;Blockchain, Logistics, Production, Applications, Potentials;Low;No;"Fails: German-language article; non-English";N/A;
788;Round 2;Backward;Pilkington;2016;Blockchain Technology: Principles and Applications;Research Handbook on Digital Transformations;Unknown;Blockchain, Distributed Ledger, Digital Transformation, Principles, Applications;Low;No;Fails: book chapter (Edward Elgar), not peer-reviewed journal;N/A;
789;Round 2;Backward;Popper & Lohr;2017;Blockchain: A Better Way to Track Pork Chops, Bonds, Bad Peanut Butter?;NOT OBTAINED;Unknown;Blockchain, Supply Chain, Food Safety, Traceability;Low;No;Fails: news article (New York Times), grey literature;N/A;
790;Round 2;Backward;Shaffer;2017;Walmart, IBM Provide Blockchain Update;NOT OBTAINED;Unknown;Blockchain, Walmart, IBM, Food Supply Chain;Low;No;Fails: trade press article, grey literature;N/A;
791;Round 2;Backward;Sutherland, Barnard, Broad et al.;2017;A 2017 Horizon Scan of Emerging Issues for Global Conservation and Biological Diversity;Trends in Ecology and Evolution;Scopus;Conservation, Biodiversity, Horizon Scan, Emerging Issues;Low;No;"Fails: ecology/conservation; sustainability is ecological/environmental; no C1/C2";N/A;
792;Round 2;Backward;Tapscott & Tapscott;2016;Blockchain Revolution: How the Technology Behind Bitcoin is Changing Money, Business, and the World;NOT OBTAINED;Unknown;Blockchain, Bitcoin, Digital Transformation, Business, Economic Change;Low;No;Fails: book (Penguin Random House), not peer-reviewed journal;N/A;
793;Round 2;Backward;Tian;2016;An Agri-food Supply Chain Traceability System for China Based on RFID & Blockchain Technology;NOT OBTAINED;Unknown;Blockchain, RFID, Agri-food, Supply Chain, Traceability;Low;No;Fails: conference paper (ICSSSM 2016), not peer-reviewed journal;N/A;
794;Round 2;Backward;Underwood;2016;Blockchain Beyond Bitcoin;Communications of the ACM;Scopus;Blockchain, Bitcoin, Distributed Systems, Applications;Low;No;"Fails: duplicate; short column CACM, insufficient C2/C3";N/A;
795;Round 2;Backward;Xu;2016;Are Blockchains Immune to All Malicious Attacks?;Financial Innovation;Scopus;Blockchain, Security, Malicious Attacks, Distributed Ledger;Low;No;"Fails: blockchain security/malicious attacks focus only (C1); no digital transformation or sustainability-as-stability";N/A;
796;Round 2;Backward;Yli-Huumo, Ko, Choi, Park & Smolander;2016;Where Is Current Research on Blockchain Technology? A Systematic Review;PLoS One;Scopus;Blockchain, Systematic Review, Research Landscape, DLT;Low;No;"Fails: duplicate check; systematic review blockchain (C1) only; no C2/C3";10.1371/journal.pone.0163477;
797;Round 2;Backward;Zhao, Fan & Yan;2016;Overview of Business Innovations and Research Opportunities in Blockchain and Introduction to the Special Issue;Financial Innovation;Scopus;Blockchain, Business Innovation, Research Opportunities, DLT;Low;No;Fails: duplicate — already included as ID 343;N/A;
798;Round 2;Backward;Zheng, Xie, Dai & Wang;2017;Blockchain Challenges and Opportunities: A Survey;International Journal of Web and Grid Services;Scopus;Blockchain, Challenges, Opportunities, Survey, Distributed Systems;Low;No;"Fails: blockchain challenges survey (C1+C2 partial); no sustainability-as-stability dimension";N/A;
799;Round 2;Backward;Admati & Pfleiderer;2009;"The ""Wall Street Walk"" and Shareholder Activism: Exit as a Form of Voice";Review of Financial Studies;Scopus;Shareholder Activism, Corporate Governance, Liquidity, Exit;Low;No;"Fails: corporate finance/governance/insider trading study; no blockchain/decentralization or sustainability-as-stability";N/A;
800;Round 2;Backward;Back, Li & Ljungqvist;2015;Liquidity and Governance;NOT OBTAINED;Unknown;Liquidity, Corporate Governance, Shareholder Activism;Low;No;"Fails: corporate finance/governance/insider trading study; no blockchain/decentralization or sustainability-as-stability";N/A;
801;Round 2;Backward;Baiman & Verrecchia;1996;The Relation Among Capital Markets, Financial Disclosure, Production Efficiency, and Insider Trading;Journal of Accounting Research;Scopus;Capital Markets, Financial Disclosure, Insider Trading, Corporate Governance;Low;No;"Fails: corporate finance/governance/insider trading study; no blockchain/decentralization or sustainability-as-stability";N/A;
802;Round 2;Backward;Bebchuk & Jackson;2012;The Law and Economics of Blockholder Disclosure;Harvard Business Law Review;Unknown;Blockholder, Disclosure, Corporate Governance, Securities Law;Low;No;"Fails: corporate finance/governance/insider trading study; no blockchain/decentralization or sustainability-as-stability";N/A;
803;Round 2;Backward;Bettis, Bizjak & Kalpathy;2015;Why Do Insiders Hedge Their Ownership? An Empirical Investigation;Financial Management;Scopus;Insider Hedging, Corporate Governance, Executive Compensation, Ownership;Low;No;"Fails: corporate finance/governance/insider trading study; no blockchain/decentralization or sustainability-as-stability";N/A;
804;Round 2;Backward;Bheemaiah;2015;Why Business Schools Need to Teach About the Blockchain;NOT OBTAINED;Unknown;Blockchain, Business Education, Digital Transformation;Low;No;"Fails: corporate finance/governance/insider trading study; no blockchain/decentralization or sustainability-as-stability";N/A;
805;Round 2;Backward;Böhme, Christin, Edelman & Moore;2015;Bitcoin: Economics, Technology, and Governance;Journal of Economic Perspectives;Scopus;Bitcoin, Blockchain, Cryptocurrency, Governance, Economics;Low;No;"Fails: corporate finance/governance/insider trading study; no blockchain/decentralization or sustainability-as-stability";N/A;
806;Round 2;Backward;Brav & Matthews;2011;Empty Voting and the Efficiency of Corporate Governance;Journal of Financial Economics;Scopus;Empty Voting, Corporate Governance, Shareholder Rights;Low;No;"Fails: corporate finance/governance/insider trading study; no blockchain/decentralization or sustainability-as-stability";N/A;
807;Round 2;Backward;Brochet;2010;Information Content of Insider Trades Before and After the Sarbanes-Oxley Act;The Accounting Review;Scopus;Insider Trading, Sarbanes-Oxley, Financial Disclosure, Corporate Governance;Low;No;"Fails: corporate finance/governance/insider trading study; no blockchain/decentralization or sustainability-as-stability";N/A;
808;Round 2;Backward;Christoffersen, Geczy, Musto & Reed;2007;Vote Trading and Information Aggregation;Journal of Finance;Scopus;Vote Trading, Corporate Governance, Shareholder Voting, Information;Low;No;"Fails: corporate finance/governance/insider trading study; no blockchain/decentralization or sustainability-as-stability";N/A;
809;Round 2;Backward;Cicero;2009;The Manipulation of Executive Stock Option Exercise Strategies: Information Timing and Backdating;Journal of Finance;Scopus;Stock Options, Executive Compensation, Backdating, Corporate Governance;Low;No;"Fails: corporate finance/governance/insider trading study; no blockchain/decentralization or sustainability-as-stability";N/A;
810;Round 2;Backward;Cohen, Dey & Lys;2008;Real and Accrual-Based Earnings Management in the Pre- and Post-Sarbanes-Oxley Periods;The Accounting Review;Scopus;Earnings Management, Sarbanes-Oxley, Accruals, Financial Reporting;Low;No;"Fails: corporate finance/governance/insider trading study; no blockchain/decentralization or sustainability-as-stability";N/A;
811;Round 2;Backward;Collin-Dufresne & Fos;2015;Do Prices Reveal the Presence of Informed Trading?;Journal of Finance;Scopus;Informed Trading, Price Discovery, Shareholder Activism, Market Microstructure;Low;No;"Fails: corporate finance/governance/insider trading study; no blockchain/decentralization or sustainability-as-stability";N/A;
812;Round 2;Backward;Collin-Dufresne & Fos;2016;Insider Trading, Stochastic Liquidity and Equilibrium Prices;Econometrica;Scopus;Insider Trading, Liquidity, Equilibrium, Market Microstructure;Low;No;"Fails: corporate finance/governance/insider trading study; no blockchain/decentralization or sustainability-as-stability";N/A;
813;Round 2;Backward;Cunningham;2006;Too Big to Fail: Moral Hazard in Auditing and the Need to Restructure the Industry Before it Unravels;Columbia Law Review;Scopus;Auditing, Moral Hazard, Corporate Governance, Financial Regulation;Low;No;"Fails: corporate finance/governance/insider trading study; no blockchain/decentralization or sustainability-as-stability";N/A;
814;Round 2;Backward;Edmans;2009;Blockholder Trading, Market Efficiency, and Managerial Myopia;Journal of Finance;Scopus;Blockholder, Corporate Governance, Market Efficiency, Managerial Myopia;Low;No;"Fails: corporate finance/governance/insider trading study; no blockchain/decentralization or sustainability-as-stability";N/A;
815;Round 2;Backward;Edmans;2014;Blockholders and Corporate Governance;Annual Review of Financial Economics;Scopus;Blockholders, Corporate Governance, Institutional Investors, Ownership;Low;No;"Fails: corporate finance/governance/insider trading study; no blockchain/decentralization or sustainability-as-stability";N/A;
816;Round 2;Backward;Edmans, Fang & Zur;2013;The Effect of Liquidity on Governance;Review of Financial Studies;Scopus;Liquidity, Corporate Governance, Shareholder Activism, Institutional Investors;Low;No;"Fails: corporate finance/governance/insider trading study; no blockchain/decentralization or sustainability-as-stability";N/A;
817;Round 2;Backward;Edmans, Levit & Reilly;2016;Governing Multiple Firms;NOT OBTAINED;Unknown;Corporate Governance, Multiple Firms, Blockholders, Institutional Investors;Low;No;"Fails: corporate finance/governance/insider trading study; no blockchain/decentralization or sustainability-as-stability";N/A;
818;Round 2;Backward;Ernstberger, Link, Stich & Vogler;2016;The Real Effects of Mandatory Quarterly Reporting;NOT OBTAINED;Unknown;Quarterly Reporting, Financial Disclosure, Investment, Managerial Myopia;Low;No;"Fails: corporate finance/governance/insider trading study; no blockchain/decentralization or sustainability-as-stability";N/A;
819;Round 2;Backward;Fishman & Hagerty;1992;Insider Trading and the Efficiency of Stock Prices;RAND Journal of Economics;Scopus;Insider Trading, Stock Prices, Market Efficiency, Information;Low;No;"Fails: corporate finance/governance/insider trading study; no blockchain/decentralization or sustainability-as-stability";N/A;
820;Round 2;Backward;Graham, Harvey & Rajgopal;2006;Value Destruction and Financial Reporting Decisions;Financial Analysts Journal;Scopus;Financial Reporting, Earnings Management, Corporate Governance, Investment;Low;No;"Fails: corporate finance/governance/insider trading study; no blockchain/decentralization or sustainability-as-stability";N/A;
821;Round 2;Backward;Grossman & Hart;1980;Takeover Bids, the Free Rider Problem, and the Theory of the Corporation;Bell Journal of Economics;Scopus;Takeovers, Free Rider Problem, Corporate Governance, Theory of the Firm;Low;No;"Fails: corporate finance/governance/insider trading study; no blockchain/decentralization or sustainability-as-stability";N/A;
822;Round 2;Backward;Haber & Stornetta;1991;How to Time Stamp a Digital Document;Lecture Notes in Computer Science;Scopus;Digital Timestamp, Cryptography, Blockchain, Distributed Ledger, Hash Functions;Low;No;"Fails: published 1991, before 2015 cutoff; foundational cryptography paper";N/A;
823;Round 2;Backward;Heron & Lie;2007;Does Backdating Explain the Stock Price Pattern Around Executive Stock Option Grants?;Journal of Financial Economics;Scopus;Stock Options, Backdating, Executive Compensation, Corporate Governance;Low;No;"Fails: corporate finance/governance; no blockchain/decentralization or sustainability-as-stability";N/A;
824;Round 2;Backward;Holden, Jacobsen & Subrahmanyam;2013;The Empirical Analysis of Liquidity;Foundations and Trends in Finance;Scopus;Liquidity, Market Microstructure, Empirical Finance, Stock Markets;Low;No;"Fails: corporate finance/governance; no blockchain/decentralization or sustainability-as-stability";N/A;
825;Round 2;Backward;Hong, Lim & Stein;2000;Bad News Travels Slowly: Size, Analyst Coverage, and the Profitability of Momentum Strategies;Journal of Finance;Scopus;Information Diffusion, Analyst Coverage, Momentum, Market Efficiency;Low;No;"Fails: corporate finance/governance; no blockchain/decentralization or sustainability-as-stability";N/A;
826;Round 2;Backward;Hu & Black;2006;The New Vote Buying: Empty Voting and Hidden (Morphable) Ownership;Southern California Law Review;Scopus;Empty Voting, Corporate Governance, Shareholder Rights, Ownership;Low;No;"Fails: corporate finance/governance; no blockchain/decentralization or sustainability-as-stability";N/A;
827;Round 2;Backward;Kahan & Rock;2008;The Hanging Chads of Corporate Voting;Georgetown Law Journal;Scopus;Corporate Voting, Shareholder Governance, Proxy Voting, Election Accuracy;Low;No;"Fails: corporate finance/governance; no blockchain/decentralization or sustainability-as-stability";N/A;
828;Round 2;Backward;Kahn & Winton;1998;Ownership Structure, Speculation, and Shareholder Intervention;Journal of Finance;Scopus;Ownership Structure, Shareholder Intervention, Speculation, Corporate Governance;Low;No;"Fails: corporate finance/governance; no blockchain/decentralization or sustainability-as-stability";N/A;
829;Round 2;Backward;Kocherlakota;1998;Money is Memory;Journal of Economic Theory;Scopus;Money, Memory, Economic Theory, Monetary Economics;Low;No;"Fails: corporate finance/governance; no blockchain/decentralization or sustainability-as-stability";N/A;
830;Round 2;Backward;Kraft, Vashishtha & Venkatachalam;2016;Frequent Financial Reporting and Managerial Myopia;NOT OBTAINED;Unknown;Financial Reporting, Managerial Myopia, Quarterly Reporting, Investment;Low;No;"Fails: corporate finance/governance; no blockchain/decentralization or sustainability-as-stability";N/A;
831;Round 2;Backward;Kyle & Vila;1991;Noise Trading and Takeovers;RAND Journal of Economics;Scopus;Noise Trading, Takeovers, Corporate Governance, Market Microstructure;Low;No;"Fails: corporate finance/governance; no blockchain/decentralization or sustainability-as-stability";N/A;
832;Round 2;Backward;Lazanis;2015;How Technology Behind Bitcoin Could Transform Accounting as We Know it;NOT OBTAINED;Unknown;Blockchain, Bitcoin, Accounting, Digital Transformation, Financial Reporting;Low;No;Fails: web article (TechVibes), grey literature;N/A;
833;Round 2;Backward;Lee;2016;New Kids on the Blockchain: How Bitcoin's Technology Could Reinvent the Stock Market;Hastings Business Law Journal;Not indexed;Blockchain, Bitcoin, Stock Market, Financial Institutions, Digital Transformation;High;Yes;"Passes: blockchain/Bitcoin (C1) + digital transformation of stock markets (C2) + implications for institutional financial stability (C3); Hastings Business Law Journal (peer-reviewed law review)";10.2139/ssrn.2656501;
834;Round 2;Backward;Leland;1992;Insider Trading: Should it Be Prohibited?;Journal of Political Economy;Scopus;Insider Trading, Capital Markets, Regulation, Investment;Low;No;"Fails: corporate finance/governance; no blockchain/decentralization or sustainability-as-stability";N/A;
835;Round 2;Backward;Listokin;2008;Management Always Wins the Close Ones;American Law and Economics Review;Scopus;Corporate Voting, Management, Shareholder Elections, Corporate Governance;Low;No;"Fails: corporate finance/governance; no blockchain/decentralization or sustainability-as-stability";N/A;
836;Round 2;Backward;Malinova & Park;2016;Market Design for Trading with Blockchain Technology;NOT OBTAINED;Unknown;Blockchain, Market Design, Trading, Financial Markets, Decentralization;Low;No;Fails: unpublished manuscript (SSRN preprint), not peer-reviewed journal;N/A;
837;Round 2;Backward;Maug;1998;Large Shareholders as Monitors: Is There a Trade-Off Between Liquidity and Control?;Journal of Finance;Scopus;Large Shareholders, Corporate Governance, Liquidity, Monitoring;Low;No;"Fails: published 1998, before 2015 cutoff; corporate governance/liquidity";N/A;
838;Round 2;Backward;Metz;2015;The Bitcoin Schism Shows the Genius of Open Source;NOT OBTAINED;Unknown;Bitcoin, Blockchain Governance, Open Source, Decentralization;Low;No;Fails: magazine article (Wired), grey literature;N/A;
839;Round 2;Backward;Nakamoto;2008;Bitcoin: A Peer-to-Peer Electronic Cash System;NOT OBTAINED;Unknown;Bitcoin, Blockchain, Peer-to-Peer, Cryptocurrency, Decentralization;Low;No;Fails: unpublished whitepaper (2008), grey literature, pre-2015;N/A;
840;Round 2;Backward;Norli, Ostergaard & Schindele;2015;Liquidity and Shareholder Activism;Review of Financial Studies;Scopus;Liquidity, Shareholder Activism, Corporate Governance, Institutional Investors;Low;No;"Fails: corporate finance/governance; no blockchain/decentralization or sustainability-as-stability";N/A;
841;Round 2;Backward;Ronen;2010;Corporate Audits and How to Fix Them;Journal of Economic Perspectives;Scopus;Corporate Auditing, Financial Reporting, Governance, Moral Hazard;Low;No;"Fails: corporate finance/governance; no blockchain/decentralization or sustainability-as-stability";N/A;
842;Round 2;Backward;Roulstone;2003;The Relation Between Insider Trading Restrictions and Executive Compensation;Journal of Accounting Research;Scopus;Insider Trading, Executive Compensation, Corporate Governance, Restrictions;Low;No;"Fails: published 2003, before 2015 cutoff; insider trading/governance";N/A;
843;Round 2;Backward;Schroeder;2015;Bitcoin and the Uniform Commercial Code;NOT OBTAINED;Unknown;Bitcoin, Blockchain, Commercial Law, Virtual Assets, Legal Framework;Low;No;Fails: unpublished manuscript (SSRN), not peer-reviewed journal;N/A;
844;Round 2;Backward;Sisli Ciamarra;2012;Monitoring by Affiliated Bankers on Board of Directors: Evidence from Corporate Financing Outcomes;Financial Management;Scopus;Board of Directors, Banker-Directors, Corporate Governance, Monitoring;Low;No;"Fails: published 2012, before 2015 cutoff; board governance";N/A;
845;Round 2;Backward;Swanson;2015;Watermarked Tokens and Pseudonymity on Public Blockchains;NOT OBTAINED;Unknown;Blockchain, Tokens, Pseudonymity, Colored Coins, Distributed Ledger;Low;No;Fails: unpublished manuscript (2015), grey literature;N/A;
846;Round 2;Backward;Szabo;1994;Smart Contracts;NOT OBTAINED;Unknown;Smart Contracts, Blockchain, Cryptography, Decentralization, Automated Contracts;Low;No;Fails: unpublished manuscript (1994), grey literature, pre-2015;N/A;
847;Round 2;Backward;The Economist;2015;The Great Chain of Being Sure About Things;NOT OBTAINED;Unknown;Blockchain, Trust, Distributed Ledger, Digital Transformation;Low;No;Fails: magazine article (The Economist), grey literature;N/A;
848;Round 2;Backward;Wright & DeFilippi;2015;Decentralized Blockchain Technology and the Rise of Lex Cryptographia;NOT OBTAINED;Unknown;Blockchain, Decentralization, Governance, Smart Contracts, Cryptography;Low;No;Fails: unpublished manuscript (SSRN 2015), not peer-reviewed journal;N/A;
849;Round 2;Backward;Yermack;2009;Deductio Ad Absurdum: CEOs Donating Their Own Stock to Their Own Family Foundations;Journal of Financial Economics;Scopus;Executive Compensation, Stock Backdating, Corporate Governance, CEO;Low;No;"Fails: corporate finance; no blockchain/decentralization or sustainability-as-stability";N/A;
850;Round 2;Backward;Xu, Xu & Li;2018;Industry 4.0: state of the art and future trends;International Journal of Production Research;SSCI/SCI;Industry 4.0, State of the Art, Future Trends, Manufacturing;Low;No;"Fails: Industry 4.0 state-of-the-art review (C2 only); no decentralization (C1) and sustainability-as-stability absent"; C2: Industry 4.0 overview and digitalization trends;10.1080/00207543.2018.1444806
851;Round 2;Backward;Pereira & Romero;2017;A review of the meanings and the implications of the Industry 4.0 concept;Procedia Manufacturing;Scopus;Industry 4.0, Implications, Manufacturing, Digital Transformation;Low;No;Fails: conference proceedings (Procedia Manufacturing), not peer-reviewed journal; C2: Industry 4.0 concept and implications;N/A
852;Round 2;Backward;Oztemel & Gursev;2020;Literature review of Industry 4.0 and related technologies;Journal of Intelligent Manufacturing;SSCI/SCI;Industry 4.0, Literature Review, Technologies, Manufacturing;Low;No;"Fails: Industry 4.0 study (C2 only); no decentralization (C1) and sustainability-as-stability absent"; C2: Industry 4.0 technologies review;10.1007/s10845-018-1433-8
853;Round 2;Backward;Sony, Antony, Mc Dermott & Garza-Reyes;2021;An empirical examination of benefits challenges and critical success factors of industry 4.0 in manufacturing and service sector;Technology in Society;SSCI/SCI;Industry 4.0, Benefits, Challenges, Critical Success Factors, Manufacturing;Low;No;"Fails: Industry 4.0 study (C2 only); no decentralization (C1) and sustainability-as-stability absent"; C2: Industry 4.0 performance factors;10.1016/j.techsoc.2021.101754
854;Round 2;Backward;Dalenogare, Benitez, Ayala & Frank;2018;The expected contribution of Industry 4.0 technologies for industrial performance;International Journal of Production Economics;SSCI/SCI;Industry 4.0, Technologies, Industrial Performance, Manufacturing;Low;No;"Fails: Industry 4.0 study (C2 only); no decentralization (C1) and sustainability-as-stability absent"; C2: Industry 4.0 contribution to performance;10.1016/j.ijpe.2018.08.019
855;Round 2;Backward;Ghobakhloo, Fathi, Iranmanesh, Maroufkhani & Morales;2021;Industry 4.0 ten years on: a bibliometric and systematic review of concepts sustainability value drivers and success determinants;Journal of Cleaner Production;SSCI/SCI;Industry 4.0, Bibliometric, Sustainability, Success Determinants;Low;No;"Fails: Industry 4.0 sustainability bibliometric; sustainability includes ecological framing; no C1"; C2+C3: Industry 4.0 sustainability value;10.1016/j.jclepro.2021.127052
856;Round 2;Backward;Zheng, Ardolino, Bacchetti & Perona;2021;The applications of Industry 4.0 technologies in manufacturing context: a systematic literature review;International Journal of Production Research;SSCI/SCI;Industry 4.0, Applications, Manufacturing, Systematic Review;Low;No;"Fails: Industry 4.0 / digitalization study; no decentralization (C1) and sustainability-as-stability absent or ecological"; C2: Industry 4.0 technology applications;10.1080/00207543.2020.1824085
857;Round 2;Backward;Tirabeni, De Bernardi, Forliano & Franco;2019;How can organisations and business models lead to a more sustainable society? A framework from a systematic review of the industry 4.0;Sustainability;SSCI/SCI;Industry 4.0, Business Models, Sustainable Society, Framework;Low;No;"Fails: Industry 4.0 / digitalization study; no decentralization (C1) and sustainability-as-stability absent or ecological"; C3: social sustainability framework;10.3390/su11226363
858;Round 2;Backward;Lee & Lim;2021;From Technological Development to Social Advance: A Review of Industry 4.0 through Machine Learning;Technological Forecasting and Social Change;SSCI/SCI;Industry 4.0, Machine Learning, Social Advance, Technology Review;Low;No;"Fails: Industry 4.0 / digitalization study; no decentralization (C1) and sustainability-as-stability absent or ecological"; C2+C3: ML review of Industry 4.0 social implications;10.1016/j.techfore.2021.120653
859;Round 2;Backward;Neumann, Winkelhaus, Grosse & Glock;2021;Industry 4.0 and the human factor - A systems framework and analysis methodology for successful development;International Journal of Production Economics;SSCI/SCI;Industry 4.0, Human Factor, Systems Framework, Employment;Low;No;"Fails: Industry 4.0 / digitalization study; no decentralization (C1) and sustainability-as-stability absent or ecological"; C2+C3: human factor in Industry 4.0;10.1016/j.ijpe.2020.107992
860;Round 2;Backward;Narayanamurthy & Tortorella;2021;Impact of COVID-19 outbreak on employee performance - moderating role of industry 4.0 base technologies;International Journal of Production Economics;SSCI/SCI;COVID-19, Employee Performance, Industry 4.0, Moderating Role;Low;No;"Fails: Industry 4.0 / digitalization study; no decentralization (C1) and sustainability-as-stability absent or ecological"; C2+C3: Industry 4.0 and employment resilience;10.1016/j.ijpe.2021.108075
861;Round 2;Backward;Postelnicu & Calea;2019;The fourth industrial revolution. Global risks local challenges for employment;Montenegrin Journal of Economics;Scopus;Fourth Industrial Revolution, Employment, Global Risks, Local Challenges;Low;No;"Fails: 4IR employment challenges; no decentralization (C1)"; C3: employment challenges of Industry 4.0;N/A
862;Round 2;Backward;Zemtsov;2020;New technologies potential unemployment and nescience economy during and after the 2020 economic crisis;Regional Science Policy and Practice;Scopus;New Technologies, Unemployment, Nescience Economy, Economic Crisis;Low;No;"Fails: 4IR employment challenges; no decentralization (C1)"; C3: technological unemployment risks;10.1111/rsp3.12286
863;Round 2;Backward;Pittaway, Robertson, Munir, Denyer & Neely;2004;Networking and innovation: a systematic review of the evidence;International Journal of Management Reviews;SSCI/SCI;Networking, Innovation, Systematic Review, Evidence;Low;No;"Fails: methodology paper (systematic review/grey literature); no core RQ concepts"; methodology: systematic review approach;10.1111/j.1460-8545.2004.00019.x
864;Round 2;Backward;Favin, Steinglass, Fields, Banerjee & Sawhney;2012;Why children are not vaccinated: a review of the grey literature;International Health;SSCI/SCI;Vaccination, Grey Literature, Children, Review;Low;No;"Fails: methodology paper (systematic review/grey literature); no core RQ concepts"; methodology: grey literature review;10.1016/j.inhe.2012.07.004
865;Round 2;Backward;Soldani, Tamburri & Van Den Heuvel;2018;The pains and gains of microservices: a Systematic grey literature review;Journal of Systems and Software;SSCI/SCI;Microservices, Grey Literature, Systematic Review, Software;Low;No;"Fails: methodology paper (systematic review/grey literature); no core RQ concepts"; methodology: grey literature review;10.1016/j.jss.2018.09.082
866;Round 2;Backward;de Zubielqui, Fryges & Jones;2019;Social media open innovation and HRM: implications for performance;Technological Forecasting and Social Change;SSCI/SCI;Social Media, Open Innovation, HRM, Performance;Low;No;"Fails: methodology paper (systematic review/grey literature); no core RQ concepts"; methodology: systematic review;10.1016/j.techfore.2019.03.020
867;Round 2;Backward;Magistretti, Dell'Era & Verganti;2020;Searching for the right application: a technology development review and research agenda;Technological Forecasting and Social Change;SSCI/SCI;Technology Development, Application, Review, Research Agenda;Low;No;"Fails: methodology paper (systematic review/grey literature); no core RQ concepts"; methodology: systematic review;10.1016/j.techfore.2019.119879
868;Round 2;Backward;Noon, Blyton & Morrell;2013;The Realities of Work: Experiencing Work and Employment in Contemporary Society;Macmillan International Higher Education;Unknown;Work, Employment, Contemporary Society, Labour;Low;No;"Fails: textbook, not peer-reviewed journal; no core RQ concepts"; C3: social sustainability and work realities;N/A
869;Round 2;Backward;Benesova & Tupa;2017;Requirements for education and qualification of people in Industry 4.0;Procedia Manufacturing;Scopus;Education, Qualification, Industry 4.0, Skills;Low;No;"Fails: methodology paper; no core RQ concepts"; C3: education and skills for Industry 4.0;N/A
870;Round 2;Backward;Deci, Olafsen & Ryan;2017;Self-determination theory in work organizations: the state of a science;Annual Review of Organizational Psychology and Organizational Behavior;SSCI/SCI;Self-Determination Theory, Work Organizations, Motivation, Psychology;Low;No;"Fails: methodology paper; no core RQ concepts"; C3: work motivation and social sustainability;10.1146/annurev-orgpsych-032516-113108
871;Round 2;Backward;Perianes-Rodriguez, Waltman & Van Eck;2016;Constructing bibliometric networks: a comparison between full and fractional counting;Journal of Informetrics;SSCI/SCI;Bibliometric Networks, Fractional Counting, VOSviewer, Methodology;Low;No;"Fails: methodology paper; no core RQ concepts"; methodology: bibliometric analysis;10.1016/j.joi.2016.10.006
872;Round 2;Backward;Shah, Lei, Ali, Doronin & Hussain;2019;Prosumption: Bibliometric Analysis Using HistCite and VOSviewer;Kybernetes;Scopus;Prosumption, Bibliometric Analysis, HistCite, VOSviewer;Low;No;"Fails: methodology paper; no core RQ concepts"; methodology: bibliometric tools;N/A
873;Round 2;Backward;Lisee, Lariviere & Archambault;2008;Conference proceedings as a source of scientific information: a bibliometric analysis;Journal of the American Society for Information Science and Technology;SSCI/SCI;Conference Proceedings, Scientific Information, Bibliometric Analysis;Low;No;"Fails: methodology paper; no core RQ concepts"; methodology: exclusion of conference papers;10.1002/asi.20888
874;Round 2;Backward;Riehmann, Hanfler & Froehlich;2005;Interactive Sankey Diagrams;IEEE Symposium on Information Visualization;Scopus;Sankey Diagrams, Visualization, Information, Interactive;Low;No;"Fails: methodology paper; no core RQ concepts"; methodology: Sankey diagram visualization;10.1109/infvis.2005.1532152
875;Round 2;Backward;Benzies, Premji, Hayden & Serrett;2006;State-of-the-Evidence Reviews: Advantages and Challenges of Including Grey Literature;Worldviews on Evidence-Based Nursing;SSCI/SCI;Grey Literature, Evidence Reviews, Systematic Review, Methodology;Low;No;"Fails: methodology paper; no core RQ concepts"; methodology: grey literature inclusion;10.1111/j.1741-6787.2006.00051.x
876;Round 2;Backward;Mahood, Eerd & Irvin;2014;Searching for grey literature for systematic reviews: challenges and benefits;Research Synthesis Methods;SSCI/SCI;Grey Literature, Systematic Reviews, Search Strategy, Methodology;Low;No;"Fails: methodology paper; no core RQ concepts"; methodology: grey literature search;10.1002/jrsm.1106
877;Round 2;Backward;Richard, Palie & Sigismund;2016;Shades of grey: guidelines for working with the grey literature in systematic reviews for management and organizational studies;International Journal of Management Reviews;SSCI/SCI;Grey Literature, Systematic Reviews, Management, Guidelines;Low;No;"Fails: methodology paper; no core RQ concepts"; methodology: grey literature in management research;10.1111/ijmr.12102
878;Round 2;Backward;Bird, Klein & Loper;2009;Natural Language Processing with Python;O'Reilly Media;Unknown;Natural Language Processing, Python, Text Mining, Machine Learning;Low;No;"Fails: NLP/sentiment analysis/text mining methodology; no core RQ concepts"; methodology: text mining NLP;N/A
879;Round 2;Backward;Yoon & Park;2004;A text-mining-based patent network: analytical tool for high technology trend;Journal of High Technology Management Research;Scopus;Text Mining, Patent Network, Technology Trend, Analytical Tool;Low;No;"Fails: NLP/sentiment analysis/text mining methodology; no core RQ concepts"; methodology: text mining for trends;N/A
880;Round 2;Backward;Mankad, Han, Goh & Gavirneni;2016;Understanding online hotel reviews through automated text analysis;Service Science;Scopus;Hotel Reviews, Text Analysis, Sentiment, Automated Analysis;Low;No;"Fails: NLP/sentiment analysis/text mining methodology; no core RQ concepts"; methodology: text mining application;10.1287/serv.2016.0126
881;Round 2;Backward;Derakhshan & Beigy;2019;Sentiment Analysis on Stock Social Media for Stock Price Movement Prediction;Engineering Applications of Artificial Intelligence;SSCI/SCI;Sentiment Analysis, Stock Market, Social Media, Price Prediction;Low;No;"Fails: NLP/sentiment analysis/text mining methodology; no core RQ concepts"; methodology: sentiment analysis;N/A
882;Round 2;Backward;Pano & Kashef;2020;A complete VADER-based sentiment analysis of bitcoin (BTC) tweets during the era of COVID-19;Big Data and Cognitive Computing;Scopus;VADER, Sentiment Analysis, Bitcoin, COVID-19, Twitter;Low;No;"Fails: NLP/sentiment analysis/text mining methodology; no core RQ concepts"; methodology: VADER sentiment analysis;10.3390/bdcc4040033
883;Round 2;Backward;Borg & Boldt;2020;Using VADER sentiment and SVM for predicting customer response sentiment;Expert Systems with Applications;SSCI/SCI;VADER, SVM, Sentiment Analysis, Customer Response;Low;No;"Fails: NLP/sentiment analysis/text mining methodology; no core RQ concepts"; methodology: VADER sentiment tool;10.1016/j.eswa.2020.113746
884;Round 2;Backward;Lin & He;2014;Sentiment analysis in social media;Encyclopedia of Social Network Analysis and Mining;Unknown;Sentiment Analysis, Social Media, Encyclopedia, NLP;Low;No;"Fails: NLP/sentiment analysis/text mining methodology; no core RQ concepts"; methodology: sentiment analysis tool VADER;10.1007/978-1-4614-6170-8_120
885;Round 2;Backward;Ordenes, Theodoulidis, Burton, Gruber & Zaki;2014;Analyzing customer experience feedback using text mining: a linguistics-based approach;Journal of Service Research;SSCI/SCI;Text Mining, Customer Experience, Linguistics, Service Research;Low;No;"Fails: NLP/sentiment analysis/text mining methodology; no core RQ concepts"; methodology: text mining application;10.1177/1094670514524625
886;Round 2;Backward;Lim & Maglio;2018;Data-driven understanding of smart service systems through text mining;Service Science;Scopus;Smart Service Systems, Text Mining, Data-Driven, IoT;Low;No;"Fails: NLP/sentiment analysis/text mining methodology; no core RQ concepts"; methodology: text mining for service systems;10.1287/serv.2018.0208
887;Round 2;Backward;Habibabadi & Haghighi;2019;Topic Modelling for Identification of Vaccine Reactions in Twitter;Proceedings of the Australasian Computer Science Week Multiconference;Scopus;Topic Modelling, Vaccine Reactions, Twitter, LDA;Low;No;"Fails: NLP/sentiment analysis/text mining methodology; no core RQ concepts"; methodology: topic modeling application;10.1145/3290688.3290735
888;Round 2;Backward;Blei, Ng & Jordan;2003;Latent dirichlet allocation;Journal of Machine Learning Research;SSCI/SCI;Latent Dirichlet Allocation, LDA, Topic Modeling, Machine Learning;Low;No;"Fails: NLP/sentiment analysis/text mining methodology; no core RQ concepts"; methodology: LDA topic modeling;N/A
889;Round 2;Backward;Heidenreich, Lind, Eberl & Boomgaarden;2019;Media framing of the refugee crisis;Journal of Refugee Studies;SSCI/SCI;Media Framing, Refugee Crisis, Topic Modeling, News Analysis;Low;No;"Fails: NLP/sentiment analysis/text mining methodology; no core RQ concepts"; methodology: topic modeling application;10.1093/jrs/fez025
890;Round 2;Backward;Curiskis, Barry, Osborn & Kennedy;2019;An Evaluation of Document Clustering and Topic Modelling in Two Online Social Networks: Twitter and Reddit;Information Processing and Management;SSCI/SCI;Document Clustering, Topic Modelling, Twitter, Reddit;Low;No;"Fails: NLP/sentiment analysis/text mining methodology; no core RQ concepts"; methodology: topic modeling;10.1016/j.ipm.2019.04.002
891;Round 2;Backward;Liu, Zheng, Zheng, Chen, Liu, Chen, Chu, Zhu, Akinwunmi, Huang, Zhang & Ming;2020;Health communication through news media during the early stage of the COVID-19 outbreak in China: digital topic modeling approach;Journal of Medical Internet Research;SSCI/SCI;COVID-19, Health Communication, Topic Modeling, News Media;Low;No;"Fails: NLP/sentiment analysis/text mining methodology; no core RQ concepts"; methodology: topic modeling application;10.2196/19118
892;Round 2;Backward;Kiel, Muller, Arnold & Voigt;2017;Sustainable industrial value creation: benefits and challenges of industry 4.0;International Journal of Innovation Management;Scopus;Industry 4.0, Sustainable Value Creation, Benefits, Challenges;Low;No;"Fails: Industry 4.0 / employment / social sustainability study; no decentralization (C1) or sustainability-as-institutional-stability absent"; C2+C3: Industry 4.0 sustainable value;N/A
893;Round 2;Backward;Stock, Obenaus, Kunz & Kohl;2018;Industry 4.0 as enabler for a sustainable development: a qualitative assessment of its ecological and social potential;Process Safety and Environmental Protection;SSCI/SCI;Industry 4.0, Sustainable Development, Ecological Potential, Social Potential;Low;No;"Fails: Industry 4.0 / employment / social sustainability study; no decentralization (C1) or sustainability-as-institutional-stability absent"; C2+C3: ecological and social sustainability of Industry 4.0;10.1016/j.psep.2018.06.026
894;Round 2;Backward;Freddi;2018;Digitalisation and employment in manufacturing;AI and Society;SSCI/SCI;Digitalisation, Employment, Manufacturing, Labour Market;Low;No;"Fails: Industry 4.0 / employment / social sustainability study; no decentralization (C1) or sustainability-as-institutional-stability absent"; C3: digitalization impact on employment;10.1007/s00146-017-0740-5
895;Round 2;Backward;Brynjolfsson & McAfee;2014;The Second Machine Age: Work Progress and Prosperity in a Time of Brilliant Technologies;W.W. Norton & Company;Unknown;Second Machine Age, Technology, Work, Prosperity, Employment;Low;No;"Fails: Industry 4.0 / employment / social sustainability study; no decentralization (C1) or sustainability-as-institutional-stability absent"; C3: technological impact on employment and skills;N/A
896;Round 2;Backward;Waibel, Steenkamp, Moloko & Oosthuizen;2017;Investigating the effects of smart production systems on sustainability elements;Procedia Manufacturing;Scopus;Smart Production Systems, Sustainability, Industry 4.0, Manufacturing;Low;No;"Fails: Industry 4.0 / employment / social sustainability study; no decentralization (C1) or sustainability-as-institutional-stability absent"; C2+C3: smart production sustainability effects;10.1016/j.promfg.2017.02.094
897;Round 2;Backward;Kravchenko & Kyzymenko;2019;The Forth Industrial Revolution: new paradigm of society development or posthumanist Manifesto;Philosophy and Cosmology;Scopus;Fourth Industrial Revolution, Society, Posthumanism, Digital Transformation;Low;No;"Fails: Industry 4.0 / employment / social sustainability study; no decentralization (C1) or sustainability-as-institutional-stability absent"; C3: societal implications of Industry 4.0;N/A
898;Round 2;Backward;Bowles;2014;The Computerisation of European Jobs;Bruegel Center;Unknown;Computerisation, Employment, Europe, Job Market;Low;No;"Fails: Industry 4.0 / employment / social sustainability study; no decentralization (C1) or sustainability-as-institutional-stability absent"; C3: job risk from automation in Europe;N/A
899;Round 2;Backward;Frey & Osborne;2017;The future of employment: how susceptible are jobs to computerization?;Technological Forecasting and Social Change;SSCI/SCI;Future of Employment, Computerization, Automation, Job Susceptibility;Low;No;"Fails: Industry 4.0 / employment / social sustainability study; no decentralization (C1) or sustainability-as-institutional-stability absent"; C3: employment automation risk;N/A
900;Round 2;Backward;Berriman;2017;Will Robots Steal Our Jobs? The Potential Impact of Automation on the UK and Other Major Economies;PwC;Unknown;Robots, Automation, Employment, UK Economy, Job Displacement;Low;No;"Fails: Industry 4.0 / employment / social sustainability study; no decentralization (C1) or sustainability-as-institutional-stability absent"; C3: automation impact on employment;N/A
901;Round 2;Backward;Acemoglu & Pascual;2018;The race between man and machine: implications of technology for growth factor shares and employment;American Economic Review;SSCI/SCI;Technology, Economic Growth, Employment, Automation, Labour;Low;No;"Fails: Industry 4.0 / employment / social sustainability study; no decentralization (C1) or sustainability-as-institutional-stability absent"; C3: robot displacement of workers;10.1257/aer.20160696
902;Round 2;Backward;Keng, Lacity & Sauter;2018;Artificial Intelligence and the Future of Work;Proceedings of MWAIS 2018;Unknown;Artificial Intelligence, Future of Work, Employment, Automation;Low;No;"Fails: Industry 4.0 / employment / social sustainability study; no decentralization (C1) or sustainability-as-institutional-stability absent"; C3: AI and future employment;N/A
903;Round 2;Backward;Kapeliushnikov;2019;The phantom of technological unemployment;Russian Journal of Economics;Scopus;Technological Unemployment, Automation, Labour Market, Employment;Low;No;"Fails: Industry 4.0 / employment / social sustainability study; no decentralization (C1) or sustainability-as-institutional-stability absent"; C3: skepticism about full automation;10.32609/j.ruje.5.35507
904;Round 2;Backward;Garcia de Soto, Agusti-Juan, Joss & Hunhevicz;2019;Implications of Construction 4.0 to the workforce and organizational structures;International Journal of Construction Management;Scopus;Construction 4.0, Workforce, Organizational Structures, Industry 4.0;Low;No;"Fails: Industry 4.0 / employment / social sustainability study; no decentralization (C1) or sustainability-as-institutional-stability absent"; C3: construction sector social implications;N/A
905;Round 2;Backward;Sima, Gheorghe, Subic & Nancu;2020;Influences of the industry 4.0 revolution on the human capital development and consumer behavior: a systematic review;Sustainability;SSCI/SCI;Industry 4.0, Human Capital, Consumer Behavior, Systematic Review;Low;No;"Fails: Industry 4.0 / employment / social sustainability study; no decentralization (C1) or sustainability-as-institutional-stability absent"; C3: Industry 4.0 impact on human capital;10.3390/su12104035
906;Round 2;Backward;Perez-Perez, Gomez & Sebastian;2018;Delphi prospection on additive manufacturing in 2030: implications for education and employment in Spain;Materials;SSCI/SCI;Additive Manufacturing, Delphi, Education, Employment, Spain;Low;No;"Fails: Industry 4.0 / employment / social sustainability study; no decentralization (C1) or sustainability-as-institutional-stability absent"; C3: future skills and employment;N/A
907;Round 2;Backward;Krzywdzinski;2017;Automation skill requirements and labour-use strategies: high-wage and low-wage approaches to high-tech manufacturing in the automotive industry;New Technology Work and Employment;SSCI/SCI;Automation, Skill Requirements, Labour Strategies, Automotive Industry;Low;No;"Fails: Industry 4.0 / employment / social sustainability study; no decentralization (C1) or sustainability-as-institutional-stability absent"; C3: skill polarization in manufacturing;10.1111/ntwe.12100
908;Round 2;Backward;Tien;2019;Toward the Fourth Industrial Revolution on Real-Time Customization;Journal of Systems Science and Systems Engineering;Scopus;Fourth Industrial Revolution, Customization, Real-Time, Manufacturing;Low;No;"Fails: Industry 4.0 / employment / social sustainability study; no decentralization (C1) or sustainability-as-institutional-stability absent"; C3: Industry 4.0 job evolution;10.1007/s11518-019-5433-9
909;Round 2;Backward;Acemoglu;2002;Technical change inequality and the labor market;Journal of Economic Literature;SSCI/SCI;Technical Change, Inequality, Labor Market, Skills;Low;No;"Fails: Industry 4.0 / employment / social sustainability study; no decentralization (C1) or sustainability-as-institutional-stability absent"; C3: skill-biased technical change;N/A
910;Round 2;Backward;Volker;2020;Digitized Industrial Work: Requirements Opportunities and Problems of Competence Development;Frontiers in Sociology;Scopus;Digital Work, Competence Development, Industry 4.0, Skills;Low;No;"Fails: Industry 4.0 / employment / social sustainability study; no decentralization (C1) or sustainability-as-institutional-stability absent"; C3: competence development in digital industry;10.3389/fsoc.2020.00033
911;Round 2;Backward;Brana;2019;A fourth industrial revolution? Digital transformation labor and work organization: a view from Spain;Journal of Industrial and Business Economics;Scopus;Fourth Industrial Revolution, Digital Transformation, Labour, Spain;Low;No;"Fails: Industry 4.0 / employment / social sustainability study; no decentralization (C1) or sustainability-as-institutional-stability absent"; C3: digital transformation and work organization;10.1007/s40812-019-00122-0
912;Round 2;Backward;Starr-Glass;2019;Doing and being: future graduates careers and Industry 4.0;Horizon;Scopus;Future Graduates, Careers, Industry 4.0, Lifelong Learning;Low;No;"Fails: Industry 4.0 / employment / social sustainability study; no decentralization (C1) or sustainability-as-institutional-stability absent"; C3: future education and career implications;10.1108/oth-08-2019-0048
913;Round 2;Backward;Maimina, Puzynya, Grishina, Psareva & Stytsyuk;2019;New Professions Emerging Out of the Development of Robotics;NOT OBTAINED;Unknown;Robotics, New Professions, Employment, Automation;Low;No;"Fails: Industry 4.0 / employment / social sustainability study; no decentralization (C1) or sustainability-as-institutional-stability absent"; C3: new professions from robotics;N/A
914;Round 2;Backward;Quoc;2020;Orientation for an education 4.0: a new vision for future education in Vietnam;International Journal of Innovation Creativity and Change;Scopus;Education 4.0, Lifelong Learning, Vietnam, Digital Education;Low;No;"Fails: Industry 4.0 / employment / social sustainability study; no decentralization (C1) or sustainability-as-institutional-stability absent"; C3: Education 4.0 and lifelong learning;N/A
915;Round 2;Backward;Piatkowski;2020;Expectations and challenges in the labour market in the context of industrial revolution 4.0;Sustainability;SSCI/SCI;Labour Market, Industry 4.0, Challenges, EU Member States;Low;No;"Fails: Industry 4.0 / employment / social sustainability study; no decentralization (C1) or sustainability-as-institutional-stability absent"; C3: labour market challenges in Industry 4.0;10.3390/su12135437
916;Round 2;Backward;Furstenau, Sott, Kipper, Machado, Lopez-Robles, Dohan, Cobo, Zahid, Abbasi & Imran;2020;Link between Sustainability and Industry 4.0: Trends Challenges and New Perspectives;IEEE Access;SSCI/SCI;Sustainability, Industry 4.0, Trends, Challenges, Digital Transformation;Low;No;"Fails: Industry 4.0 / employment / social sustainability study; no decentralization (C1) or sustainability-as-institutional-stability absent"; C2+C3: sustainability links to Industry 4.0;10.1109/ACCESS.2020.3012812
917;Round 2;Backward;Bogoviz;2020;Perspective directions of state regulation of competition between human and artificial intellectual capital in Industry 4.0;Journal of Intellectual Capital;SSCI/SCI;Artificial Intelligence, Human Capital, State Regulation, Industry 4.0;Low;No;"Fails: Industry 4.0 / employment / social sustainability study; no decentralization (C1) or sustainability-as-institutional-stability absent"; C3: human vs AI competition regulation;10.1108/JIC-11-2019-0270
918;Round 2;Backward;Gaponenko & Glenn;2020;Technology industry 4.0: problems of labor employment and unemployment;Studies on Russian Economic Development;Scopus;Industry 4.0, Labour, Employment, Unemployment, Russia;Low;No;"Fails: Industry 4.0 / employment / social sustainability study; no decentralization (C1) or sustainability-as-institutional-stability absent"; C3: employment problems in Industry 4.0;10.1134/S1075700720030065
919;Round 2;Backward;Khatun & Saadat;2020;Fourth industrial revolution technological advancement and youth employment: a South Asian perspective;South Asia Economic Journal;Scopus;Fourth Industrial Revolution, Youth Employment, South Asia, Technology;Low;No;"Fails: Industry 4.0 / employment / social sustainability study; no decentralization (C1) or sustainability-as-institutional-stability absent"; C3: youth employment and technology in South Asia;10.1177/1391561420914187
920;Round 2;Backward;World Economic Forum;2016;The Future of Jobs: Employment Skills and Workforce Strategy for the Fourth Industrial Revolution;World Economic Forum;Unknown;Future of Jobs, Employment, Skills, Fourth Industrial Revolution;Low;No;"Fails: Industry 4.0 / employment / social sustainability study; no decentralization (C1) or sustainability-as-institutional-stability absent"; C3: future jobs and skills strategy;N/A
921;Round 2;Backward;Akaev, Rudskoi, Sarygulov & Sokolov;2019;A new era of machinery: will the accumulation of capital grow and labor intensity decrease?;NOT OBTAINED;Unknown;Capital Accumulation, Labour Intensity, Machinery, Industry 4.0;Low;No;"Fails: Industry 4.0 / employment / social sustainability study; no decentralization (C1) or sustainability-as-institutional-stability absent"; C3: capital and labour in new industrial era;10.30884/seh/2019.01.04
922;Round 2;Backward;Alves & Silvestrini;2020;Achieving the right to work in the face of technological advances: reflections on the occasion of the ILO's centenary;University of Bologna Law Review;Scopus;Right to Work, Technological Advances, ILO, Labour Rights;Low;No;"Fails: Industry 4.0 / employment / social sustainability study; no decentralization (C1) or sustainability-as-institutional-stability absent"; C3: labour rights and digitalization;N/A
923;Round 2;Backward;Aspachs;2018;Cambio tecnologico y crecimiento economico: a nuevas preguntas nuevas respuestas;CaixaBank Research;Unknown;Technological Change, Economic Growth, Spain, Digital Economy;Low;No;"Fails: Industry 4.0 / employment / social sustainability study; no decentralization (C1) or sustainability-as-institutional-stability absent"; C3: technological change and economic growth;N/A
924;Round 2;Backward;Martinez;2018;La economia colaborativa: La sociedad ante un nuevo paradigma economico;NOT OBTAINED;Unknown;Collaborative Economy, Sharing Economy, Digital Transformation, Society;Low;No;"Fails: Industry 4.0 / employment / social sustainability study; no decentralization (C1) or sustainability-as-institutional-stability absent"; C3: gig/collaborative economy;N/A
925;Round 2;Backward;Eichhorst, Hinte, Rinne & Tobsch;2017;How big is the gig? Assessing the Preliminary Evidence on the Effects of Digitalization on the Labor Market;Management Revue;Scopus;Gig Economy, Digitalization, Labor Market, Flexible Work;Low;No;"Fails: Industry 4.0 / employment / social sustainability study; no decentralization (C1) or sustainability-as-institutional-stability absent"; C3: gig economy and digitalization;10.5771/0935-9915-2017-3-298
926;Round 2;Backward;Mpofu & Nicolaides;2019;Frankenstein and the fourth industrial revolution (4IR): ethics and human rights considerations;NOT OBTAINED;Unknown;Fourth Industrial Revolution, Ethics, Human Rights, Technology;Low;No;"Fails: Industry 4.0 / employment / social sustainability study; no decentralization (C1) or sustainability-as-institutional-stability absent"; C3: ethical implications of Industry 4.0;N/A
927;Round 2;Backward;Haipeter;2020;Digitalisation unions and participation: the German case of industry 4;Industrial Relations Journal;SSCI/SCI;Digitalisation, Trade Unions, Participation, Germany, Industry 4.0;Low;No;"Fails: Industry 4.0 / employment / social sustainability study; no decentralization (C1) or sustainability-as-institutional-stability absent"; C3: labour relations and digitalization;10.1111/irj.12291
928;Round 2;Backward;Kiel Muller & Voigt;2018;What drives the implementation of industry 4.0? The role of opportunities and challenges in the context of sustainability;Sustainability;SSCI/SCI;Industry 4.0, Implementation, Opportunities, Challenges, Sustainability;Low;No;"Fails: Industry 4.0 / employment / social sustainability study; no decentralization (C1) or sustainability-as-institutional-stability absent"; C2+C3: sustainability drivers for Industry 4.0;10.3390/su10010247
929;Round 2;Backward;Ceruti, Marzocca, Liverani & Bil;2019;Maintenance in aeronautics in an Industry 4.0 context: the role of augmented reality and additive manufacturing;Journal of Computational Design and Engineering;Scopus;Augmented Reality, Maintenance, Aeronautics, Industry 4.0;Low;No;"Fails: Industry 4.0 / employment / social sustainability study; no decentralization (C1) or sustainability-as-institutional-stability absent"; C3: technology improving workplace safety;10.1093/jcde/qwz006
930;Round 2;Backward;Papetti, Gregori, Pandolfi, Peruzzini & Germani;2020;A method to improve workers' well-being toward human-centered connected factories;Journal of Computational Design and Engineering;Scopus;Workers Well-Being, Human-Centered, Connected Factories, Industry 4.0;Low;No;"Fails: Industry 4.0 / employment / social sustainability study; no decentralization (C1) or sustainability-as-institutional-stability absent"; C3: worker well-being and technology;10.1093/jcde/qwaa047
931;Round 2;Backward;Pinzone, Barletta, Berlin, Albe, Orlandelli, Johansson & Taisch;2018;A Framework for Operative and Social Sustainability Functionalities in Human-Centric Cyber-Physical Production Systems;Computers and Industrial Engineering;SSCI/SCI;Human-Centric, Cyber-Physical Systems, Social Sustainability, Industry 4.0;Low;No;"Fails: Industry 4.0 / employment / social sustainability study; no decentralization (C1) or sustainability-as-institutional-stability absent"; C3: social sustainability in cyber-physical systems;10.1016/j.cie.2018.03.028
932;Round 2;Backward;Muller;2019;Assessing the barriers to Industry 4.0 implementation from a workers' perspective;IFAC-PapersOnLine;Scopus;Industry 4.0, Barriers, Workers, Implementation, Human Factor;Low;No;"Fails: Industry 4.0 / employment / social sustainability study; no decentralization (C1) or sustainability-as-institutional-stability absent"; C3: worker perspective on Industry 4.0;10.1016/j.ifacol.2019.11.530
933;Round 2;Backward;Fernandez, Ibanez, de la Cruz & Gil;2021;How can 'orare et laborare' guide the person-technology relationship during the Fourth Industrial Revolution?;Technology in Society;SSCI/SCI;Person-Technology Relationship, Fourth Industrial Revolution, Ethics, Work;Low;No;"Fails: Industry 4.0 / employment / social sustainability study; no decentralization (C1) or sustainability-as-institutional-stability absent"; C3: human dignity in Industry 4.0;10.1016/j.techsoc.2021.101803
934;Round 2;Backward;Ghislieri, Molino & Cortese;2018;Work and organizational psychology looks at the fourth industrial revolution: how to support workers and organizations?;Frontiers in Psychology;SSCI/SCI;Work Psychology, Fourth Industrial Revolution, Workers, Organizations;Low;No;"Fails: Industry 4.0 / employment / social sustainability study; no decentralization (C1) or sustainability-as-institutional-stability absent"; C3: psychological aspects of Industry 4.0;10.3389/fpsyg.2018.02365
935;Round 2;Backward;Jones & Kiran;2020;Learnability: an inevitable skill needed for sustenance in industry 4.0;International Journal of Advanced Research in Engineering and Technology;Unknown;Learnability, Skills, Industry 4.0, Lifelong Learning;Low;No;"Fails: Industry 4.0 / employment / social sustainability study; no decentralization (C1) or sustainability-as-institutional-stability absent"; C3: skill development for Industry 4.0;N/A
936;Round 2;Backward;Salemink, Strijker & Bosworth;2017;Rural development in the digital age: a systematic literature review on unequal ICT availability adoption and use in rural areas;Journal of Rural Studies;SSCI/SCI;Rural Development, Digital Age, ICT, Inequality, Digital Divide;Low;No;"Fails: Industry 4.0 / employment / social sustainability study; no decentralization (C1) or sustainability-as-institutional-stability absent"; C3: digital divide and rural development;10.1016/j.jrurstud.2015.09.001
937;Round 2;Backward;Wang, Cao, Wang & Xiao;2022;Impact of Energy Poverty on the Digital Divide: Mediating Effect of Depression and Internet Perception;Technology in Society;SSCI/SCI;Energy Poverty, Digital Divide, Depression, Internet Perception;Low;No;"Fails: Industry 4.0 / employment / social sustainability study; no decentralization (C1) or sustainability-as-institutional-stability absent"; C3: digital divide and social exclusion;10.1016/j.techsoc.2021.101884
938;Round 2;Backward;Boyle;2001;The ruins of Detroit: exploring the urban crisis in the motor city;Michigan Historical Review;Scopus;Detroit, Urban Crisis, Deindustrialization, Regional Development;Low;No;"Fails: Industry 4.0 / employment / social sustainability study; no decentralization (C1) or sustainability-as-institutional-stability absent"; C3: regional impact of industrial automation;N/A
939;Round 2;Backward;Peck & Whiteside;2016;Financializing Detroit;Economic Geography;SSCI/SCI;Detroit, Financialization, Urban Economy, Regional Development;Low;No;"Fails: Industry 4.0 / employment / social sustainability study; no decentralization (C1) or sustainability-as-institutional-stability absent"; C3: regional economic decline analogy;10.1080/00130095.2015.1116876
940;Round 2;Backward;Ciffolilli & Muscio;2018;Industry 4.0: national and regional comparative advantages in key enabling technologies;European Planning Studies;SSCI/SCI;Industry 4.0, Regional Advantages, Key Enabling Technologies, Europe;Low;No;"Fails: Industry 4.0 / employment / social sustainability study; no decentralization (C1) or sustainability-as-institutional-stability absent"; C2+C3: regional digitalization inequality;10.1080/09654313.2018.1529145
941;Round 2;Backward;Lee;2000;The Silicon Valley Edge: A Habitat for Innovation and Entrepreneurship;Stanford University Press;Unknown;Silicon Valley, Innovation, Entrepreneurship, Regional Development;Low;No;"Fails: Industry 4.0 / employment / social sustainability study; no decentralization (C1) or sustainability-as-institutional-stability absent"; C3: digital economy regional benefits analogy;N/A
942;Round 2;Backward;Vassiliadis & Hilpert;2020;Labor-based innovation: the advantage of skills and education;UCJC Business and Society Review;Scopus;Labour, Innovation, Skills, Education, Competitiveness;Low;No;"Fails: Industry 4.0 / employment / social sustainability study; no decentralization (C1) or sustainability-as-institutional-stability absent"; C3: skills and regional development;N/A
943;Round 2;Backward;Lele & Goswami;2017;The fourth industrial revolution agricultural and rural innovation and implications for public policy and investments: a case of India;Agricultural Economics;SSCI/SCI;Fourth Industrial Revolution, Agriculture, Rural Innovation, India;Low;No;"Fails: Industry 4.0 / employment / social sustainability study; no decentralization (C1) or sustainability-as-institutional-stability absent"; C3: rural development and digitalization;10.1111/agec.12393
944;Round 2;Backward;Chen, Liu & Li;2019;The role of supply chain finance in improving the competitive advantage of online retailing enterprises;Electronic Commerce Research and Applications;SSCI/SCI;Supply Chain Finance, Online Retailing, Competitive Advantage, Digital Economy;Low;No;"Fails: Industry 4.0 / employment / social sustainability study; no decentralization (C1) or sustainability-as-institutional-stability absent"; C3: digital platforms and rural enterprise;10.1016/j.elerap.2018.100821
945;Round 2;Backward;Perekwa, Prinsloo & Van Deventer;2016;The impact of mobile technology on micro and small enterprises in Zimbabwe in the post-hyperinflation economic era;African Journal of Information Systems;Scopus;Mobile Technology, Small Enterprises, Zimbabwe, Digital Economy;Low;No;"Fails: Industry 4.0 / employment / social sustainability study; no decentralization (C1) or sustainability-as-institutional-stability absent"; C3: digital technology and rural enterprise development;N/A
946;Round 2;Backward;Nishijima, Ivanauskas & Sarti;2017;Evolution and determinants of the digital divide in Brazil (2005-2013);Telecommunications Policy;SSCI/SCI;Digital Divide, Brazil, ICT, Social Exclusion, Inequality;Low;No;"Fails: Industry 4.0 / employment / social sustainability study; no decentralization (C1) or sustainability-as-institutional-stability absent"; C3: digital divide evolution;10.1016/j.telpol.2016.09.001
947;Round 2;Backward;Cserhati & Pirisi;2020;Industry 4.0 and some social consequences: impact assessment by microsimulation for Hungary;Society and Economy;Scopus;Industry 4.0, Social Consequences, Microsimulation, Hungary;Low;No;"Fails: Industry 4.0 / employment / social sustainability study; no decentralization (C1) or sustainability-as-institutional-stability absent"; C3: social impact assessment of Industry 4.0;10.1556/204.2019.008
948;Round 2;Backward;Syuntyurenko;2020;The risks of the digital economy: information aspects;Scientific and Technical Information Processing;Scopus;Digital Economy, Risks, Information Aspects, Digitalization;Low;No;"Fails: Industry 4.0 / employment / social sustainability study; no decentralization (C1) or sustainability-as-institutional-stability absent"; C3: risks of digital economy;10.3103/S0147688220020112
949;Round 2;Backward;du Plessis & Sherratt;2020;Construction 4.0 and built assets in-use: creating an e-topia or dystopia?;Proceedings of the Institution of Civil Engineers - Management Procurement and Law;Scopus;Construction 4.0, Built Assets, Digital Transformation, Sustainability;Low;No;"Fails: Industry 4.0 / employment / social sustainability study; no decentralization (C1) or sustainability-as-institutional-stability absent"; C3: social exclusion and digital illiteracy in construction;N/A
950;Round 2;Backward;Amaral & Daniel;2016;Ageism and IT: social representations exclusion and citizenship in the digital age;International Conference on Human Aspects of IT for the Aged Population;Scopus;Ageism, IT, Social Exclusion, Digital Citizenship, Elderly;Low;No;"Fails: Industry 4.0 / employment / social sustainability study; no decentralization (C1) or sustainability-as-institutional-stability absent"; C3: digital exclusion of elderly populations;N/A
951;Round 2;Backward;Burgess & Connell;2020;New technology and work: exploring the challenges;Economic and Labour Relations Review;Scopus;New Technology, Work, Challenges, Labour Relations, Remote Work;Low;No;"Fails: Industry 4.0 / employment / social sustainability study; no decentralization (C1) or sustainability-as-institutional-stability absent"; C3: COVID-19 and remote work acceleration;10.1177/1035304620963341
952;Round 2;Backward;Robinson;2020;Global capitalism post-pandemic;Race and Class;SSCI/SCI;Global Capitalism, COVID-19, Post-Pandemic, Digital Economy;Low;No;"Fails: Industry 4.0 / employment / social sustainability study; no decentralization (C1) or sustainability-as-institutional-stability absent"; C3: post-pandemic economic transformation;10.1177/0306396820951224
953;Round 2;Backward;Wang, Liu, Qian & Parker;2021;Achieving effective remote working during the COVID-19 pandemic: a work design perspective;Applied Psychology;SSCI/SCI;Remote Working, COVID-19, Work Design, Employee Performance;Low;No;"Fails: Industry 4.0 / employment / social sustainability study; no decentralization (C1) or sustainability-as-institutional-stability absent"; C3: remote working and social effects;10.1111/apps.12290
954;Round 2;Backward;Graziano;2021;Smart Technologies Back-to-the-village rhetoric and tactical urbanism: post-COVID planning scenarios in Italy;International Journal of E-Planning Research;Scopus;Smart Technologies, Urban Planning, COVID-19, Rural Development, Italy;Low;No;"Fails: Industry 4.0 / employment / social sustainability study; no decentralization (C1) or sustainability-as-institutional-stability absent"; C3: remote working and rural repopulation;10.4018/IJEPR.2021040105
955;Round 2;Backward;Hopkins & McKay;2019;Investigating 'anywhere working' as a mechanism for alleviating traffic congestion in smart cities;Technological Forecasting and Social Change;SSCI/SCI;Anywhere Working, Smart Cities, Traffic Congestion, Remote Work;Low;No;"Fails: Industry 4.0 / employment / social sustainability study; no decentralization (C1) or sustainability-as-institutional-stability absent"; C3: remote working effects on urban organization;10.1016/j.techfore.2018.06.031
956;Round 2;Backward;Bonilla, Silva, Terra da Silva, Franco Goncalves & Sacomano;2018;Industry 4.0 and sustainability implications: a scenario-based analysis of the impacts and challenges;Sustainability;SSCI/SCI;Industry 4.0, Sustainability, Scenarios, Impacts, Challenges;Low;No;"Fails: Industry 4.0 / employment / social sustainability study; no decentralization (C1) or sustainability-as-institutional-stability absent"; C2+C3: sustainability scenarios for Industry 4.0;10.3390/su10103740
957;Round 2;Backward;Maresova, Soukal, Svobodova, Hedvicakova, Javanmardi, Selamat & Krejcar;2018;Consequences of industry 4.0 in business and economics;Economies;Scopus;Industry 4.0, Business, Economics, Consequences, Digital Transformation;Low;No;"Fails: Industry 4.0 / employment / social sustainability study; no decentralization (C1) or sustainability-as-institutional-stability absent"; C2+C3: macro-level consequences of Industry 4.0;10.3390/economies6030046
958;Round 2;Backward;Boyd & Crawford;2012;Critical questions for big data: provocations for a cultural technological and scholarly phenomenon;Information Communication and Society;SSCI/SCI;Big Data, Digital Technology, Critical Questions, Scholarly Phenomenon;Low;No;"Fails: digitalization and sustainability study; sustainability framed as ecological/SDG; no decentralization as blockchain/DLT (C1)"; digitalization and data-driven sustainability;10.1080/1369118X.2012.678878
959;Round 2;Backward;GeSI;2016;#SystemTransformation;Global e-Sustainability Initiative;Not indexed;SDGs, ICT, Digital Transformation, Sustainability Goals;Low;No;"Fails: digitalization and sustainability study; sustainability framed as ecological/SDG; no decentralization as blockchain/DLT (C1)"; SDG achievement and digital technology;N/A
960;Round 2;Backward;Gijzen;2013;Development: big data for a sustainable future;Nature;SSCI/SCI;Big Data, Sustainable Future, Development, ICT;Low;No;"Fails: digitalization and sustainability study; sustainability framed as ecological/SDG; no decentralization as blockchain/DLT (C1)"; Big Data promoting sustainability;10.1038/502038a
961;Round 2;Backward;Hampton, Strasser, Tewksbury, Gram, Budden, Batcheller, Duke & Porter;2013;Big data and the future of ecology;Frontiers in Ecology and the Environment;SSCI/SCI;Big Data, Ecology, Future, Environmental Sustainability;Low;No;"Fails: digitalization and sustainability study; sustainability framed as ecological/SDG; no decentralization as blockchain/DLT (C1)"; Big Data and sustainability promotion;10.1890/120103
962;Round 2;Backward;He, Boas, Mol & Lu;2016;E-participation for environmental sustainability in transitional urban China;Sustainability Science;SSCI/SCI;E-participation, Environmental Sustainability, Urban China, ICT, Governance;Low;No;"Fails: digitalization and sustainability study; sustainability framed as ecological/SDG; no decentralization as blockchain/DLT (C1)"; ICT and e-participation for sustainability;10.1007/s11625-016-0403-3
963;Round 2;Backward;Heemsbergen;2016;Digital age: from radical transparency to radical disclosure: reconfiguring (in)voluntary transparency through the management of visibilities;International Journal of Communication;SSCI/SCI;Digital Age, Transparency, Disclosure, Surveillance, Visibilities;Low;No;"Fails: digitalization and sustainability study; sustainability framed as ecological/SDG; no decentralization as blockchain/DLT (C1)"; digitalization and transparency for sustainability governance;N/A
964;Round 2;Backward;Helbing;2012;The FuturICT knowledge accelerator towards a more resilient and sustainable future;Springer;Scopus;FuturICT, Resilience, Sustainable Future, ICT, Complex Systems;Low;No;"Fails: digitalization and sustainability study; sustainability framed as ecological/SDG; no decentralization as blockchain/DLT (C1)"; digital global participatory platform for sustainability;N/A
965;Round 2;Backward;Lock & Seele;2016;Theorizing stakeholders of sustainability in the digital age;Sustainability Science;SSCI/SCI;Stakeholders, Sustainability, Digital Age, Big Data, Stakeholder Theory;Low;No;"Fails: digitalization and sustainability study; sustainability framed as ecological/SDG; no decentralization as blockchain/DLT (C1)"; stakeholders of sustainability in digital transformation;10.1007/s11625-016-0404-2
966;Round 2;Backward;Lubin & Esty;2014;Bridging the sustainability gap;MIT Sloan Management Review;Scopus;Sustainability Gap, Corporate Sustainability, Management, Strategy;Low;No;"Fails: digitalization and sustainability study; sustainability framed as ecological/SDG; no decentralization as blockchain/DLT (C1)"; sustainability gap and digitalization;N/A
967;Round 2;Backward;Schmidt & Cohen;2013;The new digital age: reshaping the future of people nations and business;Knopf;Not indexed;Digital Age, Future, Nations, Business, ICT;Low;No;"Fails: digitalization and sustainability study; sustainability framed as ecological/SDG; no decentralization as blockchain/DLT (C1)"; digital age and societal transformation;N/A
968;Round 2;Backward;Seele;2016;Digitally unified reporting: how XBRL-based real-time transparency helps in combining integrated sustainability reporting and performance control;Journal of Cleaner Production;SSCI/SCI;XBRL, Sustainability Reporting, Transparency, Real-Time, Digital Reporting;Low;No;"Fails: digitalization and sustainability study; sustainability framed as ecological/SDG; no decentralization as blockchain/DLT (C1)"; digital tools for sustainability transparency;10.1016/j.jclepro.2016.01.102
969;Round 2;Backward;Seele;2016;Envisioning the digital sustainability panopticon: a thought experiment how big data may help advancing sustainability in the digital age;Sustainability Science;SSCI/SCI;Digital Sustainability, Panopticon, Big Data, Surveillance, Governance;Low;No;"Fails: digitalization and sustainability study; sustainability framed as ecological/SDG; no decentralization as blockchain/DLT (C1)"; governance and sustainability in digital age;10.1007/s11625-016-0381-5
970;Round 2;Backward;Shah, Cappella & Neuman;2015;Big data digital media and computational social science possibilities and perils;Annals of the American Academy of Political and Social Science;SSCI/SCI;Big Data, Digital Media, Computational Social Science, Possibilities, Perils;Low;No;"Fails: digitalization and sustainability study; sustainability framed as ecological/SDG; no decentralization as blockchain/DLT (C1)"; Big Data possibilities and perils for sustainability research;10.1177/0002716215572084
971;Round 2;Backward;Stuermer, Abu-Tayeh & Myrach;2016;Digital sustainability: basic conditions for sustainable digital artifacts and their ecosystems;Sustainability Science;SSCI/SCI;Digital Sustainability, Digital Artifacts, Ecosystems, Knowledge Society;Low;No;"Fails: digitalization and sustainability study; sustainability framed as ecological/SDG; no decentralization as blockchain/DLT (C1)"; digital sustainability framework;10.1007/s11625-016-0412-2
972;Round 2;Backward;Tabira & Francis;2017;Integration and implementation of sustainable ICT-based education in developing countries: low-cost en masse methodology in Kenya;Sustainability Science;SSCI/SCI;ICT Education, Developing Countries, Kenya, Sustainability, Digital Divide;Low;No;"Fails: digitalization and sustainability study; sustainability framed as ecological/SDG; no decentralization as blockchain/DLT (C1)"; ICT-based education and sustainability in developing countries;10.1007/s11625-017-0422-8
973;Round 2;Backward;WCED;1987;Our Common Future (The Brundtland Report);World Commission on Environment and Development;Not indexed;Sustainable Development, Brundtland Report, Future Generations, Environment;Low;No;"Fails: digitalization and sustainability study; sustainability framed as ecological/SDG; no decentralization as blockchain/DLT (C1)"; foundational sustainability definition;N/A
974;Round 2;Backward;Widener, Gliedt & Hartman;2016;Visualizing dynamic capabilities as adaptive capacity for municipal water governance;Sustainability Science;SSCI/SCI;Dynamic Capabilities, Water Governance, Adaptive Capacity, GIS, Climate Change;Low;No;"Fails: digitalization and sustainability study; sustainability framed as ecological/SDG; no decentralization as blockchain/DLT (C1)"; digitalization and adaptive governance for sustainability;10.1007/s11625-016-0408-y
975;Round 2;Backward;Zuboff;2015;Big other: surveillance capitalism and the prospects of an information civilization;Journal of Information Technology;SSCI/SCI;Surveillance Capitalism, Big Data, Information Civilization, Digital Economy;Low;No;"Fails: digitalization and sustainability study; sustainability framed as ecological/SDG; no decentralization as blockchain/DLT (C1)"; digital monopolistic structures and information civilization;10.1057/jit.2015.5
976;Round 2;Backward;Aggarwal, KM, Muslim & Khan;2024;Sustainable investment strategies for Oman Vision 2040-contribution towards socioeconomic development and environmental conservation;SSR Journal of Economics Business and Management;Not indexed;Oman Vision 2040, Sustainable Investment, Socioeconomic Development, Environmental Conservation;Low;No;"Fails: SSR Journal not indexed; Oman Vision 2040 sustainability; no decentralization (C1)"; C3: Oman Vision 2040 sustainability context;N/A
977;Round 2;Backward;Akter, Siddik & Al Mondal;2018;Sustainability reporting on green financing: A study of listed private sustainability;Journal of Business and Technology;Not indexed;Sustainability Reporting, Green Financing, Economic Sustainability, Measurement;Low;No;"Fails: journal not indexed; sustainability reporting; no decentralization (C1)"; C3: economic sustainability measurement items;N/A
978;Round 2;Backward;Al Darmaki, Khan, Bait-Suwailem & Mughal;2025;Digital transformation in Oman: A comprehensive review;International Journal of Computing and Digital Systems;Scopus;Digital Transformation, Oman, Comprehensive Review, ICT;Low;No;"Fails: digital transformation country review (C2 only); no decentralization (C1); no sustainability-as-stability (C3)"; C2: digital transformation in Oman context;10.12785/ijcds/180101
979;Round 2;Backward;Al Ghunaimi, Almaqtari, Almamari & Al-Hattami;2025;The role of digital advancement and artificial intelligence in improving the efficiency of accounting software to facilitate optimal tax procedures and prevent legal appeals;CRC Press;Scopus;Digital Advancement, Artificial Intelligence, Accounting Software, Tax Procedures;Low;No;"Fails: CRC Press book chapter; not peer-reviewed journal"; C2: digital advancement and AI in financial governance;N/A
980;Round 2;Backward;Al Ghunaimi, Almaqtari, Wesonga & Elmashtawy;2025;The rise of fintech and the journey toward a cashless society: Investigating the use of mobile payments by SMEs in Oman in the context of vision 2040;Administrative Sciences;ESCI;FinTech, Cashless Society, Mobile Payments, SMEs, Oman Vision 2040;Low;No;"Fails: FinTech cashless society SMEs Oman (C2 only); no decentralization as blockchain/DLT (C1)"; C2: FinTech and digital finance in Oman;10.3390/admsci15050178
981;Round 2;Backward;Ali & Green;2012;Effective information technology (IT) governance mechanisms: An IT outsourcing perspective;Information Systems Frontiers;SSCI/SCI;IT Governance, IT Outsourcing, Governance Mechanisms, Effectiveness;Low;No;"Fails: published 2012, before 2015 cutoff; IT governance/outsourcing; no decentralization (C1)"; C1: IT governance measurement and mechanisms;10.1007/s10796-011-9325-z
982;Round 2;Backward;Ali, Green & Robb;2015;Information technology investment governance: What is it and does it matter?;International Journal of Accounting Information Systems;SSCI/SCI;IT Investment Governance, IT Governance, Accounting Information Systems;Low;No;"Fails: IT investment governance (C1 partial); no decentralization as blockchain/DLT (C1 per RQ definition)"; C1: IT governance measurement items;10.1016/j.accinf.2015.04.002
983;Round 2;Backward;Almaqtari;2024;The moderating role of IT governance on the relationship between FinTech and sustainability performance;Journal of Open Innovation: Technology Market and Complexity;SSCI/SCI;IT Governance, FinTech, Sustainability Performance, Moderating Role;Low;No;"Fails: IT governance and FinTech sustainability performance; no decentralization as blockchain/DLT (C1)"; C1+C3: IT governance and sustainability performance;10.1016/j.joitmc.2024.100267
984;Round 2;Backward;Almaqtari;2024;The role of IT governance in the integration of AI in accounting and auditing operations;Economies;ESCI;IT Governance, Artificial Intelligence, Accounting, Auditing, Digital Transformation;Low;No;"Fails: IT governance and AI in accounting; no decentralization as blockchain/DLT (C1)"; C1+C2: IT governance and digital transformation;10.3390/economies12080199
985;Round 2;Backward;Almaqtari, Farhan, Yahya, Al-Dalaien & Shamim;2023;The mediating effect of IT governance between corporate governance mechanisms business continuity and transparency and disclosure;Information Security Journal: A Global Perspective;SSCI/SCI;IT Governance, Corporate Governance, Business Continuity, Transparency, COVID-19;Low;No;"Fails: IT governance and corporate transparency; no decentralization as blockchain/DLT (C1)"; C1: IT governance and transparency;10.1080/19393555.2022.2056380
986;Round 2;Backward;Alojail & Khan;2023;Impact of digital transformation toward sustainable development;Sustainability;SSCI/SCI;Digital Transformation, Sustainable Development, Environmental Sustainability, Social Sustainability;Low;No;"Fails: digital transformation and sustainable development (C2+C3); no decentralization as blockchain/DLT (C1)"; C2+C3: digital transformation and sustainability;10.3390/su152014697
987;Round 2;Backward;Alreemy, Chang, Walters & Wills;2016;Critical success factors (CSFs) for information technology governance (ITG);International Journal of Information Management;SSCI/SCI;IT Governance, Critical Success Factors, Information Management, CSFs;Low;No;"Fails: IT governance critical success factors; no decentralization as blockchain/DLT (C1)"; C1: IT governance measurement items;10.1016/j.ijinfomgt.2016.06.004
988;Round 2;Backward;Al Shanti & Elessa;2023;The impact of digital transformation towards blockchain technology application in banks to improve accounting information quality and corporate governance effectiveness;Cogent Economics and Finance;Scopus;Digital Transformation, Blockchain, Banks, Accounting Information, Corporate Governance;High;Yes;"Passes: blockchain/DLT in banks (C1) + digital transformation of banking (C2) + corporate governance stability and accounting quality (C3); Cogent Economics and Finance (Scopus)";10.1080/23322039.2022.2161773;10.1080/23322039.2023.2161773
989;Round 2;Backward;Anthony;2018;Using green IT governance as a catalyst to improve sustainable practices adoption: A contingency theory perspective;International Journal of Business Continuity and Risk Management;Scopus;Green IT Governance, Sustainable Practices, Contingency Theory, IT Governance;Low;No;"Fails: green IT governance and sustainability; no decentralization as blockchain/DLT (C1)"; C1+C3: IT governance and sustainability;10.1504/IJBCRM.2018.091222
990;Round 2;Backward;Arner, Buckley, Zetzsche & Veidt;2020;Sustainability Fintech and financial inclusion;European Business Organization Law Review;SSCI/SCI;Sustainability, FinTech, Financial Inclusion, Digital Finance;Low;No;"Fails: FinTech and sustainability financial inclusion (C2+C3); no decentralization as blockchain/DLT (C1)"; C2+C3: FinTech and sustainability;10.1007/s40804-020-00183-y
991;Round 2;Backward;Astudillo, Cordero, Bermeo & Mory;2020;IT governance and green IT: A systematic review;2020 Fourth World Conference on Smart Trends in Systems Security and Sustainability (WorldS4);Scopus;IT Governance, Green IT, Systematic Review, Sustainability;Low;No;"Fails: conference proceedings (WorldS4); IT governance green IT; not peer-reviewed journal"; C1+C3: IT governance and sustainability;10.1109/WorldS451998.2020.9210402
992;Round 2;Backward;Attah, Garba, Gil-Ozoudeh & Iwuanyanwu;2024;Digital transformation in the energy sector: Comprehensive review of sustainability impacts and economic benefits;International Journal of Advanced Economics;Not indexed;Digital Transformation, Energy Sector, Sustainability, Economic Benefits;Low;No;"Fails: journal not indexed; digital transformation energy sustainability; similar to seed ID 1"; C2+C3: digital transformation and sustainability performance;N/A
993;Round 2;Backward;Barroso & Laborda;2022;Digital transformation and the emergence of the Fintech sector: Systematic literature review;Digital Business;Scopus;Digital Transformation, FinTech, Systematic Literature Review, Financial Sector;Low;No;"Fails: digital transformation and FinTech systematic review (C2 only); no decentralization as blockchain/DLT (C1)"; C2: digital financial transformation and FinTech;10.1016/j.digbus.2022.100028
994;Round 2;Backward;Battisti, Nirino & Christofi;2023;Financial innovation (FinTech) and sustainability: New tools for sustainable achievements;Qualitative Research in Financial Markets;Scopus;FinTech, Financial Innovation, Sustainability, Digital Finance;Low;No;"Fails: FinTech and sustainability (C2+C3); no decentralization as blockchain/DLT (C1)"; C2+C3: FinTech and sustainability performance;10.1108/QRFM-07-2020-0124
995;Round 2;Backward;Bianchi, Shurenov, Tovma, Maslova & Shansharkhanov;2023;IT governance mechanisms to foster digital transformation in higher education institutions;Springer;Scopus;IT Governance, Digital Transformation, Higher Education, Governance Mechanisms;Low;No;"Fails: book chapter (Springer); not peer-reviewed journal"; C1+C2: IT governance enabling digital transformation;N/A
996;Round 2;Backward;Billi & Bernardo;2025;The effects of digital transformation IT innovation and sustainability strategies on firms' performances: An empirical study;Sustainability;SSCI/SCI;Digital Transformation, IT Innovation, Sustainability Strategies, Firm Performance;Low;No;"Fails: digital transformation IT innovation sustainability performance (C2+C3); no decentralization as blockchain/DLT (C1)"; C2+C3: digital transformation and economic sustainability;10.3390/su17030823
997;Round 2;Backward;Bocean & Varzaru;2023;EU countries' digital transformation economic performance and sustainability analysis;Humanities and Social Sciences Communications;SSCI/SCI;Digital Transformation, Economic Performance, Sustainability, EU Countries;Low;No;"Fails: digital transformation economic performance sustainability EU (C2+C3); no decentralization as blockchain/DLT (C1)"; C2+C3: digital transformation and sustainability performance;10.1057/s41599-023-02406-6
998;Round 2;Backward;Calder;2008;ISO/IEC 38500: The IT governance standard;IT Governance Ltd.;Not indexed;ISO/IEC 38500, IT Governance, Standard, Enterprise Governance;Low;No;"Fails: book (IT Governance Ltd); not peer-reviewed journal; published 2008"; C1: IT governance frameworks and standards;N/A
999;Round 2;Backward;Castelo-Branco, Oliveira, Simoes-Coelho, Portugal & Filipe;2022;Measuring the fourth industrial revolution through the Industry 4.0 lens: The relevance of resources capabilities and the value chain;Computers in Industry;SSCI/SCI;Industry 4.0, Resources, Capabilities, Value Chain, Digital Transformation;Low;No;"Fails: Industry 4.0 measurement resources/capabilities (C2 only); no decentralization (C1)"; C2: digital transformation measurement;10.1016/j.compind.2022.103639
1000;Round 2;Backward;Chen & Guo;2025;Corporate performance: Green supply chain management digital transformation and carbon neutrality;Management Decision;SSCI/SCI;Green Supply Chain, Digital Transformation, Corporate Performance, Carbon Neutrality;Low;No;"Fails: green supply chain digital transformation and carbon neutrality; sustainability partly ecological; no C1"; C2+C3: digital transformation and sustainable performance;10.1108/MD-09-2024-1792
1001;Round 2;Backward;Chuang & Huang;2018;The effect of environmental corporate social responsibility on environmental performance and business competitiveness: The mediation of green information technology capital;Journal of Business Ethics;SSCI/SCI;CSR, Environmental Performance, Green IT, Business Competitiveness;Low;No;"Fails: CSR environmental green IT; no decentralization (C1); sustainability ecological"; C1+C3: IT governance and sustainability;10.1007/s10551-016-3167-x
1002;Round 2;Backward;D'Adamo, Gastaldi & Morone;2022;Economic sustainable development goals: Assessments and perspectives in Europe;Journal of Cleaner Production;SSCI/SCI;Economic Sustainability, SDGs, Europe, Sustainable Development Goals;Low;No;"Fails: economic sustainability SDGs Europe (ecological SDG framing); no decentralization (C1)"; C3: economic sustainability dimensions;10.1016/j.jclepro.2022.131730
1003;Round 2;Backward;Dao, Langella & Carbo;2011;From green to sustainability: Information technology and an integrated sustainability framework;Journal of Strategic Information Systems;SSCI/SCI;Green IT, Sustainability, Information Technology, Sustainability Framework;Low;No;"Fails: published 2011, before 2015 cutoff; green IT sustainability framework; no C1"; C1+C3: IT as resource for sustainability;10.1016/j.jsis.2010.09.003
1004;Round 2;Backward;De Haes & Van Grembergen;2005;IT governance structures processes and relational mechanisms: Achieving IT/business alignment in a major Belgian financial group;38th Annual Hawaii International Conference on Systems;Scopus;IT Governance, Business Alignment, IT/Business Alignment, Governance Structures;Low;No;"Fails: conference proceedings (HICSS); published 2005; IT governance; no C1"; C1: IT governance structures and processes;10.1109/HICSS.2005.362
1005;Round 2;Backward;Dhyanasaridewi, Murwaningsari & Mayangsari;2024;The effect of sustainability innovation proactive sustainability strategy and digital transformation on corporate sustainability performance;Revista de Gestao Social e Ambiental;Scopus;Sustainability Innovation, Digital Transformation, Corporate Sustainability, Sustainability Strategy;Low;No;"Fails: sustainability innovation and digital transformation (C2+C3); no decentralization as blockchain/DLT (C1)"; C2+C3: digital transformation and sustainability performance;10.24857/rgsa.v18n6-073
1006;Round 2;Backward;El Hilali, El Manouar & Janati Idrissi;2020;Reaching sustainability during a digital transformation: A PLS approach;International Journal of Innovation Science;Scopus;Digital Transformation, Sustainability, PLS, Innovation;Low;No;"Fails: digital transformation reaching sustainability (C2+C3); no decentralization as blockchain/DLT (C1)"; C2+C3: digital transformation and sustainability;10.1108/IJIS-09-2019-0106
1007;Round 2;Backward;Fattah, Saragih, Saragih & Setyadi;2021;Determinants effectiveness of information technology governance and IT performance in Higher Education Institutions (HEI): A conceptual framework;International Journal of Science Technology and Management;Not indexed;IT Governance, IT Performance, Higher Education, Governance Effectiveness;Low;No;"Fails: journal not indexed; IT governance effectiveness in HEI; no decentralization (C1)"; C1: IT governance effectiveness;10.46729/ijstm.v2i1.126
1008;Round 2;Backward;Ferguson, Green, Vaswani & Wu;2013;Determinants of effective information technology governance;International Journal of Auditing;SSCI/SCI;IT Governance, Determinants, Effectiveness, Auditing;Low;No;"Fails: published 2013, before 2015 cutoff; IT governance effectiveness; no C1"; C1: IT governance measurement items;10.1111/j.1099-1123.2012.00458.x
1009;Round 2;Backward;Feroz, Zo & Chiravuri;2021;Digital transformation and environmental sustainability: A review and research agenda;Sustainability;SSCI/SCI;Digital Transformation, Environmental Sustainability, Review, Research Agenda;Low;No;"Fails: digital transformation and environmental sustainability (C2+C3); sustainability is ecological/environmental; no C1"; C2+C3: digital transformation and sustainability performance;10.3390/su13031530
1010;Round 2;Backward;Fornell & Larcker;1981;Evaluating structural equation models with unobservable variables and measurement error;Journal of Marketing Research;SSCI/SCI;Structural Equation Models, Measurement Error, Discriminant Validity, AVE;Low;No;"Fails: published 1981; SEM methodology; no core RQ concepts"; methodology: discriminant validity Fornell-Larcker criterion;10.1177/002224378101800104
1011;Round 2;Backward;Gomez-Trujillo & Gonzalez-Perez;2022;Digital transformation as a strategy to reach sustainability;Smart and Sustainable Built Environment;Scopus;Digital Transformation, Sustainability Strategy, Built Environment, Smart Cities;Low;No;"Fails: digital transformation as sustainability strategy (C2+C3); no decentralization as blockchain/DLT (C1)"; C2+C3: digital transformation as sustainability strategy;10.1108/SASBE-03-2021-0045
1012;Round 2;Backward;Guandalini;2022;Sustainability through digital transformation: A systematic literature review for research guidance;Journal of Business Research;SSCI/SCI;Sustainability, Digital Transformation, Systematic Literature Review, Research Guidance;Low;No;"Fails: sustainability through digital transformation systematic review (C2+C3); no decentralization as blockchain/DLT (C1)"; C2+C3: digital transformation enabling sustainability;10.1016/j.jbusres.2022.04.017
1013;Round 2;Backward;Hair & Alamer;2022;Partial Least Squares Structural Equation Modeling (PLS-SEM) in second language and education research: Guidelines using an applied example;Research Methods in Applied Linguistics;Scopus;PLS-SEM, Structural Equation Modeling, Second Language, Education Research;Low;No;"Fails: PLS-SEM methodology; no core RQ concepts"; methodology: PLS-SEM bootstrapping;10.1016/j.rmal.2022.100027
1014;Round 2;Backward;Hair;2014;A primer on partial least squares structural equation modeling (PLS-SEM);Sage;Not indexed;PLS-SEM, Structural Equation Modeling, Methodology, Research Methods;Low;No;"Fails: textbook (Sage); not peer-reviewed journal"; methodology: PLS-SEM approach;N/A
1015;Round 2;Backward;Hair, Hult, Ringle, Sarstedt & Thiele;2017;Mirror mirror on the wall: A comparative evaluation of composite-based structural equation modeling methods;Journal of the Academy of Marketing Science;SSCI/SCI;Structural Equation Modeling, PLS-SEM, Composite-Based, Methodology;Low;No;"Fails: PLS-SEM methodology; no core RQ concepts"; methodology: PLS-SEM guidelines;10.1007/s11747-016-0517-x
1016;Round 2;Backward;Hamdan, Khamis, Anasweh, Al-Hashimi & Razzaque;2019;IT governance and firm performance: Empirical study from Saudi Arabia;SAGE Open;SSCI/SCI;IT Governance, Firm Performance, Saudi Arabia, Empirical Study;Low;No;"Fails: IT governance and firm performance in Saudi Arabia; no decentralization as blockchain/DLT (C1)"; C1+C3: IT governance and performance;10.1177/2158244019843723
1017;Round 2;Backward;Hung;2023;Green investment financial development digitalization and economic sustainability in Vietnam: Evidence from a quantile-on-quantile regression and wavelet coherence;Technological Forecasting and Social Change;SSCI/SCI;Green Investment, Digitalization, Economic Sustainability, Vietnam, Financial Development;Low;No;"Fails: green investment digitalization and economic sustainability Vietnam (C2+C3); sustainability partly ecological; no C1"; C2+C3: digitalization and economic sustainability;10.1016/j.techfore.2022.122185
1018;Round 2;Backward;Ingale;2024;IT governance: Navigating the digital transformation era;SSRN;Not indexed;IT Governance, Digital Transformation, Governance Framework, Technology Strategy;Low;No;"Fails: SSRN preprint; not peer-reviewed journal"; C1+C2: IT governance enabling digital transformation;N/A
1019;Round 2;Backward;Jalil & Khawaja;2025;Digital transformation strategy and e-governance sustainability: The mediating role of sustainability-oriented innovation;Jinnah Business Review;Not indexed;Digital Transformation, E-Governance, Sustainability, Innovation, Mediating Role;Low;No;"Fails: journal not indexed; digital transformation e-governance sustainability; no C1"; C2+C3: digital transformation and governance sustainability;N/A
1020;Round 2;Backward;Jeffers;2010;Embracing sustainability: Information technology and the strategic leveraging of operations in third-party logistics;International Journal of Operations and Production Management;SSCI/SCI;Sustainability, Information Technology, Logistics, Strategic Resources, RBV;Low;No;"Fails: published 2010, before 2015 cutoff; IT sustainability in logistics; no C1"; C1: RBV and IT as strategic resource;10.1108/01443571011024629
1021;Round 2;Backward;Jermsittiparsert;2020;Leadership and Industry 4.0 as a tool to enhance organization performance: Direct and indirect role of job satisfaction competitive advantage and business sustainability;Emerald Publishing Limited;Scopus;Leadership, Industry 4.0, Organization Performance, Business Sustainability;Low;No;"Fails: book chapter (Emerald); not peer-reviewed journal"; methodology: PLS-SEM in digital transformation research;10.1108/978-1-80043-014-820201013
1022;Round 2;Backward;Jewer & Van Der Meulen;2022;Governance of digital transformation: A review of the literature;Hawaii International Conference on System Sciences (HICSS);Scopus;Digital Transformation Governance, IT Governance, Literature Review, Digital Strategy;Low;No;"Fails: conference proceedings (HICSS); not peer-reviewed journal"; C1+C2: IT governance and digital transformation;N/A
1023;Round 2;Backward;Joshi, Benitez, Huygh, Ruiz & De Haes;2022;Impact of IT governance process capability on business performance: Theory and empirical evidence;Decision Support Systems;SSCI/SCI;IT Governance, Process Capability, Business Performance, Empirical Evidence;Low;No;"Fails: IT governance process capability and business performance; no decentralization as blockchain/DLT (C1)"; C1+C3: IT governance and institutional sustainability performance;10.1016/j.dss.2021.113668
1024;Round 2;Backward;Korachi & Bounabat;2020;IT management and governance framework for formulating a digital transformation strategy;International Conference on Advanced Intelligent Systems for Sustainable Development;Scopus;IT Governance, Digital Transformation Strategy, IT Management, Governance Framework;Low;No;"Fails: conference proceedings; IT governance and digital transformation strategy; not peer-reviewed journal"; C1+C2: IT governance and digital transformation strategy;N/A
1025;Round 2;Backward;Li & Xu;2024;Can ESG rating reduce corporate carbon emissions? An empirical study from Chinese listed companies;Journal of Cleaner Production;SSCI/SCI;ESG Rating, Carbon Emissions, Corporate Sustainability, Chinese Companies;Low;No;"Fails: ESG rating and carbon emissions (C3 partial ecological); no decentralization (C1)"; C3: ESG and sustainability performance;10.1016/j.jclepro.2023.140226
1026;Round 2;Backward;Li;2022;Digital transformation and sustainable performance: The moderating role of market turbulence;Industrial Marketing Management;SSCI/SCI;Digital Transformation, Sustainable Performance, Market Turbulence, Moderating Role;Low;No;"Fails: digital transformation and sustainable performance (C2+C3); no decentralization as blockchain/DLT (C1)"; C2+C3: digital transformation and sustainable performance;10.1016/j.indmarman.2021.10.007
1027;Round 2;Backward;Liu, Gailhofer, Gensch, Kohler, Wolff, Monteforte, Urrutia, Cihlarova & Williams;2019;Impacts of the digital transformation on the environment and sustainability;NOT OBTAINED;Not indexed;Digital Transformation, Environment, Sustainability, ICT, Environmental Impacts;Low;No;"Fails: not indexed; digital transformation impacts on environment; sustainability ecological"; C2+C3: digital transformation impacts on sustainability;N/A
1028;Round 2;Backward;Lunardi, Macada, & Becker;2014;IT governance effectiveness and its antecedents: An empirical examination in Brazilian firms;Annual Hawaii International Conference on System Sciences;Scopus;IT Governance Effectiveness, Antecedents, Brazilian Firms, Empirical Study;Low;No;"Fails: conference proceedings (HICSS); published 2014; before 2015 cutoff"; C1: IT governance effectiveness and RBV;N/A
1029;Round 2;Backward;Martinez-Pelaez, Ochoa-Brust, Rivera, Felix, Ostos, Brito, Felix & Mena;2023;Role of digital transformation for achieving sustainability: Mediated role of stakeholders key capabilities and technology;Sustainability;SSCI/SCI;Digital Transformation, Sustainability, Stakeholders, Key Capabilities, Technology;Low;No;"Fails: digital transformation and sustainability via stakeholders (C2+C3); no decentralization as blockchain/DLT (C1)"; C2+C3: digital transformation and sustainability performance;10.3390/su151411221
1030;Round 2;Backward;Mata, Fuerst & Barney;1995;Information technology and sustained competitive advantage: A resource-based analysis;MIS Quarterly;SSCI/SCI;Information Technology, Competitive Advantage, Resource-Based View, IT Strategy;Low;No;"Fails: published 1995, before 2015 cutoff; RBV and IT strategy; no C1"; C1: RBV and IT as strategic resource;10.2307/249630
1031;Round 2;Backward;Mavlutova, Spilbergs, Verdenhofs, Natrins, Arefjevs & Volkova;2022;Digital transformation as a driver of the financial sector sustainable development: An impact on financial inclusion and operational efficiency;Sustainability;SSCI/SCI;Digital Transformation, Financial Sector, Sustainable Development, Financial Inclusion;Low;No;"Fails: digital transformation financial sector sustainable development (C2+C3); no decentralization as blockchain/DLT (C1)"; C2+C3: digital financial transformation and sustainability;10.3390/su15010207
1032;Round 2;Backward;Medaglia, Eaton, Hedman & Whitley;2022;Mechanisms of power inscription into IT governance: Lessons from two national digital identity systems;Information Systems Journal;SSCI/SCI;IT Governance, Power, Digital Identity, Information Systems;Low;No;"Fails: IT governance power inscription and digital identity; no decentralization as blockchain/DLT (C1)"; C1: IT governance mechanisms and transparency;10.1111/isj.12338
1033;Round 2;Backward;Mijwil, Filali, Aljanabi, Bounabi & Al-Shahwani;2023;The purpose of cybersecurity governance in the digital transformation of public services and protecting the digital environment;Mesopotamian Journal of Cybersecurity;Not indexed;Cybersecurity Governance, Digital Transformation, Public Services, IT Governance;Low;No;"Fails: journal not indexed; cybersecurity governance in digital transformation; no decentralization as blockchain/DLT (C1)"; C1+C2: IT governance and cybersecurity in digital transformation;10.58496/MJCS/2023/001
1034;Round 2;Backward;Mulyana;2025;IT governance influence on digital transformation;Department of Computer and Systems Sciences Stockholm University;Not indexed;IT Governance, Digital Transformation, Governance Influence, Digital Strategy;Low;No;"Fails: not indexed institutional report; IT governance and digital transformation"; C1+C2: IT governance enabling digital transformation;N/A
1035;Round 2;Backward;Mulyana, Rusu & Perjons;2021;IT governance mechanisms influence on digital transformation: A systematic literature review;Twenty-Seventh Americas' Conference on Information Systems (AMCIS);Scopus;IT Governance, Digital Transformation, Governance Mechanisms, Systematic Review;Low;No;"Fails: conference proceedings (AMCIS); not peer-reviewed journal"; C1+C2: IT governance and digital transformation;N/A
1036;Round 2;Backward;Mulyana, Rusu & Perjons;2024;Key ambidextrous IT governance mechanisms for successful digital transformation: A case study of Bank Rakyat Indonesia (BRI);Digital Business;Scopus;IT Governance, Digital Transformation, Ambidextrous Governance, Bank, Case Study;Low;No;"Fails: IT governance mechanisms for digital transformation (bank case study); no decentralization as blockchain/DLT (C1)"; C1+C2: IT governance mechanisms for digital transformation;10.1016/j.digbus.2024.100083
1037;Round 2;Backward;Nguyen & Phan;2025;The role of governance and digital transformation in enhancing operational sustainability of non-banking financial institutions;Pakistan Journal of Life and Social Sciences;Not indexed;Governance, Digital Transformation, Operational Sustainability, Financial Institutions;Low;No;"Fails: journal not indexed; governance DT and operational sustainability; no C1"; C1+C2+C3: IT governance DFT and sustainability;N/A
1038;Round 2;Backward;Palmieri;2025;Corporate governance sustainability and digital transformation;Corporate and Business Strategy Review;Not indexed;Corporate Governance, Sustainability, Digital Transformation, Strategy;Low;No;"Fails: journal not indexed; corporate governance sustainability DT; no C1"; C1+C2+C3: governance digital transformation sustainability;10.22495/cbsrv6i2editorial
1039;Round 2;Backward;Pankowska & Pankowska;2019;Information technology outsourcing chain: Literature review and implications for development of distributed coordination;Sustainability;SSCI/SCI;IT Outsourcing, Distributed Coordination, Information Technology, Sustainability;Low;No;"Fails: IT outsourcing chain distributed coordination; not blockchain/DLT decentralization (C1) specifically"; C1: RBV and IT governance as strategic resource;10.3390/su11061460
1040;Round 2;Backward;Papathomas & Konteos;2024;Financial institutions digital transformation: The stages of the journey and business metrics to follow;Journal of Financial Services Marketing;Scopus;Digital Transformation, Financial Institutions, Business Metrics, Digital Journey;Low;No;"Fails: digital financial transformation measurement (C2 only); no decentralization (C1)"; C2: digital financial transformation measurement;10.1057/s41264-022-00187-6
1041;Round 2;Backward;Park, Kim, Moon, Kim, Kang & Bae;2022;Searching for new technology acceptance model under social context: Analyzing determinants of acceptance of intelligent information technology in digital transformation and implications for requisites of digital sustainability;Sustainability;SSCI/SCI;Technology Acceptance, Digital Transformation, Digital Sustainability, Intelligent IT;Low;No;"Fails: technology acceptance digital transformation sustainability (C2+C3); no decentralization as blockchain/DLT (C1)"; C2+C3: digital transformation and sustainability;10.3390/su14010579
1042;Round 2;Backward;Priyadarsini & Kumar;2022;A literature review on IT governance using a systematicity and transparent framework;Digital Policy Regulation and Governance;Scopus;IT Governance, Literature Review, Systematic Framework, Digital Policy;Low;No;"Fails: IT governance systematic literature review; no decentralization as blockchain/DLT (C1)"; C1+C2: IT governance and digital transformation;10.1108/DPRG-04-2021-0054
1043;Round 2;Backward;Ringle & Sarstedt;2016;Gain more insight from your PLS-SEM results: The importance-performance map analysis;Industrial Management and Data Systems;SSCI/SCI;PLS-SEM, Importance-Performance Map, IPMA, Research Methodology;Low;No;"Fails: PLS-SEM IPMA methodology; no core RQ concepts"; methodology: IPMA analysis;10.1108/IMDS-10-2015-0449
1044;Round 2;Backward;Robertsone & Lapina;2023;Digital transformation as a catalyst for sustainability and open innovation;Journal of Open Innovation: Technology Market and Complexity;SSCI/SCI;Digital Transformation, Sustainability, Open Innovation, Catalyst;Low;No;"Fails: digital transformation and sustainability open innovation (C2+C3); no decentralization as blockchain/DLT (C1)"; C2+C3: digital transformation and sustainability;10.1016/j.joitmc.2023.100017
1045;Round 2;Backward;Rosario & Dias;2022;Sustainability and the digital transition: A literature review;Sustainability;SSCI/SCI;Sustainability, Digital Transition, Literature Review, Digital Transformation;Low;No;"Fails: sustainability and digital transition literature review (C2+C3); no decentralization as blockchain/DLT (C1)"; C2+C3: digitalization and sustainability performance;10.3390/su14074072
1046;Round 2;Backward;Sarkar, Ullah & Sarkar;2022;Environmental and economic sustainability through innovative green products by remanufacturing;Journal of Cleaner Production;SSCI/SCI;Environmental Sustainability, Economic Sustainability, Green Products, Remanufacturing;Low;No;"Fails: environmental and economic sustainability via green products; sustainability ecological; no C1"; C3: economic and environmental sustainability interdependence;10.1016/j.jclepro.2021.129813
1047;Round 2;Backward;Sarwar, Abbas, Alyas, Alzahrani, Alghamdi & Alsaawy;2023;Digital transformation of public sector governance with IT service management: A pilot study;IEEE Access;SSCI/SCI;Digital Transformation, Public Sector, IT Service Management, Governance;Low;No;"Fails: digital transformation of public sector governance via IT service management; no decentralization as blockchain/DLT (C1)"; C1+C2: IT governance and digital transformation in public sector;10.1109/ACCESS.2023.3234869
1048;Round 2;Backward;Sengik, Lunardi, Bianchi & Wiedenhoft;2022;Using design science research to propose an IT governance model for higher education institutions;Education and Information Technologies;SSCI/SCI;IT Governance, Design Science Research, Higher Education, Governance Model;Low;No;"Fails: IT governance model for higher education; no decentralization as blockchain/DLT (C1)"; C1: IT governance as strategic resource;10.1007/s10639-022-11018-z
1049;Round 2;Backward;Siswanti, Riyadh, Nawangsari, Mohd Yusoff & Wibowo;2024;The impact of digital transformation for sustainable business: The meditating role of corporate governance and financial performance;Cogent Business and Management;Scopus;Digital Transformation, Sustainable Business, Corporate Governance, Financial Performance;Low;No;"Fails: digital transformation and sustainable business corporate governance (C2+C3); no decentralization as blockchain/DLT (C1)"; C2+C3: digital transformation and business sustainability;10.1080/23311975.2024.2316954
1050;Round 2;Backward;Sofyani, Pratolo & Putra;2023;The IT governance role on internal accountability and performance in higher education institutions: Testing the intervening role of performance measurement system and IT capabilities;Jurnal Dinamika Akuntansi;Not indexed;IT Governance, Internal Accountability, Performance, Higher Education;Low;No;"Fails: journal not indexed; IT governance and accountability in HEI; no C1"; C1: IT governance and accountability;N/A
1051;Round 2;Backward;Sofyani, Riyadh & Fahlevi;2020;Improving service quality accountability and transparency of local government: The intervening role of information technology governance;Cogent Business and Management;Scopus;IT Governance, Service Quality, Accountability, Transparency, Local Government;Low;No;"Fails: IT governance accountability in local government; no decentralization as blockchain/DLT (C1)"; C1+C3: IT governance and public sector sustainability;10.1080/23311975.2020.1735690
1052;Round 2;Backward;Spremic;2017;Governing digital technology: How mature IT governance can help in digital transformation?;International Journal of Economics and Management Systems;Not indexed;IT Governance, Digital Technology, Digital Transformation, Governance Maturity;Low;No;"Fails: journal not indexed; IT governance digital transformation maturity; no C1"; C1+C2: IT governance and digital transformation;N/A
1053;Round 2;Backward;Sun, Shahzad & Razzaq;2022;Sustainable organizational performance through blockchain technology adoption and knowledge management in China;Journal of Innovation and Knowledge;SSCI/SCI;Blockchain, Sustainable Performance, Knowledge Management, Digital Technology;High;Yes;"Passes: blockchain/DLT (C1) + digital transformation and knowledge management (C2) + sustainable organizational performance as long-term stable development (C3); Journal of Innovation and Knowledge (SSCI)";10.1016/j.jik.2022.100247;10.1016/j.jik.2022.100247
1054;Round 2;Backward;Trevisan, Eustachio, Dias, Filho & Pedrozo;2024;Digital transformation towards sustainability in higher education: State-of-the-art and future research insights;Environment Development and Sustainability;SSCI/SCI;Digital Transformation, Sustainability, Higher Education, Literature Review;Low;No;"Fails: digital transformation and sustainability in higher education (C2+C3); no decentralization as blockchain/DLT (C1)"; C2+C3: digital transformation and sustainability;10.1007/s10668-023-02938-w
1055;Round 2;Backward;Truong;2022;The impact of digital transformation on environmental sustainability;Advances in Multimedia;Scopus;Digital Transformation, Environmental Sustainability, ICT, Carbon Emissions;Low;No;"Fails: digital transformation and environmental sustainability; sustainability is ecological; no C1"; C2+C3: digital transformation and sustainability performance;10.1155/2022/6324325
1056;Round 2;Backward;Tumpa, Naeni, Afzal & Ghanbaripour;2025;Leveraging digital technology to improve environmental social and governance performance of infrastructure projects;Management Decision;SSCI/SCI;Digital Technology, ESG Performance, Infrastructure, Digital Transformation;Low;No;"Fails: digital technology ESG performance in infrastructure (C2+C3); no decentralization as blockchain/DLT (C1)"; C2+C3: digital transformation and ESG sustainability performance;10.1108/MD-02-2024-0247
1057;Round 2;Backward;Varriale, Cammarano, Michelino & Caputo;2020;The unknown potential of blockchain for sustainable supply chains;Sustainability;SSCI/SCI;Blockchain, Sustainable Supply Chains, Digital Technology, Transparency;High;Yes;"Passes: blockchain potential for sustainable supply chains (C1) + digital transformation (C2) + economic sustainability of operations as stable development (C3); Sustainability (SSCI)";10.3390/su12229400;10.3390/su12229400
1058;Round 2;Backward;Vergara & Agudo;2021;Fintech and sustainability: Do they affect each other?;Sustainability;SSCI/SCI;FinTech, Sustainability, Financial Technology, Digital Finance, ESG;Low;No;"Fails: FinTech and sustainability (C2+C3); no decentralization as blockchain/DLT (C1)"; C2+C3: digital financial transformation and sustainability;10.3390/su13137012
1059;Round 2;Backward;Vincent, Higgs & Pinsker;2017;IT governance and the maturity of IT risk management practices;Journal of Information Systems;SSCI/SCI;IT Governance, IT Risk Management, Maturity, Information Security;Low;No;"Fails: IT governance and IT risk management; no decentralization as blockchain/DLT (C1)"; C1: IT governance risks in digital transformation;10.2308/isys-51365
1060;Round 2;Backward;Wang, Khan & Zhang;2025;Digital transformation of government: Sustainability through e-governance;Public Money and Management;SSCI/SCI;Digital Government, E-Governance, Sustainability, Digital Transformation;Low;No;"Fails: digital government e-governance and sustainability (C2+C3); no decentralization as blockchain/DLT (C1)"; C1+C2+C3: digital governance and sustainability;10.1080/09540962.2024.2372528
1061;Round 2;Backward;Wang;2021;The party must strengthen its leadership in finance! Digital technologies and financial governance in China's Fintech development;China Quarterly;SSCI/SCI;FinTech, Digital Finance, Financial Governance, China, Digital Technologies;Low;No;"Fails: FinTech and financial governance in China (C2+C3); no decentralization as blockchain/DLT (C1)"; C2: digital financial transformation tools;10.1017/S0305741020001332
1062;Round 2;Backward;Wang & Wen;2024;Digital finance digital transformation and the development of off-balance sheet activities by commercial banks;Systems;Scopus;Digital Finance, Digital Transformation, Commercial Banks, Off-Balance Sheet;Low;No;"Fails: digital finance transformation in commercial banks (C2 only); no decentralization (C1)"; C2: digital financial transformation measurement;10.3390/systems12080301
1063;Round 2;Backward;Wilkin & Chenhall;2020;Information technology governance: Reflections on the past and future directions;Journal of Information Systems;SSCI/SCI;IT Governance, Future Directions, Performance Indicators, Digital Transformation;Low;No;"Fails: IT governance future directions; no decentralization as blockchain/DLT (C1)"; C1+C3: IT governance and performance evaluation;10.2308/isys-52652
1064;Round 2;Backward;Xu, Yu, Zhang & Zhang;2023;Impacts of digital transformation on eco-innovation and sustainable performance: Evidence from Chinese manufacturing companies;Journal of Cleaner Production;SSCI/SCI;Digital Transformation, Eco-Innovation, Sustainable Performance, Manufacturing;Low;No;"Fails: digital transformation eco-innovation and sustainable performance; sustainability partly ecological; no C1"; C2+C3: digital transformation and sustainability performance;10.1016/j.jclepro.2023.136278
1065;Round 2;Backward;Zahid, Rahman, Ullah & Muhammad;2021;Sustainability and branchless banking: The development and validation of a distinct measurement scale;Technology in Society;SSCI/SCI;Sustainability, Branchless Banking, Measurement Scale, Digital Finance;Low;No;"Fails: sustainability and branchless banking measurement (C2+C3); no decentralization as blockchain/DLT (C1)"; C3: economic sustainability measurement;10.1016/j.techsoc.2021.101764
1066;Round 2;Backward;Zheng, Siddik, Masukujjaman & Fatema;2021;Factors affecting the sustainability performance of financial institutions in Bangladesh: The role of green finance;Sustainability;SSCI/SCI;Sustainability Performance, Financial Institutions, Green Finance, Bangladesh;Low;No;"Fails: sustainability performance financial institutions green finance (C2+C3); sustainability partly ecological; no C1"; C3: sustainability performance of financial institutions;10.3390/su131810165
