ID;Round;Direction;Authors;Year;Title;Journal;Source Type;Keywords;Relevance;Included;Notes;DOI
1;Seed;No direction;Attah, Garba, Gil-Ozoudeh & Iwuanyanwu;2024;Digital transformation in the energy sector: Comprehensive review of sustainability impacts and economic benefits;Int. j. adv. economics;SSCI/SCI;Digital Transformation, Energy Sector, Sustainability, Economic Benefits;High;Yes;Seed paper;10.51594/ijae.v6i12.1751
2;Seed;No direction;Attah, Matthew, Garba, Gil-Ozoudeh & Iwuanyanwu;2024;Strategic frameworks for digital transformation across logistics and energy sectors: Bridging technology with business strategy;Open Access Res. J. Sci. Technol.;SSCI/SCI;Digital Transformation, Logistics, Energy, Business Strategy;High;Yes;Seed paper;10.53022/oarjst.2024.12.2.0142
3;Seed;No direction;Dietrich, Turgut, Palm & Louw;2021;Smart Contract-Based Blockchain Solution to Reduce Supply Chain Risks;HICL – Hamburg International Conference of Logistics;Not indexed;Blockchain, Smart Contracts, Supply Chain, Risk;High;Yes;Seed paper;N/A
4;Seed;No direction;Du & Qu;2024;Is Digital Transformation a Burden or a Help? From the Perspective of Enterprise Sustainable Development;Sustainability;SSCI/SCI;Digital Transformation, Sustainability, Enterprise Development;High;Yes;Seed paper;10.3390/su16030980
5;Seed;No direction;Menichini, Salierno & Strollo;2024;Digital Transformation in the Agri-food Sector: A Comparative Analysis of Industry 4.0 Innovations by Italian Sustainability Leaders;ECMLG;Scopus;Digital Transformation, Agri-food, Industry 4.0, Sustainability;High;Yes;Seed paper;10.34190/ecmlg.20.1.3058
6;Seed;No direction;Spigarelli, Compagnucci & Lepore;2024;Blockchain unlocking collaborative opportunities for environmental sustainability through innovation intermediaries;J Technol Transf;SSCI/SCI;Blockchain, Environmental Sustainability, Innovation Intermediaries, Collaboration;High;Yes;Seed paper;10.1007/s10961-024-10106-5
7;Seed;No direction;Vrabie;2023;E-Government 3.0: An AI Model to Use for Enhanced Local Democracies;Sustainability;SSCI/SCI;E-Government, AI, Local Democracy, Machine Learning, NLP;High;Yes;Seed paper;10.3390/su15129572
9;Round 1;Backward;Agupugo;2023;Design of A Renewable Energy-Based Microgrid That Comprises Only PV and Battery Storage to Sustain Critical Loads in Nigeria Air Force Base Kaduna;ResearchGate;Unknown;Renewable Energy, Microgrid, PV, Battery Storage;Pending;No;"Fails: focuses on renewable energy microgrid engineering, not digital transformation or decentralization as governance; sustainability is ecological/technical";N/A
10;Round 1;Backward;Agupugo, Ajayi, Nwanevu & Oladipo;2022;Advancements in Technology for Renewable Energy Microgrids;Open Access Res. J. Sci. Technol.;Unknown;Renewable Energy, Microgrids, Technology;Pending;No;"Fails: focuses on renewable energy microgrid engineering, not digital transformation or decentralization as governance; sustainability is ecological/technical";N/A
11;Round 1;Backward;Agupugo & Tochukwu;2021;A model to assess the economic viability of renewable energy microgrids: A case study of Imufu Nigeria;Open Access Res. J. Sci. Technol.;Unknown;Economic Viability, Renewable Energy, Microgrids;Pending;No;"Fails: focuses on renewable energy microgrid engineering, not digital transformation or decentralization as governance; sustainability is ecological/technical";N/A
12;Round 1;Backward;Agupugo, Ajayi, Nwanevu & Oladipo;2022;Policy and regulatory framework supporting renewable energy microgrids and energy storage systems;Open Access Res. J. Sci. Technol.;Unknown;Policy, Regulatory Framework, Renewable Energy, Energy Storage;Pending;No;"Fails: focuses on renewable energy microgrid engineering, not digital transformation or decentralization as governance; sustainability is ecological/technical";N/A
13;Round 1;Backward;Agupugo, Kehinde & Manuel;2024;Optimization of microgrid operations using renewable energy sources;Engineering Science & Technology Journal;Unknown;Microgrid, Optimization, Renewable Energy;Pending;No;"Fails: focuses on renewable energy microgrid engineering, not digital transformation or decentralization as governance; sustainability is ecological/technical";10.51594/estj.v5i7
14;Round 1;Backward;Akerele, Uzoka, Ojukwu & Olamijuwon;2024;Minimizing downtime in E-Commerce platforms through containerization and orchestration;International Journal of Multidisciplinary Research Updates;Unknown;E-Commerce, Containerization, Orchestration, Downtime;Pending;No;"Fails: IT infrastructure optimization; lacks decentralization and sustainability-as-stability dimensions";10.53430/ijmru.2024.8.2.0056
15;Round 1;Backward;Akerele, Uzoka, Ojukwu & Olamijuwon;2024;Optimizing traffic management for public services during high-demand periods using cloud load balancers;Computer Science & IT Research Journal;Unknown;Traffic Management, Cloud, Load Balancers;Pending;No;"Fails: IT infrastructure optimization; lacks decentralization and sustainability-as-stability dimensions";10.51594/csitrj.v5i11.1710
16;Round 1;Backward;Akerele, Uzoka, Ojukwu & Olamijuwon;2024;Data management solutions for real-time analytics in retail cloud environments;Engineering Science & Technology Journal;Unknown;Data Management, Real-Time Analytics, Cloud, Retail;Pending;No;"Fails: IT infrastructure optimization; lacks decentralization and sustainability-as-stability dimensions";10.51594/estj.v5i11.1706
17;Round 1;Backward;Akerele, Uzoka, Ojukwu & Olamijuwon;2024;Improving healthcare application scalability through microservices architecture in the cloud;International Journal of Scientific Research Updates;Unknown;Healthcare, Microservices, Cloud, Scalability;Pending;No;"Fails: IT infrastructure optimization; lacks decentralization and sustainability-as-stability dimensions";10.53430/ijsru.2024.8.2.0064
18;Round 1;Backward;Akerele, Uzoka, Ojukwu & Olamijuwon;2024;Increasing software deployment speed in agile environments through automated configuration management;International Journal of Engineering Research Updates;Unknown;Software Deployment, Agile, Configuration Management;Pending;No;"Fails: IT infrastructure optimization; lacks decentralization and sustainability-as-stability dimensions";10.53430/ijeru.2024.7.2.0047
19;Round 1;Backward;Audu & Umana;2024;Advances in environmental compliance monitoring in the oil and gas industry: Challenges and opportunities;International Journal of Scientific Research Updates;Unknown;Environmental Compliance, Oil and Gas, Monitoring;Pending;No;Fails: sustainability framed purely in ecological/environmental compliance terms;10.53430/ijsru.2024.8.2.0062
20;Round 1;Backward;Audu & Umana;2024;The role of environmental compliance in oil and gas production: A critical assessment of pollution control strategies in the Nigerian petrochemical industry;International Journal of Scientific Research Updates;Unknown;Environmental Compliance, Oil and Gas, Nigeria, Pollution Control;Pending;No;Fails: sustainability framed purely in ecological/environmental compliance terms;10.53430/ijsru.2024.8.2.0061
21;Round 1;Backward;Audu, Umana & Garba;2024;The role of digital tools in enhancing environmental monitoring and business efficiency;International Journal of Multidisciplinary Research Updates;Unknown;Digital Tools, Environmental Monitoring, Business Efficiency;Pending;No;Fails: sustainability framed as environmental monitoring, not institutional stability;10.53430/ijmru.2024.8.2.0052
22;Round 1;Backward;Barrie, Agupugo, Iguare & Folarin;2024;Leveraging machine learning to optimize renewable energy integration in developing economies;Global Journal of Engineering and Technology Advances;Unknown;Machine Learning, Renewable Energy, Developing Economies;Pending;No;"Fails: renewable energy + machine learning; sustainability is ecological/technical, no C1 or C3 as stability";N/A
23;Round 1;Backward;Bassey & Ibegbulam;2023;Machine learning for green hydrogen production;Computer Science & IT Research Journal;Unknown;Machine Learning, Green Hydrogen, Energy;Pending;No;"Fails: renewable energy + machine learning; sustainability is ecological/technical, no C1 or C3 as stability";N/A
24;Round 1;Backward;Bassey;2022;Optimizing wind farm performance using machine learning;Engineering Science & Technology Journal;Unknown;Wind Farm, Machine Learning, Energy Optimization;Pending;No;"Fails: renewable energy + machine learning; sustainability is ecological/technical, no C1 or C3 as stability";N/A
25;Round 1;Backward;Bassey;2023;Hybrid renewable energy systems modeling;Engineering Science & Technology Journal;Unknown;Hybrid Renewable Energy, Modeling, Systems;Pending;No;"Fails: renewable energy + machine learning; sustainability is ecological/technical, no C1 or C3 as stability";N/A
26;Round 1;Backward;Bassey;2023;Hydrokinetic energy devices: studying devices that generate power from flowing water without dams;Engineering Science & Technology Journal;Unknown;Hydrokinetic Energy, Renewable Energy, Dams;Pending;No;"Fails: renewable energy + machine learning; sustainability is ecological/technical, no C1 or C3 as stability";N/A
27;Round 1;Backward;Bassey;2023;Solar energy forecasting with deep learning technique;Engineering Science & Technology Journal;Unknown;Solar Energy, Deep Learning, Forecasting;Pending;No;"Fails: renewable energy + machine learning; sustainability is ecological/technical, no C1 or C3 as stability";N/A
28;Round 1;Backward;Bassey;2024;From waste to wonder: Developing engineered nanomaterials for multifaceted applications;GSC Advanced Research and Reviews;Unknown;Nanomaterials, Waste, Engineering, Sustainability;Pending;No;Fails: nanomaterials engineering, no core concepts addressed;N/A
29;Round 1;Backward;Bassey, Aigbovbiosa & Agupugo;2024;Risk management strategies in renewable energy investment;International Journal of Novel Research in Engineering and Science;Unknown;Risk Management, Renewable Energy, Investment;Pending;No;"Fails: renewable energy investment risk; no digital transformation or decentralization";N/A
30;Round 1;Backward;Bassey, Juliet & Stephen;2024;AI-Enhanced lifecycle assessment of renewable energy systems;Engineering Science & Technology Journal;Unknown;AI, Lifecycle Assessment, Renewable Energy;Pending;No;"Fails: lifecycle assessment of renewable energy systems; sustainability is ecological";N/A
31;Round 1;Backward;Bassey, Opoku-Boateng, Antwi & Ntiakoh;2024;Economic impact of digital twins on renewable energy investments;Engineering Science & Technology Journal;Unknown;Digital Twins, Renewable Energy, Economic Impact;Pending;No;"Fails: digital twin for renewable energy; sustainability is ecological/technical not stable development";N/A
32;Round 1;Backward;Bassey, Opoku-Boateng, Antwi, Ntiakoh & Juliet;2024;Digital twin technology for renewable energy microgrids;Engineering Science & Technology Journal;Unknown;Digital Twins, Renewable Energy, Microgrids;Pending;No;"Fails: digital twin technology for renewable microgrids; sustainability ecological";N/A
33;Round 1;Backward;Bassey, Rajput, Oladepo & Oyewale;2024;Optimizing behavioral and economic strategies for the ubiquitous integration of wireless energy transmission in smart cities;Open Access Res. J. Multidisciplinary;Unknown;Wireless Energy, Smart Cities, Economic Strategy, Behavioral;Pending;No;"Fails: wireless energy in smart cities; insufficient coverage of decentralization and sustainability-as-stability";N/A
34;Round 1;Backward;Bello, Folorunso, Ejiofor, Budale, Adebayo & Babatunde;2023;Machine learning approaches for enhancing fraud prevention in financial transactions;International Journal of Management Technology;Unknown;Machine Learning, Fraud Prevention, Financial Transactions;Pending;No;"Fails: machine learning fraud detection; no decentralization or sustainability-as-stability concepts";N/A
35;Round 1;Backward;Bello, Folorunso, Ogundipe, Kazeem, Budale, Zainab & Ejiofor;2022;Enhancing cyber financial fraud detection using deep learning techniques: a study on neural networks and anomaly detection;International Journal of Network and Communication Research;Unknown;Deep Learning, Fraud Detection, Neural Networks, Anomaly Detection;Pending;No;"Fails: machine learning fraud detection; no decentralization or sustainability-as-stability concepts";N/A
36;Round 1;Backward;Bello, Folorunso, Onwuchekwa & Ejiofor;2023;A Comprehensive Framework for Strengthening USA Financial Cybersecurity: Integrating Machine Learning and AI in Fraud Detection Systems;European Journal of Computer Science and Information Technology;Unknown;Cybersecurity, Machine Learning, AI, Fraud Detection;Pending;No;"Fails: machine learning fraud detection; no decentralization or sustainability-as-stability concepts";N/A
37;Round 1;Backward;Bello, Folorunso, Onwuchekwa, Ejiofor, Budale & Egwuonwu;2023;Analysing the Impact of Advanced Analytics on Fraud Detection: A Machine Learning Perspective;European Journal of Computer Science and Information Technology;Unknown;Advanced Analytics, Fraud Detection, Machine Learning;Pending;No;"Fails: machine learning fraud detection; no decentralization or sustainability-as-stability concepts";N/A
38;Round 1;Backward;Bello, Ogundipe, Mohammed, Adebola & Alonge;2023;AI-Driven Approaches for Real-Time Fraud Detection in US Financial Transactions: Challenges and Opportunities;European Journal of Computer Science and Information Technology;Unknown;AI, Fraud Detection, Real-Time, Financial Transactions;Pending;No;"Fails: machine learning fraud detection; no decentralization or sustainability-as-stability concepts";N/A
39;Round 1;Backward;Crawford, Duong, Fueston, Lawani, Owoade, Uzoka, Parizi & Yazdinejad;2023;AI in software engineering: a survey on project management applications;arXiv;Unknown;AI, Software Engineering, Project Management;Pending;No;"Fails: AI in software project management; no decentralization or sustainability-as-stability";arXiv:2307.15224
40;Round 1;Backward;Ebeh, Okwandu, Abdulwaheed & Iwuanyanwu;2024;Exploration of eco-friendly building materials: Advances and applications;International Journal of Engineering Research and Development;Unknown;Eco-Friendly Materials, Building, Sustainability;Pending;No;Fails: construction/building sustainability framed in ecological terms;N/A
41;Round 1;Backward;Ebeh, Okwandu, Abdulwaheed & Iwuanyanwu;2024;Sustainable project management practices: Tools techniques and case studies;International Journal of Engineering Research and Development;Unknown;Sustainable Project Management, Tools, Case Studies;Pending;No;Fails: construction/building sustainability framed in ecological terms;N/A
42;Round 1;Backward;Ebeh, Okwandu, Abdulwaheed & Iwuanyanwu;2024;Recycling programs in construction: Success stories and lessons learned;International Journal of Engineering Research and Development;Unknown;Recycling, Construction, Sustainability;Pending;No;Fails: construction/building sustainability framed in ecological terms;N/A
43;Round 1;Backward;Ebeh, Okwandu, Abdulwaheed & Iwuanyanwu;2024;Life cycle assessment (LCA) in construction: Methods applications and outcomes;International Journal of Engineering Research and Development;Unknown;LCA, Construction, Life Cycle, Sustainability;Pending;No;Fails: construction/building sustainability framed in ecological terms;N/A
44;Round 1;Backward;Esan;2023;Addressing Brain Drain in the Health Sector towards Sustainable National Development in Nigeria: Way Forward;Open Access Res. J. Sci. Technol.;Unknown;Brain Drain, Health Sector, Nigeria, Sustainable Development;Pending;No;"Fails: health workforce migration; no digital transformation, decentralization, or sustainability-as-stability";N/A
45;Round 1;Backward;Esan, Nwulu & Adepoju;2024;A Bibliometric Analysis Assessing the Water-Energy-Food Nexus in South Africa;Heliyon;Unknown;Water-Energy-Food Nexus, Bibliometric, South Africa;Pending;No;Fails: WEF nexus is ecological/resource sustainability, not relevant framing;N/A
46;Round 1;Backward;Esan, Nwulu, David & Adepoju;2024;An evaluation of 2013 privatization on benin electricity distribution technical and workforce performance;International Journal of Energy Sector Management;Unknown;Privatization, Electricity Distribution, Nigeria, Workforce;Pending;No;"Fails: electricity privatization; sustainability as institutional stability is marginal, no digital transformation or DLT";N/A
47;Round 1;Backward;Folorunso;2024;Assessment of internet safety cybersecurity awareness and risks in technology environment among college students;Open Access Res. J. Sci. Technol.;Unknown;Internet Safety, Cybersecurity, College Students;Pending;No;"Fails: cybersecurity focus; no decentralization (DLT/blockchain) or sustainability-as-stable-development";N/A
48;Round 1;Backward;Folorunso;2024;Cybersecurity and its global applicability to decision making: a comprehensive approach in the university System;SSRN;Unknown;Cybersecurity, Decision Making, University;Pending;No;"Fails: cybersecurity focus; no decentralization (DLT/blockchain) or sustainability-as-stable-development";N/A
49;Round 1;Backward;Folorunso, Adewumi, Adewa, Okonkwo & Olawumi;2024;Impact of AI on cybersecurity and security compliance;Global Journal of Engineering and Technology Advances;Unknown;AI, Cybersecurity, Security Compliance;Pending;No;"Fails: cybersecurity focus; no decentralization (DLT/blockchain) or sustainability-as-stable-development";N/A
50;Round 1;Backward;Folorunso, Olanipekun, Adewumi & Samuel;2024;A policy framework on AI usage in developing countries and its impact;Global Journal of Engineering and Technology Advances;Unknown;AI Policy, Developing Countries, Framework;Pending;No;"Fails: cybersecurity focus; no decentralization (DLT/blockchain) or sustainability-as-stable-development";N/A
51;Round 1;Backward;Folorunso, Wada, Samuel & Mohammed;2024;Security compliance and its implication for cybersecurity;Open Access Res. J. Sci. Technol.;Unknown;Security Compliance, Cybersecurity;Pending;No;"Fails: cybersecurity focus; no decentralization (DLT/blockchain) or sustainability-as-stable-development";N/A
52;Round 1;Backward;Garba, Umar, Umana, Olu & Ologun;2024;Energy efficiency in public buildings: Evaluating strategies for tropical and temperate climates;World Journal of Advanced Research and Reviews;Unknown;Energy Efficiency, Public Buildings, Tropical, Temperate;Pending;No;"Fails: energy efficiency/green building; sustainability is ecological";10.30574/wjarr.2024.23.3.2702
53;Round 1;Backward;Iwuanyanwu, Gil-Ozoudeh, Okwandu & Ike;2024;The role of green building materials in sustainable architecture: Innovations challenges and future trends;International Journal of Applied Research in Social Sciences;Unknown;Green Building, Sustainable Architecture, Innovations;Pending;No;"Fails: energy efficiency/green building; sustainability is ecological";N/A
54;Round 1;Backward;Manuel, Kehinde, Agupugo & Manuel;2024;The impact of AI on boosting renewable energy utilization and visual power plant efficiency in contemporary construction;World Journal of Advanced Research and Reviews;Unknown;AI, Renewable Energy, Power Plant, Construction;Pending;No;"Fails: AI for renewable energy; sustainability is ecological/technical";N/A
55;Round 1;Backward;Ojukwu, Cadet, Osundare, Fakeyede, Ige & Uzoka;2024;The crucial role of education in fostering sustainability awareness and promoting cybersecurity measures;International Journal of Frontline Research in Science and Technology;Unknown;Education, Sustainability, Cybersecurity;Pending;No;"Fails: education and cybersecurity awareness; no clear C1 or C2/C3 combination relevant to RQ";10.56355/ijfrst.2024.4.1.0050
56;Round 1;Backward;Ojukwu, Cadet, Osundare, Fakeyede, Ige & Uzoka;2024;Exploring theoretical constructs of blockchain technology in banking: Applications in African and U.S. financial institutions;International Journal of Frontline Research in Science and Technology;Unknown;Blockchain, Banking, Financial Institutions, Africa;Medium;Yes;"Passes: blockchain (C1) + banking digital transformation in Africa (C2); institutional stability of financial systems implied (C3)";10.56355/ijfrst.2024.4.1.005
57;Round 1;Backward;Oyindamola & Esan;2023;Systematic review of human resource management demand in the fourth industrial revolution era: implication of upskilling reskilling and deskilling;Lead City Journal of the Social Sciences;Unknown;HRM, Fourth Industrial Revolution, Upskilling, Reskilling;Pending;No;"Fails: human resource management in Industry 4.0; no decentralization or sustainability-as-stability";N/A
58;Round 1;Backward;Umana, Garba & Audu;2024;Innovations in process optimization for environmental sustainability in emerging markets;International Journal of Multidisciplinary Research Updates;Unknown;Process Optimization, Environmental Sustainability, Emerging Markets;Pending;No;Fails: sustainability framed as environmental compliance/ecological, not stable development;10.53430/ijmru.2024.8.2.0053
59;Round 1;Backward;Umana, Garba & Audu;2024;Sustainable business development in resource-intensive industries: Balancing profitability and environmental compliance;International Journal of Multidisciplinary Research Updates;Unknown;Sustainable Business, Resource-Intensive, Environmental Compliance;Pending;No;Fails: sustainability framed as environmental compliance/ecological, not stable development;10.53430/ijmru.2024.8.2.0054
60;Round 1;Backward;Umana, Garba, Ologun, Olu & Umar;2024;The impact of indigenous architectural practices on modern urban housing in Sub-Saharan Africa;World Journal of Advanced Research and Reviews;Unknown;Indigenous Architecture, Urban Housing, Sub-Saharan Africa;Pending;No;"Fails: urban architecture/housing; no digital transformation, decentralization, or sustainability-as-stability";10.30574/wjarr.2024.23.3.2703
61;Round 1;Backward;Umana, Garba, Ologun, Olu & Umar;2024;Architectural design for climate resilience: Adapting buildings to Nigeria's diverse climatic zones;World Journal of Advanced Research and Reviews;Unknown;Climate Resilience, Architecture, Nigeria;Pending;No;"Fails: urban architecture/housing; no digital transformation, decentralization, or sustainability-as-stability";10.30574/wjarr.2024.23.3.2701
62;Round 1;Backward;Umana, Garba, Ologun, Olu & Umar;2024;Innovative design solutions for social housing: Addressing the needs of youth in Urban Nigeria;World Journal of Advanced Research and Reviews;Unknown;Social Housing, Youth, Urban Nigeria, Design;Pending;No;"Fails: urban architecture/housing; no digital transformation, decentralization, or sustainability-as-stability";10.30574/wjarr.2024.23.3.2700
63;Round 1;Backward;Umana, Garba, Ologun, Olu & Umar;2024;The role of government policies in promoting social housing: A comparative study between Nigeria and other developing nations;World Journal of Advanced Research and Reviews;Unknown;Government Policy, Social Housing, Nigeria, Developing Nations;Pending;No;"Fails: urban architecture/housing; no digital transformation, decentralization, or sustainability-as-stability";10.30574/wjarr.2024.23.3.2699
64;Round 1;Backward;Uzoka, Cadet & Ojukwu;2024;Applying artificial intelligence in Cybersecurity to enhance threat detection response and risk management;Computer Science & IT Research Journal;Unknown;AI, Cybersecurity, Threat Detection, Risk Management;Pending;No;"Fails: AI/IoT applications; no decentralization (DLT) or sustainability-as-stable-development";10.51594/csitrj.v5i10.1677
65;Round 1;Backward;Uzoka, Cadet & Ojukwu;2024;Leveraging AI-Powered chatbots to enhance customer service efficiency and future opportunities in automated support;Computer Science & IT Research Journal;Unknown;AI, Chatbots, Customer Service, Automation;Pending;No;"Fails: AI/IoT applications; no decentralization (DLT) or sustainability-as-stable-development";10.51594/csitrj.v5i10.1676
66;Round 1;Backward;Uzoka, Cadet & Ojukwu;2024;The role of telecommunications in enabling Internet of Things (IoT) connectivity and applications;Comprehensive Research and Reviews in Science and Technology;Unknown;Telecommunications, IoT, Connectivity;Pending;No;"Fails: AI/IoT applications; no decentralization (DLT) or sustainability-as-stable-development";10.57219/crrst.2024.2.2.0037
68;Round 1;Backward;Dobie, Hubmann et al.;2020;Allianz Risk Barometer - Results Appendix 2020;Allianz Global Corporate & Specialty;Not indexed;Supply Chain Risk, Business Risk, Risk Barometer;Pending;No;Fails: industry risk report (grey literature), not peer-reviewed journal;N/A
69;Round 1;Backward;Dobie, Milla et al.;2019;Allianz Risk Barometer;Allianz Global Corporate & Specialty;Not indexed;Supply Chain Risk, Business Risk, Risk Barometer;Pending;No;Fails: industry risk report (grey literature), not peer-reviewed journal;N/A
70;Round 1;Backward;Palm & Kales;2016;Efficiency-oriented risk prioritisation method for supply chains in series production;International Conference on Competitive Manufacturing;Not indexed;Supply Chain Risk, Risk Prioritisation, Series Production;Pending;No;"Fails: operations management / supply chain risk; no decentralization or sustainability-as-stability";N/A
71;Round 1;Backward;Kersten, Schröder & Indorf;2017;Potenziale der Digitalisierung für das Supply Chain Risikomanagement: Eine empirische Analyse;Betriebswirtschaftliche Aspekte von Industrie 4.0 (Springer);Not indexed;Digitalization, Supply Chain Risk Management, Industry 4.0;Pending;No;"Fails: digitalization of supply chain risk; no decentralization/DLT and sustainability-as-stability absent";N/A
72;Round 1;Backward;Ivanov et al.;2018;The impact of digital technology and Industry 4.0 on the ripple effect and supply chain risk analytics;International Journal of Production Research;SSCI/SCI;Digital Technology, Industry 4.0, Supply Chain Risk, Ripple Effect;Pending;No;"Fails: supply chain risk + Industry 4.0; no decentralization/DLT and no sustainability-as-stability";N/A
73;Round 1;Backward;Bosch & Penthin;2018;Blockchain als Treiber im modernen Supply Chain Management 4.0;BearingPoint;Not indexed;Blockchain, Supply Chain Management, Industry 4.0;Medium;Yes;"Passes: blockchain (C1) + supply chain digital transformation (C2); operational stability implies C3 dimension";N/A
74;Round 1;Backward;Iansiti & Lakhani;2017;The Truth About Blockchain;Harvard Business Review;Unknown;Blockchain, Business Strategy, Decentralization;Medium;Yes;"Passes: blockchain/decentralization (C1) + business strategy digital transformation (C2); addresses institutional governance stability";N/A
75;Round 1;Backward;Buterin;2013;Ethereum White Paper: A Next Generation Smart Contract & Decentralized Application Platform;GitHub / Ethereum Foundation;Not indexed;Ethereum, Smart Contracts, Blockchain, Decentralized Applications;Pending;No;"Fails: technical white paper (grey literature); not a peer-reviewed journal article";N/A
76;Round 1;Backward;Christopher & Peck;2004;Building the Resilient Supply Chain;The International Journal of Logistics Management;Unknown;Supply Chain Resilience, Risk Management, Logistics;Pending;No;Fails: supply chain resilience without digital transformation or decentralization focus;N/A
77;Round 1;Backward;Kales;2015;Development of an efficiency-oriented risk prioritisation method for supply chains in series production;Reutlingen University;Not indexed;Supply Chain Risk, Risk Prioritisation, Series Production;Pending;No;Fails: supply chain risk prioritisation without digital transformation or decentralization;N/A
78;Round 1;Backward;Wasim Layaq et al.;2019;Blockchain Technology as a Risk Mitigation Tool in Supply Chain;International Journal of Transportation Engineering and Technology;Unknown;Blockchain, Supply Chain Risk, Risk Mitigation, Smart Contracts;Medium;Yes;"Passes: blockchain/smart contracts (C1) + supply chain digital transformation (C2); risk mitigation supports C3 stability";N/A
79;Round 1;Backward;Barratt & Oke;2007;Antecedents of supply chain visibility in retail supply chains;Journal of Operations Management;SSCI/SCI;Supply Chain Visibility, Retail, Information Sharing;Pending;No;"Fails: supply chain transparency; no blockchain/decentralization and sustainability is ethical/ecological not stability-as-development";N/A
80;Round 1;Backward;Doorey;2011;The Transparent Supply Chain: from Resistance to Implementation at Nike and Levi-Strauss;Journal of Business Ethics;SSCI/SCI;Supply Chain Transparency, Sustainability, Corporate Ethics;Pending;No;"Fails: supply chain transparency; no blockchain/decentralization and sustainability is ethical/ecological not stability-as-development";N/A
81;Round 1;Backward;Min;2019;Blockchain technology for enhancing supply chain resilience;Business Horizons;SSCI/SCI;Blockchain, Supply Chain Resilience, Risk Management;High;Yes;"Passes: blockchain (C1) + supply chain resilience (C3 stability); digital transformation of supply systems (C2) also present";N/A
82;Round 1;Backward;New;2010;The Transparent Supply Chain;Harvard Business Review (online);Unknown;Supply Chain Transparency, Sustainability;Pending;No;Fails: supply chain transparency with ecological/CSR sustainability framing;N/A
83;Round 1;Backward;Chen et al.;2018;Impact of Supply Chain Transparency on Sustainability under NGO Scrutiny;Production and Operations Management;SSCI/SCI;Supply Chain Transparency, Sustainability, NGO, Governance;Pending;No;Fails: supply chain transparency with ecological/CSR sustainability framing;N/A
84;Round 1;Backward;Lemke & Petersen;2018;Managing Reputational Risks in Supply Chains;Supply Chain Risk Management (Springer);Not indexed;Reputational Risk, Supply Chain Risk, Risk Management;Pending;No;"Fails: reputational risk management; no decentralization or digital transformation or sustainability-as-stability";N/A
85;Round 1;Backward;Collier et al.;2019;Supply Chains;Cyber Resilience of Systems and Networks (Springer);Not indexed;Supply Chain, Cyber Resilience, Counterfeit Electronics;Pending;No;"Fails: counterfeit electronics/traceability; no digital transformation governance or sustainability-as-stability framing";N/A
86;Round 1;Backward;Pecht;2013;The Counterfeit Electronics Problem;JSS;Unknown;Counterfeit Electronics, Supply Chain Risk, Quality;Pending;No;"Fails: counterfeit electronics/traceability; no digital transformation governance or sustainability-as-stability framing";N/A
87;Round 1;Backward;DiMase, Collier et al.;2016;Traceability and Risk Analysis Strategies for Addressing Counterfeit Electronics in Supply Chains for Complex Systems;Society for Risk Analysis;Unknown;Counterfeit Electronics, Traceability, Supply Chain Risk;Pending;No;"Fails: counterfeit electronics/traceability; no digital transformation governance or sustainability-as-stability framing";N/A
88;Round 1;Backward;Linich;2014;The path to supply chain transparency;Deloitte University Press;Not indexed;Supply Chain Transparency, Sustainability;Pending;No;"Fails: supply chain transparency without decentralization; sustainability ecological";N/A
89;Round 1;Backward;Brandon-Jones, Squire et al.;2014;A contingent resource-based perspective of supply chain resilience and robustness;Journal of Supply Chain Management;SSCI/SCI;Supply Chain Resilience, Robustness, Resource-Based View;Pending;No;"Fails: supply chain resilience theory; no digital transformation or decentralization";N/A
90;Round 1;Backward;Hackius & Petersen;2017;Blockchain in logistics and supply chain: trick or treat?;Hamburg International Conference of Logistics (HICL);Not indexed;Blockchain, Logistics, Supply Chain, Decentralization;High;Yes;"Passes: blockchain/decentralization (C1) + logistics digital transformation (C2); operational stability (C3) addressed";N/A
91;Round 1;Backward;Abeyratne & Monfared;2016;Blockchain ready manufacturing supply chain using distributed ledger;International Journal of Research in Engineering and Technology;Unknown;Blockchain, Manufacturing, Supply Chain, Distributed Ledger;Medium;Yes;Passes: blockchain/distributed ledger (C1) + manufacturing digital transformation (C2);N/A
92;Round 1;Backward;Westerkamp et al.;2019;Tracing manufacturing processes using blockchain-based token compositions;Digital Communications and Networks;Unknown;Blockchain, Tokens, Manufacturing, Traceability, Supply Chain;Medium;Yes;Passes: blockchain tokens (C1) + manufacturing process digital transformation (C2);N/A
93;Round 1;Backward;Entriken, Shirley et al.;2018;EIP 721: ERC-721 Non-Fungible Token Standard;Ethereum Improvement Proposals (EIP);Not indexed;ERC-721, NFT, Non-Fungible Token, Blockchain, Ethereum;Pending;No;"Fails: technical standard/whitepaper (grey literature); not peer-reviewed journal";N/A
94;Round 1;Backward;Bechini et al.;2008;Patterns and technologies for enabling supply chain traceability through collaborative e-business;Information and Software Technology;SSCI/SCI;Supply Chain Traceability, E-Business, Collaboration, Patterns;Pending;No;"Fails: e-business supply chain traceability; no blockchain/DLT or sustainability-as-stability";N/A
95;Round 1;Backward;Grossman;2015;The Blockchain as verified public timestamps;Bitcoin Forum / Haber & Stornetta;Not indexed;Blockchain, Timestamps, Immutability;Pending;No;"Fails: narrow technical paper on blockchain timestamps; insufficient coverage of digital transformation or sustainability-as-stability";N/A
96;Round 1;Backward;Frantz & Nowostawski;2016;From Institutions to Code: Towards Automated Generation of Smart Contracts;International Workshops on Foundations and Applications of Self-Systems;Not indexed;Smart Contracts, Automated Generation, Institutions, Blockchain;Medium;Yes;"Passes: smart contracts (C1) + institutional digital transformation (C2); governance stability dimension (C3) implied";N/A
97;Round 1;Backward;Yuan, Xia et al.;2018;ShadowEth: Private Smart Contract on Public Blockchain;Journal of Computer Science and Technology;SSCI/SCI;Smart Contracts, Privacy, Blockchain, Encryption;Pending;No;"Fails: smart contract privacy mechanism; no digital transformation or sustainability-as-stability focus";N/A
98;Round 1;Backward;Lee;2002;Aligning Supply Chain Strategies with Product Uncertainties;California Management Review;SSCI/SCI;Supply Chain Strategy, Product Uncertainty, Agile, Responsive;Pending;No;"Fails: supply chain strategy under uncertainty; no decentralization or sustainability-as-stability";N/A
99;Round 1;Backward;Johnston & Sidaway;2015;Geography and Geographers: Anglo-American Human Geography since 1945;Routledge;Not indexed;Geography, Human Geography, Academic Discipline;Pending;No;"Fails: human geography textbook; no core concepts addressed";N/A
100;Round 1;Backward;Adams & Harte;2000;Making discrimination visible: The potential for social accounting;Accounting Forum;Unknown;Social Accounting, Discrimination, Sustainability Reporting;Pending;No;"Fails: sustainability reporting/accounting in ecological or CSR framing; no decentralization or digital transformation";N/A
101;Round 1;Backward;Azzone, Brophy, Noci, Welford & Young;1997;A stakeholders' view of environmental reporting;Long Range Planning;SSCI/SCI;Environmental Reporting, Stakeholders, Sustainability;Pending;No;"Fails: sustainability reporting/accounting in ecological or CSR framing; no decentralization or digital transformation";N/A
102;Round 1;Backward;Mitchell, Agle & Wood;1997;Toward a theory of stakeholder identification and salience: Defining the principle of who and what really counts;Academy of Management Review;SSCI/SCI;Stakeholder Theory, Salience, Corporate Governance;Pending;No;"Fails: sustainability reporting/accounting in ecological or CSR framing; no decentralization or digital transformation";N/A
103;Round 1;Backward;Gray, Owen & Adams;1996;Accounting & Accountability: Changes and Challenges in Corporate Social and Environmental Reporting;Prentice Hall;Not indexed;Social Reporting, Environmental Reporting, Accountability;Pending;No;"Fails: sustainability reporting/accounting in ecological or CSR framing; no decentralization or digital transformation";N/A
104;Round 1;Backward;Gray;2010;Is accounting for sustainability actually accounting for sustainability... and how would we know? An exploration of narratives of organisations and the planet;Accounting Organizations and Society;SSCI/SCI;Sustainability Accounting, Narratives, Organisations;Pending;No;"Fails: sustainability reporting/accounting in ecological or CSR framing; no decentralization or digital transformation";N/A
105;Round 1;Backward;Gray;1992;Accounting and environmentalism: An exploration of the challenge of gently accounting for accountability transparency and sustainability;Accounting Organizations and Society;SSCI/SCI;Environmental Accounting, Sustainability, Accountability;Pending;No;"Fails: sustainability reporting/accounting in ecological or CSR framing; no decentralization or digital transformation";N/A
106;Round 1;Backward;Lehman;1995;A legitimate concern for environmental accounting;Critical Perspectives on Accounting;SSCI/SCI;Environmental Accounting, Legitimacy, Sustainability;Pending;No;"Fails: sustainability reporting/accounting in ecological or CSR framing; no decentralization or digital transformation";N/A
107;Round 1;Backward;Margolis & Elfenbein;2008;Do Well by Doing Good? Don't Count on It;Harvard Business School Publishing Corporation;Unknown;Corporate Social Responsibility, Business Performance, ESG;Pending;No;"Fails: sustainability reporting/accounting in ecological or CSR framing; no decentralization or digital transformation";N/A
108;Round 1;Backward;Blacconiere & Patten;1994;Environmental disclosures, regulatory costs, and changes in firm value;Journal of Accounting and Economics;SSCI/SCI;Environmental Disclosure, Firm Value, Regulatory Costs;Pending;No;"Fails: sustainability reporting/accounting in ecological or CSR framing; no decentralization or digital transformation";N/A
109;Round 1;Backward;Patten;1992;Intra-industry environmental disclosures in response to the Alaskan oil spill: A note on legitimacy theory;Accounting Organizations and Society;SSCI/SCI;Environmental Disclosure, Legitimacy Theory, Oil Spill;Pending;No;"Fails: sustainability reporting/accounting in ecological or CSR framing; no decentralization or digital transformation";N/A
110;Round 1;Backward;Neu, Warsame & Pedwell;1998;Managing public impressions: Environmental disclosures in annual reports;Accounting Organizations and Society;SSCI/SCI;Environmental Disclosure, Impression Management, Annual Reports;Pending;No;"Fails: sustainability reporting/accounting in ecological or CSR framing; no decentralization or digital transformation";N/A
111;Round 1;Backward;Yermack;2017;Corporate governance and blockchains;Review of Finance;SSCI/SCI;Blockchain, Corporate Governance, Decentralization;High;Yes;Passes: blockchain/decentralization (C1) + corporate governance stability (C3) + digital transformation of governance (C2);N/A
112;Round 1;Backward;Broccardo, Truant & Dana;2023;The interlink between digitalization, sustainability, and performance: An Italian context;Journal of Business Research;SSCI/SCI;Digitalization, Sustainability, Business Performance, SMEs;Medium;Yes;"Passes: digitalization (C2) + sustainability as business performance/stability (C3); verify non-ecological framing in full text";N/A
113;Round 1;Backward;Lu & Williams;2021;Modeling analytics in COVID-19: Prediction, prevention, control, and evaluation;Journal of Management Analytics;Unknown;Analytics, COVID-19, Prediction, Management;Pending;No;"Fails: COVID-19 analytics/prediction; no decentralization or digital transformation for stable development";N/A
114;Round 1;Backward;Lu & Ning;2020;A vision of 6G–5G's successor;Journal of Management Analytics;Unknown;6G, 5G, Technology, Digital Transformation;Pending;No;"Fails: telecom technology review; no decentralization and sustainability-as-stability absent";N/A
115;Round 1;Backward;Reber, Gold & Gold;2021;ESG Disclosure and Idiosyncratic Risk in Initial Public Offerings;Journal of Business Ethics;SSCI/SCI;ESG Disclosure, IPO, Idiosyncratic Risk;Pending;No;"Fails: ESG/IPO financial risk; no digital transformation or decentralization; sustainability is reporting-focused";N/A
116;Round 1;Backward;Alsayegh, Abdul Rahman & Homayoun;2020;Corporate economic, environmental, and social sustainability performance transformation through ESG disclosure;Sustainability;SSCI/SCI;ESG Disclosure, Corporate Sustainability, Performance;Pending;No;"Fails: ESG disclosure and performance; sustainability framed as reporting/CSR not stable long-term development governance";10.3390/su12093910
117;Round 1;Backward;Grybauskas, Stefanini & Ghobakhloo;2022;Social sustainability in the age of digitalization: A systematic literature review on the social implications of industry 4.0;Technology in Society;SSCI/SCI;Social Sustainability, Digitalization, Industry 4.0, Systematic Review;High;Yes;"Passes: digitalization/Industry 4.0 (C2) + social sustainability as long-term stable development (C3); systematic review";N/A
118;Round 1;Backward;Brenner & Hartl;2021;The perceived relationship between digitalization and ecological, economic, and social sustainability;Journal of Cleaner Production;SSCI/SCI;Digitalization, Sustainability, Ecological, Economic, Social;Medium;Yes;"Passes: digitalization (C2) + multi-dimensional sustainability including economic/social stability (C3); verify non-ecological framing in full text";N/A
119;Round 1;Backward;Seele & Lock;2017;The game-changing potential of digitalization for sustainability: Possibilities, perils, and pathways;Sustainability Science;SSCI/SCI;Digitalization, Sustainability, Digital Transformation;High;Yes;"Passes: digital transformation (C2) + sustainability as stable development (C3); addresses potentials and risks";N/A
120;Round 1;Backward;Isensee, Teuteberg, Griese & Topi;2020;The relationship between organizational culture, sustainability, and digitalization in SMEs: A systematic review;Journal of Cleaner Production;SSCI/SCI;Organizational Culture, Sustainability, Digitalization, SMEs;Medium;Yes;"Passes: digitalization (C2) + organizational sustainability stability (C3); SME context";N/A
121;Round 1;Backward;World Commission on Environment and Development;1987;Our Common Future;Oxford University Press;Not indexed;Sustainable Development, Brundtland Report, Environment;Pending;No;"Fails: UN Brundtland Report (grey literature); not a peer-reviewed journal article";N/A
122;Round 1;Backward;Thomson;2010;Mapping the terrain of sustainability accounting;Sustainability Accounting and Accountability (Routledge);Not indexed;Sustainability Accounting, Framework;Pending;No;"Fails: sustainability accounting/GRI reporting; sustainability framed in ecological/CSR not stable development terms";N/A
123;Round 1;Backward;Laine, Tregidga & Unerman;2021;Sustainability Accounting and Accountability;Routledge;Not indexed;Sustainability Accounting, Accountability, Reporting;Pending;No;"Fails: sustainability accounting/GRI reporting; sustainability framed in ecological/CSR not stable development terms";N/A
124;Round 1;Backward;Isaksson & Steimle;2009;What does GRI-reporting tell us about corporate sustainability?;TQM Journal;Unknown;GRI, Corporate Sustainability, Reporting, TQM;Pending;No;"Fails: sustainability accounting/GRI reporting; sustainability framed in ecological/CSR not stable development terms";N/A
125;Round 1;Backward;Meier & Rauch;1995;Leading Issues in Economic Development;Oxford University Press;Not indexed;Economic Development, Development Economics;Pending;No;"Fails: economic development textbooks; no digital transformation or decentralization";N/A
126;Round 1;Backward;Barbier;2005;Natural Resources and Economic Development;Cambridge University Press;Not indexed;Natural Resources, Economic Development, Sustainability;Pending;No;"Fails: economic development textbooks; no digital transformation or decentralization";N/A
127;Round 1;Backward;Barbier;1987;The Concept of Sustainable Economic Development;Environmental Conservation;Unknown;Sustainable Development, Economic Development, Environment;Pending;No;"Fails: conceptual paper on sustainable economic development; no digital transformation or decentralization";N/A
128;Round 1;Backward;Dempsey, Bramley, Power & Brown;2011;The social dimension of sustainable development: Defining urban social sustainability;Sustainable Development;SSCI/SCI;Social Sustainability, Urban, Sustainable Development;Pending;No;"Fails: social sustainability theory; no digital transformation or decentralization";N/A
129;Round 1;Backward;Murphy;2012;The social pillar of sustainable development: A literature review and framework for policy analysis;Sustainability Science Practice and Policy;Unknown;Social Sustainability, Policy, Literature Review;Pending;No;"Fails: social sustainability theory; no digital transformation or decentralization";N/A
130;Round 1;Backward;Vezzoli & Manzini;2008;Design for Environmental Sustainability;Springer;Not indexed;Environmental Sustainability, Design, Sustainability;Pending;No;"Fails: design for environmental sustainability; ecological framing";N/A
131;Round 1;Backward;Freeman;2010;Strategic Management: A Stakeholder Approach;Cambridge University Press;Not indexed;Stakeholder Theory, Strategic Management, Corporate Governance;Pending;No;"Fails: stakeholder theory/CSR; no decentralization or digital transformation; sustainability is CSR framing";N/A
132;Round 1;Backward;Friedman;2007;The social responsibility of business is to increase its profits;Corporate Ethics and Corporate Governance (Springer);Not indexed;Corporate Social Responsibility, Business Ethics, Shareholder Primacy;Pending;No;"Fails: stakeholder theory/CSR; no decentralization or digital transformation; sustainability is CSR framing";N/A
133;Round 1;Backward;Clarkson;1994;A risk based model of stakeholder theory;Second Toronto Conference on Stakeholder Theory;Not indexed;Stakeholder Theory, Risk, Corporate Governance;Pending;No;"Fails: stakeholder theory/CSR; no decentralization or digital transformation; sustainability is CSR framing";N/A
134;Round 1;Backward;Suchman;1995;Managing legitimacy: Strategic and institutional approaches;Academy of Management Review;SSCI/SCI;Legitimacy Theory, Institutional Theory, Strategic Management;Pending;No;"Fails: stakeholder theory/CSR; no decentralization or digital transformation; sustainability is CSR framing";N/A
135;Round 1;Backward;Freeman & McVea;2005;A stakeholder approach to strategic management;The Blackwell Handbook of Strategic Management;Not indexed;Stakeholder Theory, Strategic Management;Pending;No;"Fails: stakeholder theory/CSR; no decentralization or digital transformation; sustainability is CSR framing";N/A
136;Round 1;Backward;Freeman, Harrison & Wicks;2007;Managing for Stakeholders: Survival, Reputation, and Success;Yale University Press;Not indexed;Stakeholder Management, Corporate Governance, Reputation;Pending;No;"Fails: stakeholder theory/CSR; no decentralization or digital transformation; sustainability is CSR framing";N/A
137;Round 1;Backward;Argandoña;1998;The stakeholder theory and the common good;Journal of Business Ethics;SSCI/SCI;Stakeholder Theory, Common Good, Business Ethics;Pending;No;"Fails: stakeholder theory/CSR; no decentralization or digital transformation; sustainability is CSR framing";N/A
138;Round 1;Backward;Freeman;2010;Managing for stakeholders: Trade-offs or value creation;Journal of Business Ethics;SSCI/SCI;Stakeholder Management, Value Creation, Business Ethics;Pending;No;"Fails: stakeholder theory/CSR; no decentralization or digital transformation; sustainability is CSR framing";N/A
139;Round 1;Backward;Steurer, Langer, Konrad & Martinuzzi;2005;Corporations, stakeholders and sustainable development: A theoretical exploration of business–society relations;Journal of Business Ethics;SSCI/SCI;Stakeholder Theory, Sustainable Development, CSR;Pending;No;"Fails: stakeholder theory/CSR; no decentralization or digital transformation; sustainability is CSR framing";N/A
140;Round 1;Backward;Penrose;1995;The Theory of the Growth of the Firm;Long Range Planning;Unknown;Resource-Based View, Firm Growth, Strategy;Pending;No;"Fails: strategic management theory; no core RQ concepts addressed";N/A
141;Round 1;Backward;Priem & Butler;2001;Is The Resource-Based View a Useful Perspective for Strategic Management Research?;Academy of Management Review;SSCI/SCI;Resource-Based View, Strategic Management, Theory;Pending;No;"Fails: strategic management theory; no core RQ concepts addressed";N/A
142;Round 1;Backward;Demsetz;1973;Industry structure, market rivalry, and public policy;Journal of Law and Economics;SSCI/SCI;Industrial Organization, Market Structure, Public Policy;Pending;No;"Fails: strategic management theory; no core RQ concepts addressed";N/A
143;Round 1;Backward;Schaltegger & Burritt;2018;Business cases and corporate engagement with sustainability: Differentiating ethical motivations;Journal of Business Ethics;SSCI/SCI;Corporate Sustainability, Business Case, Ethics;Pending;No;"Fails: corporate sustainability/stakeholder theory; sustainability in CSR/ecological framing";N/A
144;Round 1;Backward;Gray;2006;Social, environmental and sustainability reporting and organisational value creation? Whose value? Whose creation?;Accounting Auditing and Accountability Journal;SSCI/SCI;Sustainability Reporting, Value Creation, Accounting;Pending;No;"Fails: corporate sustainability/stakeholder theory; sustainability in CSR/ecological framing";N/A
145;Round 1;Backward;Adams;2017;Conceptualising the contemporary corporate value creation process;Accounting Auditing and Accountability Journal;SSCI/SCI;Corporate Value Creation, Integrated Reporting, Sustainability;Pending;No;"Fails: corporate sustainability/stakeholder theory; sustainability in CSR/ecological framing";N/A
146;Round 1;Backward;Donaldson & Preston;1995;The stakeholder theory of the corporation: Concepts, evidence, and implications;Academy of Management Review;SSCI/SCI;Stakeholder Theory, Corporate Governance, Evidence;Pending;No;"Fails: corporate sustainability/stakeholder theory; sustainability in CSR/ecological framing";N/A
147;Round 1;Backward;Di Vaio, Palladino, Hassan & Escobar;2020;Artificial intelligence and business models in the sustainable development goals perspective: A systematic literature review;Journal of Business Research;SSCI/SCI;AI, Business Models, SDGs, Sustainable Development;Pending;No;"Fails: AI + SDGs business models; sustainability is SDG/ecological framing not stable governance development";N/A
148;Round 1;Backward;Barbeito-Caamaño & Chalmeta;2020;Using big data to evaluate corporate social responsibility and sustainable development practices;Corporate Social Responsibility and Environmental Management;SSCI/SCI;Big Data, CSR, Sustainable Development, ESG;Pending;No;"Fails: big data + CSR/ESG; sustainability is CSR reporting not stable development governance";N/A
149;Round 1;Backward;Driscoll & Starik;2004;The primordial stakeholder: Advancing the conceptual consideration of stakeholder status for the natural environment;Journal of Business Ethics;SSCI/SCI;Stakeholder Theory, Natural Environment, Ethics;Pending;No;"Fails: corporate sustainability/stakeholder theory; sustainability in CSR/ecological framing";N/A
150;Round 1;Backward;Dechow;1994;Accounting earnings and cash flows as measures of firm performance;Journal of Accounting and Economics;SSCI/SCI;Accounting, Earnings, Cash Flows, Firm Performance;Pending;No;"Fails: financial accounting metrics; no core RQ concepts";N/A
151;Round 1;Backward;Peng & Jia;2023;Influence of top management team faultlines on corporate digitalization;Journal of Enterprise Information Management;SSCI/SCI;Top Management Team, Digitalization, Corporate Strategy;Pending;No;"Fails: corporate digitalization strategy; no decentralization or sustainability-as-stability";N/A
152;Round 1;Backward;Lu;2021;The current status and developing trends of Industry 4.0: A Review;Information Systems Frontiers;SSCI/SCI;Industry 4.0, Digital Transformation, Review;Pending;No;"Fails: Industry 4.0 review; no decentralization/DLT and sustainability-as-stability absent";N/A
153;Round 1;Backward;Lu;2022;Implementing blockchain in information systems: A review;Enterprise Information Systems;SSCI/SCI;Blockchain, Information Systems, Implementation, Review;Medium;Yes;"Passes: blockchain (C1) + information systems digital transformation (C2); addresses organizational implementation and stability implications";N/A
154;Round 1;Backward;Lu, Zheng, Li & Xu;2020;Pricing the cloud: A QoS-based auction approach;Enterprise Information Systems;SSCI/SCI;Cloud Computing, QoS, Pricing, Auction;Pending;No;"Fails: cloud/quantum computing technical review; no decentralization/DLT or sustainability-as-stability";N/A
155;Round 1;Backward;Lu, Sigov, Ratkin, Ivanov & Zuo;2023;Quantum Computing and Industrial Information Integration: A Review;Journal of Industrial Information Integration;SSCI/SCI;Quantum Computing, Industrial Information, Review;Pending;No;"Fails: cloud/quantum computing technical review; no decentralization/DLT or sustainability-as-stability";N/A
156;Round 1;Backward;Ye & Lu;2022;Quantum science: A review and current research trends;Journal of Management Analytics;Unknown;Quantum Science, Research Trends, Review;Pending;No;"Fails: cloud/quantum computing technical review; no decentralization/DLT or sustainability-as-stability";N/A
157;Round 1;Backward;Abbate, Centobelli & Cerchione;2023;The digital and sustainable transition of the agri-food sector;Technological Forecasting and Social Change;SSCI/SCI;Agri-food, Digital Transformation, Sustainability, Industry 4.0;Pending;No;"Fails: agri-food digital transformation; sustainability framed as ecological/environmental SDGs";N/A
158;Round 1;Backward;Akbari & Hopkins;2022;Digital technologies as enablers of supply chain sustainability in an emerging economy;Operations Management Research;SSCI/SCI;Digital Technologies, Supply Chain, Sustainability, Emerging Economy;Pending;No;"Fails: digital supply chain sustainability; sustainability framed ecologically/environmentally";N/A
159;Round 1;Backward;Alam, Tushar, Zaman, Gonzalez, Bari & Karmaker;2023;Analysis of the drivers of Agriculture 4.0 implementation in the emerging economies: Implications towards sustainability and food security;Green Technologies and Sustainability;Unknown;Agriculture 4.0, Emerging Economies, Food Security, Sustainability;Pending;No;"Fails: agriculture/entrepreneurship sustainability; ecological or behavioral framing";N/A
160;Round 1;Backward;Arru;2020;An integrative model for understanding the sustainable entrepreneurs' behavioural intentions: an empirical study of the Italian context;Environment Development and Sustainability;SSCI/SCI;Sustainable Entrepreneurship, Behavioural Intentions, Italy;Pending;No;"Fails: agriculture/entrepreneurship sustainability; ecological or behavioral framing";N/A
161;Round 1;Backward;Bai, Dallasega, Orzes & Sarkis;2020;Industry 4.0 technologies assessment: A sustainability perspective;International Journal of Production Economics;SSCI/SCI;Industry 4.0, Sustainability, Technology Assessment;Pending;No;"Fails: Industry 4.0 sustainability; sustainability in ecological/environmental terms";N/A
162;Round 1;Backward;Bell, Bryman & Harley;2022;Business research methods;Oxford University Press;Not indexed;Business Research, Methodology, Content Analysis;Pending;No;"Fails: research methodology textbook; no core RQ concepts";N/A
163;Round 1;Backward;Borsellino, Schimmenti & El Bilali;2020;Agri-food markets towards sustainable patterns;Sustainability;SSCI/SCI;Agri-food, Sustainable Markets, Food Systems;Pending;No;"Fails: agri-food/circular economy; sustainability is ecological framing";10.3390/su12062193
164;Round 1;Backward;Brogi & Menichini;2024;The pathway towards circular economy: Measuring circular advantage of eco-innovations;Business Strategy and the Environment;SSCI/SCI;Circular Economy, Eco-innovation, Sustainability;Pending;No;"Fails: agri-food/circular economy; sustainability is ecological framing";N/A
165;Round 1;Backward;Calabrese, Costa, Levialdi, Menichini & Villazon Montalvan;2020;Does more mean better? Exploring the relationship between report completeness and environmental sustainability;Sustainability;SSCI/SCI;Sustainability Reporting, Environmental Sustainability, Completeness;Pending;No;"Fails: agri-food/circular economy; sustainability is ecological framing";10.3390/su122410635
166;Round 1;Backward;Chandan, John & Potdar;2023;Achieving UN SDGs in food supply chain using blockchain technology;Sustainability;SSCI/SCI;Blockchain, SDGs, Food Supply Chain, Sustainability;Pending;No;"Fails: blockchain for food supply SDGs; sustainability framed as ecological/UN SDGs not stable governance development";10.3390/su15032109
167;Round 1;Backward;Coluccia, Valente, Fusco, De Leo & Porrini;2020;Assessing agricultural eco-efficiency in Italian Regions;Ecological Indicators;SSCI/SCI;Eco-efficiency, Agriculture, Italy, Sustainability;Pending;No;Fails: ecological/SDG sustainability framing;N/A
168;Round 1;Backward;Cordova & Celone;2019;SDGs and innovation in the business context literature review;Sustainability;SSCI/SCI;SDGs, Innovation, Business, Literature Review;Pending;No;Fails: ecological/SDG sustainability framing;10.3390/su11247043
169;Round 1;Backward;Costa, Menichini & Salierno;2022;Do SDGs really matter for business? Using GRI sustainability reporting to answer the question;European Journal of Sustainable Development;Unknown;SDGs, GRI, Sustainability Reporting, Business;Pending;No;"Fails: GRI sustainability reporting; sustainability is reporting/ecological not stable development governance";N/A
170;Round 1;Backward;Cricelli, Mauriello, Strazzullo & Camilleri;2024;Assessing the impact of Industry 4.0 technologies on the social sustainability of agrifood companies;Business Strategy and the Environment;SSCI/SCI;Industry 4.0, Social Sustainability, Agri-food, Italy;Low;Yes;"Passes marginally: Industry 4.0/digital (C2) + social sustainability in agri-food (C3); sustainability may be ecological-leaning; verify in full text";N/A
171;Round 1;Backward;Curtó-Pagès, Ortega-Rivera, Castellón-Durán & Jané-Llopis;2021;Coming in from the cold: A longitudinal analysis of SDG reporting practices by Spanish listed companies since the approval of the 2030 agenda;Sustainability;SSCI/SCI;SDG Reporting, Spanish Companies, 2030 Agenda, Longitudinal;Pending;No;"Fails: SDG/circular economy reporting; sustainability is ecological/environmental";10.3390/su13031178
172;Round 1;Backward;Da Silveira, Lermen & Amaral;2021;An overview of agriculture 4.0 development: Systematic review of descriptions technologies barriers advantages and disadvantages;Computers and Electronics in Agriculture;SSCI/SCI;Agriculture 4.0, Systematic Review, Digital Technologies, Barriers;Pending;No;"Fails: SDG/circular economy reporting; sustainability is ecological/environmental";N/A
173;Round 1;Backward;Dantas, de-Souza, Destro, Hammes, Rodriguez & Soares;2021;How the combination of Circular Economy and Industry 4.0 can contribute towards achieving the Sustainable Development Goals;Sustainable Production and Consumption;SSCI/SCI;Circular Economy, Industry 4.0, SDGs, Sustainability;Pending;No;"Fails: SDG/circular economy reporting; sustainability is ecological/environmental";N/A
174;Round 1;Backward;Ebinger & Omondi;2020;Leveraging digital approaches for transparency in sustainable supply chains: A conceptual paper;Sustainability;SSCI/SCI;Digital Transparency, Supply Chain, Sustainability;Pending;No;"Fails: digital supply chain transparency; sustainability is CSR/ecological not stable governance";10.3390/su12156129
175;Round 1;Backward;Ejsmont, Gladysz & Kluczek;2020;Impact of industry 4.0 on sustainability—bibliometric literature review;Sustainability;SSCI/SCI;Industry 4.0, Sustainability, Bibliometric, Literature Review;Pending;No;"Fails: Industry 4.0 sustainability bibliometric; sustainability is ecological/environmental";10.3390/su12145650
176;Round 1;Backward;Fiandrino, Scarpa & Torelli;2022;Fostering social impact through corporate implementation of the SDGs: Transformative mechanisms towards interconnectedness and inclusiveness;Journal of Business Ethics;SSCI/SCI;SDGs, Social Impact, Corporate, Sustainability;Pending;No;"Fails: SDGs corporate implementation; sustainability is ecological/social SDG framing";N/A
177;Round 1;Backward;Food and Agriculture Organization of the United Nations;2017;The future of food and agriculture: Trends and challenges;FAO;Not indexed;Food Security, Agriculture, FAO, Sustainability;Pending;No;"Fails: agriculture/food sector; sustainability is ecological/food security framing";N/A
178;Round 1;Backward;Food Drink Europe;2023;Data & trends of the European food and drink industry 2020;Food Drink Europe;Not indexed;Food Industry, European Economy, Agri-food, Data;Pending;No;"Fails: agriculture/food sector; sustainability is ecological/food security framing";N/A
179;Round 1;Backward;Fragomeli, Annunziata & Punzo;2024;Promoting the Transition towards Agriculture 4.0: A Systematic Literature Review on Drivers and Barriers;Sustainability;SSCI/SCI;Agriculture 4.0, Drivers, Barriers, Systematic Review;Pending;No;"Fails: agriculture/food sector; sustainability is ecological/food security framing";10.3390/su16062425
180;Round 1;Backward;Frankelius, Norrman & Johansen;2019;Agricultural innovation and the role of institutions: lessons from the game of drones;Journal of Agricultural and Environmental Ethics;SSCI/SCI;Agricultural Innovation, Drones, Institutions, Agriculture 4.0;Pending;No;"Fails: agriculture/food sector; sustainability is ecological/food security framing";N/A
181;Round 1;Backward;Global Reporting Initiative;2016;GRI 101: Foundation 2016;Global Reporting Initiative;Not indexed;GRI, Sustainability Reporting, Standards, ESG;Pending;No;"Fails: GRI reporting standards; grey literature and ecological/CSR sustainability framing";N/A
182;Round 1;Backward;Halkos & Nomikos;2021;Corporate social responsibility: Trends in global reporting initiative standards;Economic Analysis and Policy;SSCI/SCI;CSR, GRI, Sustainability Reporting, Standards;Pending;No;"Fails: GRI reporting standards; grey literature and ecological/CSR sustainability framing";N/A
183;Round 1;Backward;Hassoun, Prieto, Carpena, Bouzembrak et al.;2022;Exploring the role of green and Industry 4.0 technologies in achieving sustainable development goals in food sectors;Food Research International;SSCI/SCI;Industry 4.0, SDGs, Food Sector, Green Technologies;Pending;No;Fails: agri-food/SDG/ecological sustainability framing;N/A
184;Round 1;Backward;Jindřichovská, Kubíčková & Mocanu;2020;Case study analysis of sustainability reporting of an agri-food giant;Sustainability;SSCI/SCI;Sustainability Reporting, Agri-food, Case Study;Pending;No;Fails: agri-food/SDG/ecological sustainability framing;10.3390/su12114491
185;Round 1;Backward;Kazancoglu, Lafci, Kumar, Luthra, Garza-Reyes & Berberoglu;2024;The role of agri-food 4.0 in climate-smart farming for controlling climate change-related risks: A business perspective analysis;Business Strategy and the Environment;SSCI/SCI;Agri-food 4.0, Climate-Smart Farming, Climate Change Risk;Pending;No;Fails: agri-food/SDG/ecological sustainability framing;N/A
186;Round 1;Backward;Klerkx & Rose;2020;Dealing with the game-changing technologies of Agriculture 4.0: How do we manage diversity and responsibility in food system transition pathways?;Global Food Security;SSCI/SCI;Agriculture 4.0, Food Systems, Transition, Responsibility;Pending;No;Fails: agri-food/SDG/ecological sustainability framing;N/A
187;Round 1;Backward;Klerkx, Jakku & Labarthe;2019;A review of social science on digital agriculture smart farming and agriculture 4.0: New contributions and a future research agenda;NJAS-Wageningen Journal of Life Sciences;SSCI/SCI;Digital Agriculture, Smart Farming, Agriculture 4.0, Social Science;Pending;No;Fails: agri-food/SDG/ecological sustainability framing;N/A
188;Round 1;Backward;Krippendorff;2018;Content analysis: An introduction to its methodology;Sage Publications;Not indexed;Content Analysis, Methodology, Research Methods;Pending;No;"Fails: research methodology textbook; no core RQ concepts";N/A
189;Round 1;Backward;MacPherson, Voglhuber-Slavinsky, Olbrisch, Schöbel, Dönitz, Mouratiadou & Helming;2022;Future agricultural systems and the role of digitalization for achieving sustainability goals: A review;Agronomy for Sustainable Development;SSCI/SCI;Agriculture, Digitalization, SDGs, Sustainability, Review;Pending;No;"Fails: agricultural digitalization for SDGs/circular economy; sustainability is ecological";N/A
190;Round 1;Backward;Masi, Ciccullo & Pero;2021;Digitalizing agri-food supply chains to achieve Sustainable Development Goals: a systematic literature review;IEEE International Conference on Engineering Technology and Innovation (ICE/ITMC);Not indexed;Agri-food, Digital, Supply Chain, SDGs, Systematic Review;Pending;No;"Fails: agricultural digitalization for SDGs/circular economy; sustainability is ecological";N/A
191;Round 1;Backward;Mayring;2004;Qualitative Content Analysis;A Companion to Qualitative Research;Not indexed;Content Analysis, Qualitative Research, Methodology;Pending;No;"Fails: research methodology; no core RQ concepts";N/A
192;Round 1;Backward;Mayring;2015;Qualitative content analysis: Theoretical background and procedures;Approaches to Qualitative Research in Mathematics Education (Springer);Not indexed;Content Analysis, Qualitative, Methodology;Pending;No;"Fails: research methodology; no core RQ concepts";N/A
193;Round 1;Backward;Menichini & Strollo;2023;The combination of circular economy practices and industry 4.0 technologies for achieving Sustainable Development Goals (SDGs): a critical review;Academic Journal;Unknown;Circular Economy, Industry 4.0, SDGs, Critical Review;Pending;No;"Fails: agricultural digitalization for SDGs/circular economy; sustainability is ecological";N/A
194;Round 1;Backward;Mondejar, Avtar, Diaz, Dubey, Esteban et al.;2021;Digitalization to achieve sustainable development goals: Steps towards a Smart Green Planet;Science of the Total Environment;SSCI/SCI;Digitalization, SDGs, Smart City, Sustainability;Low;Yes;"Passes marginally: digitalization (C2) + SDG/smart city sustainable development (C3); sustainability partially framed as stable societal development";N/A
195;Round 1;Backward;Mor, Bhardwaj & Singh;2018;Benchmarking the interactions among performance indicators in dairy supply chain: an ISM approach;Benchmarking: An International Journal;SSCI/SCI;Supply Chain, Dairy, Performance Indicators, ISM;Pending;No;"Fails: agri-food supply chain/financing; no core RQ concepts";N/A
196;Round 1;Backward;Paoloni, Tutino, Paoloni & Santolamazza;2023;Financing innovation in agri-food industries: an analysis of the Italian micro small and medium enterprises;British Food Journal;SSCI/SCI;Agri-food, Innovation, SMEs, Italy, Financing;Pending;No;"Fails: agri-food supply chain/financing; no core RQ concepts";N/A
197;Round 1;Backward;Rosamartina, Giustina & Angeloantonio;2022;Digital reputation and firm performance: The moderating role of firm orientation towards sustainable development goals (SDGs);Journal of Business Research;SSCI/SCI;Digital Reputation, Firm Performance, SDGs, Sustainability;Pending;No;"Fails: digital reputation and SDGs; sustainability is reporting/ecological SDG framing";N/A
198;Round 1;Backward;Rose & Chilvers;2018;Agriculture 4.0: Broadening responsible innovation in an era of smart farming;Frontiers in Sustainable Food Systems;Unknown;Agriculture 4.0, Responsible Innovation, Smart Farming;Pending;No;"Fails: smart farming/SDG sustainability; ecological/food security framing";N/A
199;Round 1;Backward;Secundo, Schena, Russo, Schiavone & Shams;2022;The impact of digital technologies on the achievement of the Sustainable Development Goals: evidence from the agri-food sector;Total Quality Management & Business Excellence;SSCI/SCI;Digital Technologies, SDGs, Agri-food, Industry 4.0;Pending;No;"Fails: smart farming/SDG sustainability; ecological/food security framing";N/A
200;Round 1;Backward;Siew;2015;A review of corporate sustainability reporting tools (SRTs);Journal of Environmental Management;SSCI/SCI;Sustainability Reporting, Tools, Corporate, ESG;Pending;No;"Fails: sustainability reporting tools; sustainability is reporting/ecological";N/A
201;Round 1;Backward;Stefanini & Vignali;2024;The influence of Industry 4.0 enabling technologies on social economic and environmental sustainability of the food sector;International Journal of Production Research;SSCI/SCI;Industry 4.0, Food Sector, Sustainability, Enabling Technologies;Pending;No;"Fails: Industry 4.0 food sector; sustainability is ecological/environmental";N/A
202;Round 1;Backward;Tanda;2018;The food and beverages stock performance during and after the 2007-2011 crisis;International Journal of Business Performance Management;Unknown;Food Industry, Stock Performance, Financial Crisis;Pending;No;"Fails: food industry finance/sustainability reporting; no decentralization or DT for stable development";N/A
203;Round 1;Backward;Torelli, Balluchi & Furlotti;2020;The materiality assessment and stakeholder engagement: A content analysis of sustainability reports;Corporate Social Responsibility and Environmental Management;SSCI/SCI;Materiality, Stakeholder Engagement, Sustainability Reporting, Content Analysis;Pending;No;"Fails: food industry finance/sustainability reporting; no decentralization or DT for stable development";N/A
204;Round 1;Backward;United Nations;2015;Transforming our world: the 2030 Agenda for Sustainable Development A/RES/70/1;United Nations General Assembly;Not indexed;SDGs, 2030 Agenda, Sustainable Development, United Nations;Pending;No;"Fails: UN 2030 Agenda (grey literature); not peer-reviewed journal";N/A
205;Round 1;Backward;Varriale, Cammarano, Michelino & Caputo;2024;The role of digital technologies in production systems for achieving sustainable development goals;Sustainable Production and Consumption;SSCI/SCI;Digital Technologies, Production Systems, SDGs, Industry 4.0;Pending;No;"Fails: digital production for SDGs; sustainability is ecological/SDG framing not stable governance";N/A
206;Round 1;Backward;Walter, Finger, Huber & Buchmann;2017;Smart farming is key to developing sustainable agriculture;Proceedings of the National Academy of Sciences;SSCI/SCI;Smart Farming, Sustainable Agriculture, Precision Agriculture;Pending;No;"Fails: smart farming/food system sustainability; ecological framing";N/A
207;Round 1;Backward;Wolfert, Ge, Verdouw & Bogaardt;2017;Big data in smart farming–a review;Agricultural Systems;SSCI/SCI;Big Data, Smart Farming, Agriculture, IoT, Review;Pending;No;"Fails: smart farming/food system sustainability; ecological framing";N/A
208;Round 1;Backward;Yadav, Singh, Raut, Mangla, Luthra & Kumar;2022;Exploring the application of Industry 4.0 technologies in the agricultural food supply chain: A systematic literature review;Computers & Industrial Engineering;SSCI/SCI;Industry 4.0, Agri-food, Supply Chain, Systematic Review;Pending;No;"Fails: smart farming/food system sustainability; ecological framing";N/A
209;Round 1;Backward;Zollet, Colombo, De Meo, Marino, McGreevy, McKeon & Tarra;2021;Towards territorially embedded equitable and resilient food systems? Insights from grassroots responses to COVID-19 in Italy and the city region of Rome;Sustainability;SSCI/SCI;Food Systems, COVID-19, Resilience, Italy, Sustainability;Pending;No;"Fails: smart farming/food system sustainability; ecological framing";10.3390/su13052425
210;Round 1;Backward;Agogué, Berthet, Fredberg, Le Masson, Segrestin, Stoetzel, Wiener & Yström;2017;"Explicating the role of innovation intermediaries in the ""unknown"": a contingency approach";Journal of Strategy and Management;SSCI/SCI;Innovation Intermediaries, Uncertainty, Contingency, Strategy;Pending;No;"Fails: innovation intermediaries/knowledge transfer; no decentralization/DLT or sustainability-as-stable-development";10.1108/JSMA-01-2015-0005
211;Round 1;Backward;Alexandre, Costa, Faria & Portela;2022;Enhancing university-industry collaboration: the role of intermediary organizations;Journal of Technology Transfer;SSCI/SCI;University-Industry, Collaboration, Intermediaries, Knowledge Transfer;Pending;No;"Fails: innovation intermediaries/knowledge transfer; no decentralization/DLT or sustainability-as-stable-development";10.1007/s10961-021-09889-8
212;Round 1;Backward;Antonioli, Marzucchi & Savona;2017;Pain shared, pain halved? Cooperation as a coping strategy for innovation barriers;Journal of Technology Transfer;SSCI/SCI;Innovation Barriers, Cooperation, SMEs, Technology Transfer;Pending;No;"Fails: innovation intermediaries/knowledge transfer; no decentralization/DLT or sustainability-as-stable-development";10.1007/s10961-016-9545-9
213;Round 1;Backward;Aragonés et al.;2020;Digital innovation hubs as a tool for boosting biomass valorisation in regional bioeconomies: Andalusian and South-East Irish case studies;Journal of Open Innovation: Technology Market and Complexity;Unknown;Digital Innovation Hubs, Bioeconomy, Regional Innovation, Biomass;Pending;No;"Fails: innovation intermediaries/knowledge transfer; no decentralization/DLT or sustainability-as-stable-development";10.3390/joitmc6040115
214;Round 1;Backward;Audretsch, Belitski, Caiazza, Chowdhury & Menter;2023;Entrepreneurial growth, value creation and new technologies;The Journal of Technology Transfer;SSCI/SCI;Entrepreneurship, Value Creation, Technology, Growth;Pending;No;"Fails: innovation intermediaries/knowledge transfer; no decentralization/DLT or sustainability-as-stable-development";10.1007/s10961-023-10034-w
215;Round 1;Backward;Battistella, De Toni & Pillon;2016;Inter-organisational technology/knowledge transfer: A framework from critical literature review;The Journal of Technology Transfer;SSCI/SCI;Knowledge Transfer, Inter-organisational, Technology Transfer, Framework;Pending;No;"Fails: innovation intermediaries/knowledge transfer; no decentralization/DLT or sustainability-as-stable-development";N/A
216;Round 1;Backward;Baxter & Jack;2008;Qualitative case study methodology: Study design and implementation for novice researchers;The Qualitative Report;Unknown;Case Study, Qualitative Research, Methodology;Pending;No;"Fails: research methodology; no core RQ concepts";10.46743/2160-3715/2008.1573
217;Round 1;Backward;Belitski & Boreiko;2022;Success factors of initial coin offerings;The Journal of Technology Transfer;SSCI/SCI;ICO, Blockchain, Crowdfunding, Entrepreneurial Finance;Medium;Yes;"Passes: blockchain/ICO (C1) + digital transformation of entrepreneurial finance (C2); financial institutional stability implications (C3)";10.1007/s10961-021-09894-x
218;Round 1;Backward;Benitez, Ayala & Frank;2020;Industry 4.0 innovation ecosystems: An evolutionary perspective on value cocreation;International Journal of Production Economics;SSCI/SCI;Industry 4.0, Innovation Ecosystems, Value Cocreation, SMEs;Pending;No;"Fails: Industry 4.0 innovation ecosystems; no decentralization/DLT or sustainability-as-stability";10.1016/j.ijpe.2020.107735
219;Round 1;Backward;Bergek, Jacobsson, Carlsson, Lindmark & Rickne;2008;Analyzing the functional dynamics of technological innovation systems: A scheme of analysis;Research Policy;SSCI/SCI;Technological Innovation Systems, TIS, Innovation Dynamics;Pending;No;"Fails: innovation systems theory / green SMEs; no blockchain/decentralization and sustainability ecological";10.1016/j.respol.2007.12.003
220;Round 1;Backward;Boiral, Ebrahimi, Kuyken & Talbot;2019;Greening remote SMEs: The case of small regional airports;Journal of Business Ethics;SSCI/SCI;Green SMEs, Environmental Sustainability, Small Business;Pending;No;"Fails: innovation systems theory / green SMEs; no blockchain/decentralization and sustainability ecological";10.1007/s10551-017-3447-0
221;Round 1;Backward;Bumblauskas, Mann, Dugan & Rittmer;2020;A blockchain use case in food distribution: Do you know where your food has been?;International Journal of Information Management;SSCI/SCI;Blockchain, Food Distribution, Traceability, QR Code;Medium;Yes;"Passes: blockchain (C1) + food distribution digital transformation (C2); supply chain stability implied (C3)";10.1016/j.ijinfomgt.2019.09.004
222;Round 1;Backward;Bush, Bale, Powell, Gouldson, Taylor & Gale;2017;The role of intermediaries in low carbon transitions – empowering innovations to unlock district heating in the UK;Journal of Cleaner Production;SSCI/SCI;Innovation Intermediaries, Low Carbon, Energy Transition, District Heating;Pending;No;"Fails: low-carbon energy transition intermediaries; no DLT/blockchain and sustainability is ecological";10.1016/j.jclepro.2017.01.129
223;Round 1;Backward;Butter, Gijsbers, Goetheer & Karanikolova;2019;Digital innovation hubs and their position in the European national and regional innovation ecosystems;Redesigning Organizations (Springer);Not indexed;Digital Innovation Hubs, Regional Innovation, European Policy;Pending;No;"Fails: digital innovation hubs regional policy; no decentralization/DLT or sustainability-as-stability";10.1007/978-3-030-27957-8_3
224;Round 1;Backward;Butticè & Vismara;2022;Inclusive digital finance: The industry of equity crowdfunding;The Journal of Technology Transfer;SSCI/SCI;Equity Crowdfunding, Digital Finance, Inclusion, Blockchain;Medium;Yes;"Passes: blockchain/DLT in equity crowdfunding (C1) + digital transformation of finance (C2); inclusive financial stability (C3)";10.1007/s10961-021-09875-0
225;Round 1;Backward;Calof, Colovic, Rizzoli & Rossi;2023;Innovation intermediaries' types and functions: A computational analysis of the literature;Technological Forecasting and Social Change;SSCI/SCI;Innovation Intermediaries, Bibliometrics, Typology, Functions;Pending;No;"Fails: innovation intermediaries bibliometric; no blockchain/decentralization or sustainability-as-stability";10.1016/j.techfore.2023.122351
226;Round 1;Backward;Carlsson & Stankiewicz;1991;On the nature, function and composition of technological systems;Journal of Evolutionary Economics;SSCI/SCI;Technological Systems, TIS Framework, Innovation Systems;Pending;No;"Fails: technological systems TIS framework; no blockchain/decentralization or sustainability-as-stability";10.1007/BF01224915
227;Round 1;Backward;Chainalysis;2021;The 2021 Global Crypto Adoption Index: Worldwide Adoption Jumps Over 880% with P2P Platforms Driving Cryptocurrency Usage in Emerging Markets;Chainalysis;Not indexed;Cryptocurrency, Blockchain, Adoption, Emerging Markets;Pending;No;"Fails: industry crypto adoption report (grey literature); not peer-reviewed journal";N/A
228;Round 1;Backward;Chandran, Sundram & Santhidran;2013;Innovation systems in Malaysia: A perspective of university-industry R&D collaboration;AI & Society;Unknown;Innovation Systems, University-Industry, R&D, Malaysia;Pending;No;"Fails: university-industry R&D; no decentralization or sustainability-as-stability";10.1007/s00146-013-0468-9
229;Round 1;Backward;Charvát, Zadražil, Čerba, Kvapil, Tuchyňa, Gergeľová & Šplíchal;2022;Hub4Everybody-new collaborative environment for sharing;Agris on-Line Papers in Economics & Informatics;Unknown;DIH, Collaborative Environment, Data Sharing, Agriculture;Pending;No;"Fails: digital innovation hub; no blockchain/decentralization or sustainability-as-stability";N/A
230;Round 1;Backward;Chege & Wang;2020;The influence of technology innovation on SME performance through environmental sustainability practices in Kenya;Technology in Society;SSCI/SCI;Technology Innovation, SMEs, Environmental Sustainability, Kenya;Pending;No;"Fails: SME technology innovation; sustainability framed as environmental/ecological";10.1016/j.techsoc.2019.101210
231;Round 1;Backward;Chiarini & Compagnucci;2022;Blockchain, data protection and P2P energy trading: A review on legal and economic challenges;Sustainability;SSCI/SCI;Blockchain, P2P Energy Trading, Data Protection, Legal;High;Yes;Passes: blockchain (C1) + P2P energy digital transformation (C2) + legal/economic stability challenges (C3);10.3390/su142316305
232;Round 1;Backward;Clohessy & Acton;2019;Investigating the influence of organizational factors on blockchain adoption: An innovation theory perspective;Industrial Management & Data Systems;SSCI/SCI;Blockchain Adoption, Organizational Factors, Innovation Theory, SMEs;Medium;Yes;"Passes: blockchain adoption (C1) + organizational digital transformation (C2); institutional stability implications";10.1108/IMDS-08-2018-0365
233;Round 1;Backward;Compagnucci, Lepore, Spigarelli, Frontoni, Baldi & Di Berardino;2022;Uncovering the potential of blockchain in the agri-food supply chain: An interdisciplinary case study;Journal of Engineering and Technology Management;SSCI/SCI;Blockchain, Agri-food, Supply Chain, Case Study;Pending;No;"Fails: blockchain agri-food supply chain; sustainability is food safety/ecological not stable development governance";10.1016/j.jengtecman.2022.101700
234;Round 1;Backward;Compagnucci & Spigarelli;2020;The Third Mission of the university: A systematic literature review on potentials and constraints;Technological Forecasting and Social Change;SSCI/SCI;University Third Mission, Knowledge Transfer, Systematic Review;Pending;No;"Fails: university knowledge transfer; no blockchain/decentralization or sustainability-as-stability";10.1016/j.techfore.2020.120284
235;Round 1;Backward;Crupi, Del Sarto, Di Minin, Gregori, Lepore, Marinelli & Spigarelli;2020;The digital transformation of SMEs – a new knowledge broker called the digital innovation hub;Journal of Knowledge Management;SSCI/SCI;Digital Innovation Hub, SMEs, Digital Transformation, Knowledge Broker;Pending;No;"Fails: digital innovation hubs SMEs; no blockchain/decentralization or sustainability-as-stability";10.1108/JKM-11-2019-0623
236;Round 1;Backward;Dyba, Di Maria & Chiarvesio;2022;Actions fostering the adoption of Industry 4.0 technologies in manufacturing companies in European regions;Investigaciones Regionales-Journal of Regional Research;Unknown;Industry 4.0, Manufacturing, Regional Innovation, European;Pending;No;"Fails: Industry 4.0 manufacturing regional; no blockchain/decentralization or sustainability-as-stability";N/A
237;Round 1;Backward;Elder & Olsen;2019;The design of environmental priorities in the SDGs;Global Policy;SSCI/SCI;SDGs, Environmental Priorities, Sustainable Development, Policy;Pending;No;"Fails: SDG environmental policy; sustainability is ecological";10.1111/1758-5899.12596
238;Round 1;Backward;Esmaeilian, Sarkis, Lewis & Behdad;2020;Blockchain for the future of sustainable supply chain management in Industry 4.0;Resources Conservation and Recycling;SSCI/SCI;Blockchain, Supply Chain, Industry 4.0, Sustainability;High;Yes;Passes: blockchain (C1) + Industry 4.0 supply chain digital transformation (C2) + sustainability including economic stability (C3);10.1016/j.resconrec.2020.105064
239;Round 1;Backward;Etzkowitz;1998;The norms of entrepreneurial science: Cognitive effects of the new university-industry linkages;Research Policy;SSCI/SCI;Triple Helix, University-Industry, Entrepreneurial Science, Innovation;Pending;No;"Fails: triple helix university-industry; no decentralization/DLT or sustainability-as-stability";10.1016/s0048-7333(98)00093-6
240;Round 1;Backward;European Commission;2017;Digital innovation hubs: Mainstreaming digital innovation across all sectors;European Commission;Not indexed;Digital Innovation Hubs, EU Policy, SMEs, Digitalization;Pending;No;"Fails: digital innovation hubs/DESI EU policy; no blockchain/decentralization or sustainability-as-stability";N/A
241;Round 1;Backward;European Commission;2019;Communication from the Commission: The European Green Deal;European Commission;Not indexed;European Green Deal, Climate Policy, EU, Sustainability;Pending;No;"Fails: EU Green Deal (grey literature/policy doc); ecological sustainability framing";N/A
242;Round 1;Backward;European Commission;2020;Digital Economy and Society Index (DESI) 2020;European Commission;Not indexed;DESI, Digital Economy, Emerging Technologies, EU;Pending;No;"Fails: digital innovation hubs/DESI EU policy; no blockchain/decentralization or sustainability-as-stability";N/A
243;Round 1;Backward;European Commission;2021;Digital Economy and Society Index (DESI) 2021: Integration of digital technology;European Commission;Not indexed;DESI, Digital Economy, Digital Integration, EU;Pending;No;"Fails: digital innovation hubs/DESI EU policy; no blockchain/decentralization or sustainability-as-stability";N/A
244;Round 1;Backward;European Commission;2021;European digital innovation hubs in digital Europe programme;European Commission;Not indexed;EDIH, Digital Innovation Hubs, Digital Europe, SMEs;Pending;No;"Fails: digital innovation hubs/DESI EU policy; no blockchain/decentralization or sustainability-as-stability";N/A
245;Round 1;Backward;European Commission;2023;Digital Economy and Society Index (DESI) 2022: Integration of digital technology;European Commission;Not indexed;DESI, Digital Economy, Digital Integration, EU;Pending;No;"Fails: digital innovation hubs/DESI EU policy; no blockchain/decentralization or sustainability-as-stability";N/A
246;Round 1;Backward;Feltus, Nicolas & Khadraoui;2023;Towards a multidimensional ontology model for dih-based organisations;International Journal of Knowledge and Systems Science;Unknown;DIH, Ontology, Knowledge Systems, Organisations;Pending;No;"Fails: digital innovation hubs/DESI EU policy; no blockchain/decentralization or sustainability-as-stability";N/A
247;Round 1;Backward;Feng, Lai & Zhu;2022;Green supply chain innovation: Emergence, adoption, and challenges;International Journal of Production Economics;SSCI/SCI;Green Supply Chain, Innovation, Sustainability, Adoption;Pending;No;"Fails: green supply chain; sustainability is ecological/environmental";10.1016/j.ijpe.2022.108497
248;Round 1;Backward;Fisch, Meoli & Vismara;2022;Does blockchain technology democratize entrepreneurial finance? An empirical comparison of ICOs, venture capital, and REITs;Economics of Innovation and New Technology;SSCI/SCI;Blockchain, ICO, Entrepreneurial Finance, Democratization;High;Yes;Passes: blockchain/ICO (C1) + digital transformation of finance (C2) + financial democratization as stable inclusive development (C3);10.1080/10438599.2020.1843991
249;Round 1;Backward;França, Amato, Gonçalves & Almeida;2020;Proposing the use of blockchain to improve the solid waste management in small municipalities;Journal of Cleaner Production;SSCI/SCI;Blockchain, Waste Management, Municipalities, Circular Economy;Pending;No;"Fails: blockchain for waste management; sustainability is ecological/circular economy framing";10.1016/j.jclepro.2019.118529
250;Round 1;Backward;Friedman & Ormiston;2022;Blockchain as a sustainability-oriented innovation? Opportunities for and resistance to Blockchain technology as a driver of sustainability in global food supply chains;Technological Forecasting and Social Change;SSCI/SCI;Blockchain, Sustainability Innovation, Food Supply Chain, Resistance;Pending;No;"Fails: blockchain in food supply chain; sustainability is ecological/food safety oriented";10.1016/j.techfore.2021.121403
251;Round 1;Backward;Gajzago;2017;Serving innovation well? Mismatch between the supply and demand side of services by innovation intermediary organizations in Hungary;The Central European Journal of Regional Development and Tourism;Unknown;Innovation Intermediaries, Service Mismatch, Hungary, Regional;Pending;No;"Fails: innovation intermediaries/DIH; no blockchain/decentralization or sustainability-as-stability";10.32725/det.2017.024
252;Round 1;Backward;Georgescu, Avasilcai & Peter;2021;Digital innovation hubs—The present future of collaborative research, business and marketing development opportunities;Marketing and Smart Technologies (Springer);Not indexed;Digital Innovation Hubs, Collaborative Research, Marketing, Smart Technologies;Pending;No;"Fails: innovation intermediaries/DIH; no blockchain/decentralization or sustainability-as-stability";10.1007/978-981-33-4183-8_29
253;Round 1;Backward;Ghobakhloo & Ching;2019;Adoption of digital technologies of smart manufacturing in SMEs;Journal of Industrial Information Integration;SSCI/SCI;Digital Technologies, Smart Manufacturing, SMEs, Adoption;Pending;No;"Fails: smart manufacturing SMEs adoption; no blockchain/decentralization or sustainability-as-stability";10.1016/j.jii.2019.100107
254;Round 1;Backward;Giaretta;2014;"The trust ""builders"" in the technology transfer relationships: An Italian science park experience";The Journal of Technology Transfer;SSCI/SCI;Trust, Technology Transfer, Science Park, Italy;Pending;No;"Fails: technology transfer trust; no blockchain/decentralization or sustainability-as-stability";10.1007/s10961-013-9313-z
255;Round 1;Backward;Giganti, Borrello, Falcone & Cembalo;2024;The impact of blockchain technology on enhancing sustainability in the agri-food sector: A scoping review;Journal of Cleaner Production;SSCI/SCI;Blockchain, Agri-food, Sustainability, Scoping Review;Pending;No;"Fails: blockchain agri-food sustainability; sustainability is ecological/food safety not stable development governance";10.1016/j.jclepro.2024.142379
256;Round 1;Backward;Gladysz, Matteri, Ejsmont, Corti, Bettoni & Haber Guerra;2023;Platform-based support for AI uptake by SMEs: Guidelines to design service bundles;Central European Management Journal;Unknown;AI, SMEs, Digital Innovation Hub, Platform;Pending;No;"Fails: AI/SME digital platform; no blockchain/decentralization or sustainability-as-stability";N/A
257;Round 1;Backward;Glavič & Lukman;2007;Review of sustainability terms and their definitions;Journal of Cleaner Production;SSCI/SCI;Sustainability, Definitions, Terminology, Environmental;Pending;No;"Fails: sustainability terminology review; no digital transformation or decentralization";10.1016/j.jclepro.2006.12.006
258;Round 1;Backward;Gliedt, Hoicka & Jackson;2018;Innovation intermediaries accelerating environmental sustainability transitions;Journal of Cleaner Production;SSCI/SCI;Innovation Intermediaries, Environmental Sustainability, Transitions;Pending;No;"Fails: eco-innovation intermediaries; sustainability is ecological/environmental transitions";10.1016/j.jclepro.2017.11.054
259;Round 1;Backward;Good, Knockaert & Soppe;2019;A typology of technology transfer ecosystems: How structure affects interactions at the science-market divide;The Journal of Technology Transfer;SSCI/SCI;Technology Transfer, Ecosystems, Typology, Science-Market;Pending;No;"Fails: technology transfer/innovation ecosystems; no blockchain/decentralization or sustainability-as-stability";10.1007/s10961-019-09745-w
260;Round 1;Backward;Granovetter;1985;Economic action and social structure: The problem of social embeddedness;American Journal of Sociology;SSCI/SCI;Social Embeddedness, Networks, Economic Sociology, Institutional Theory;Pending;No;"Fails: technology transfer/innovation ecosystems; no blockchain/decentralization or sustainability-as-stability";10.1086/228311
261;Round 1;Backward;Harrigan, Di Guardo & Cowgill;2017;Multiplicative-innovation synergies: Tests in technological acquisitions;Journal of Technology Transfer;SSCI/SCI;Innovation Synergies, Technological Acquisitions, Partnerships;Pending;No;"Fails: technology transfer/innovation ecosystems; no blockchain/decentralization or sustainability-as-stability";10.1007/s10961-016-9514-3
262;Round 1;Backward;He, Meadows, Angwin, Gomes & Child;2020;Strategic alliance research in the era of digital transformation: Perspectives on future research;British Journal of Management;SSCI/SCI;Strategic Alliances, Digital Transformation, Collaboration, BCT;Medium;Yes;"Passes: blockchain/BCT (C1) + digital transformation of strategic alliances (C2); collaboration stability implications (C3)";10.1111/1467-8551.12406
263;Round 1;Backward;Hekkert & Negro;2009;Functions of innovation systems as a framework to understand sustainable technological change: Empirical evidence for earlier claims;Technological Forecasting and Social Change;SSCI/SCI;TIS Functions, Innovation Systems, Sustainable Technology;Pending;No;"Fails: innovation systems/intermediaries theory; no blockchain/decentralization or sustainability-as-stability";10.1016/j.techfore.2008.04.013
264;Round 1;Backward;Hernández-Chea, Mahdad, Minh & Hjortsø;2021;Moving beyond intermediation: How intermediary organizations shape collaboration dynamics in entrepreneurial ecosystems;Technovation;SSCI/SCI;Innovation Intermediaries, Entrepreneurial Ecosystems, Collaboration;Pending;No;"Fails: innovation systems/intermediaries theory; no blockchain/decentralization or sustainability-as-stability";10.1016/j.technovation.2021.102332
265;Round 1;Backward;Hervas-Oliver, Gonzalez-Alcaide, Rojas-Alvarado & Monto-Mompo;2021;Emerging regional innovation policies for industry 4.0: Analyzing the digital innovation hub program in European regions;Competitiveness Review;SSCI/SCI;DIH, Regional Innovation, Industry 4.0, European Policy;Pending;No;"Fails: digital innovation hubs regional policy; no blockchain/decentralization or sustainability-as-stability";10.1108/CR-12-2019-0159
266;Round 1;Backward;Hilkenmeier, Fechtelpeter & Decius;2021;How to foster innovation in SMEs: Evidence of the effectiveness of a project-based technology transfer approach;Journal of Technology Transfer;SSCI/SCI;SMEs, Innovation, Technology Transfer, Project-Based;Pending;No;"Fails: SME innovation/intermediaries; no blockchain/decentralization or sustainability-as-stability";10.1007/s10961-021-09913-x
267;Round 1;Backward;Hossain;2018;Motivations, challenges, and opportunities of successful solvers on an innovation intermediary platform;Technological Forecasting and Social Change;SSCI/SCI;Innovation Intermediary, Open Innovation, Motivations, Platform;Pending;No;"Fails: SME innovation/intermediaries; no blockchain/decentralization or sustainability-as-stability";10.1016/j.techfore.2017.10.018
268;Round 1;Backward;Howells;2006;Intermediation and the role of intermediaries in innovation;Research Policy;SSCI/SCI;Innovation Intermediaries, Knowledge Brokers, Technology Transfer;Pending;No;"Fails: SME innovation/intermediaries; no blockchain/decentralization or sustainability-as-stability";10.1016/j.respol.2006.03.005
269;Round 1;Backward;Hyperledger;2019;Case study: Circulor achieves first-ever-mine-to-manufacturer traceability of a conflict mineral with Hyperledger Fabric;Circulor / Hyperledger;Not indexed;Blockchain, Traceability, Supply Chain, Conflict Minerals;Medium;Yes;"Passes: blockchain traceability (C1) + supply chain digital transformation (C2); supply chain governance stability (C3)";N/A
270;Round 1;Backward;Ilbiz & Durst;2019;The appropriation of blockchain for small and medium-sized enterprises;Journal of Innovation Management;Unknown;Blockchain, SMEs, Appropriation, Innovation;Medium;Yes;"Passes: blockchain (C1) + SME digital transformation (C2); organizational stability implications";10.24840/2183-0606_007.001_0004
271;Round 1;Backward;Inceoglu, Vanacker & Vismara;2024;Digitalization and resource mobilization;British Journal of Management;SSCI/SCI;Digitalization, Resource Mobilization, Innovation, Management;Pending;No;"Fails: digitalization resource mobilization; no blockchain/decentralization or sustainability-as-stability";10.1111/1467-8551.12817
272;Round 1;Backward;Jackson;2022;The blockchain projects making renewable energy a reality;Cointelegraph Magazine;Unknown;Blockchain, Renewable Energy, Decentralized Energy;Pending;No;"Fails: blockchain renewable energy; sustainability is ecological/energy";N/A
273;Round 1;Backward;Johnson & Schaltegger;2016;Two decades of sustainability management tools for SMEs: How far have we come?;Journal of Small Business Management;SSCI/SCI;Sustainability Management, SMEs, Tools, Review;Pending;No;"Fails: SME sustainability management/DIH policy; sustainability is ecological or no blockchain/DLT";10.1111/jsbm.12154
274;Round 1;Backward;Journeault, Perron & Vallières;2021;The collaborative roles of stakeholders in supporting the adoption of sustainability in SMEs;Journal of Environmental Management;SSCI/SCI;Stakeholders, SMEs, Sustainability Adoption, Collaboration;Pending;No;"Fails: SME sustainability management/DIH policy; sustainability is ecological or no blockchain/DLT";10.1016/j.jenvman.2021.112349
275;Round 1;Backward;Kalpaka, Sörvik, Tasigiorgou & Rissola;2020;Digital Innovation Hubs as policy instruments to boost digitalisation of SMEs;European Commission / JRC;Not indexed;DIH, SMEs, Policy Instruments, Digitalisation;Pending;No;"Fails: SME sustainability management/DIH policy; sustainability is ecological or no blockchain/DLT";10.2760/538258
276;Round 1;Backward;Kamilaris, Fonts & Boldù;2019;The rise of blockchain technology in agriculture and food supply chains;Trends in Food Science and Technology;SSCI/SCI;Blockchain, Agriculture, Food Supply Chain, IoT;Pending;No;"Fails: blockchain agriculture food supply; sustainability is ecological/food safety framing";10.1016/j.tifs.2019.07.034
277;Round 1;Backward;Kanda, Hjelm, Clausen & Bienkowska;2018;Roles of intermediaries in supporting eco-innovation;Journal of Cleaner Production;SSCI/SCI;Eco-innovation, Intermediaries, Innovation Systems, Sustainability;Pending;No;"Fails: eco-innovation/environmental sustainability intermediaries; sustainability is ecological";10.1016/j.jclepro.2018.09.132
278;Round 1;Backward;Kanda, Río & Bienkowska;2019;A technological innovation systems approach to analyse the roles of intermediaries in eco-innovation;Journal of Cleaner Production;SSCI/SCI;TIS, Eco-innovation, Intermediaries, Innovation Systems;Pending;No;"Fails: eco-innovation/environmental sustainability intermediaries; sustainability is ecological";10.1016/j.jclepro.2019.04.230
279;Round 1;Backward;Kant & Kanda;2019;Innovation intermediaries: What does it take to survive over time?;Journal of Cleaner Production;SSCI/SCI;Innovation Intermediaries, Sustainability, Longevity, Organizations;Pending;No;"Fails: eco-innovation/environmental sustainability intermediaries; sustainability is ecological";10.1016/j.jclepro.2019.04.213
280;Round 1;Backward;Keszey;2018;Boundary spanners' knowledge sharing for innovation success in turbulent times;Journal of Knowledge Management;SSCI/SCI;Boundary Spanners, Knowledge Sharing, Innovation, Turbulence;Pending;No;"Fails: knowledge sharing in organizations; no blockchain/decentralization or sustainability-as-stability";10.1108/JKM-01-2017-0033
281;Round 1;Backward;Khan, Godil, Jabbour et al.;2021;Green data analytics, blockchain technology for sustainable development, and sustainable supply chain practices: Evidence from small and medium enterprises;Annals of Operations Research;SSCI/SCI;Blockchain, Green Analytics, Sustainable Supply Chain, SMEs;Medium;Yes;Passes: blockchain (C1) + digital transformation of supply chain (C2) + sustainable supply chain stability (C3);10.1007/s10479-021-04275-x
282;Round 1;Backward;Kim & Huh;2020;Blockchain of carbon trading for UN Sustainable Development Goals;Sustainability;SSCI/SCI;Blockchain, Carbon Trading, SDGs, CO2;Pending;No;"Fails: blockchain for carbon trading SDGs; sustainability is ecological/climate";10.3390/su12104021
283;Round 1;Backward;Kivimaa, Boon, Hyysalo & Klerkx;2019;Towards a typology of intermediaries in sustainability transitions: A systematic review and a research agenda;Research Policy;SSCI/SCI;Intermediaries, Sustainability Transitions, Typology, Systematic Review;Pending;No;"Fails: sustainability transitions/eco-innovation; sustainability is ecological/environmental";10.1016/j.respol.2018.10.006
284;Round 1;Backward;Klewitz & Hansen;2014;Sustainability-oriented innovation of SMEs: A systematic review;Journal of Cleaner Production;SSCI/SCI;SMEs, Sustainability Innovation, Systematic Review;Pending;No;"Fails: sustainability transitions/eco-innovation; sustainability is ecological/environmental";10.1016/j.jclepro.2013.07.017
285;Round 1;Backward;Klewitz, Zeyen & Hansen;2012;Intermediaries driving eco-innovation in SMEs: A qualitative investigation;European Journal of Innovation Management;SSCI/SCI;Eco-innovation, SMEs, Intermediaries, Qualitative;Pending;No;"Fails: sustainability transitions/eco-innovation; sustainability is ecological/environmental";10.1108/14601061211272376
286;Round 1;Backward;Kshetri & DeFranco;2020;The economics behind food supply blockchains;Computer;Unknown;Blockchain, Food Supply Chain, Economics, Technology;Pending;No;"Fails: blockchain food supply chain; sustainability is food safety/ecological framing";10.1109/MC.2020.3021549
287;Round 1;Backward;Kumar, Srivastava & Singh;2022;How blockchain technology can be a sustainable infrastructure for the agrifood supply chain in developing countries;Journal of Global Operations and Strategic Sourcing;Unknown;Blockchain, Agri-food, Developing Countries, Sustainable Infrastructure;Pending;No;"Fails: blockchain food supply chain; sustainability is food safety/ecological framing";10.1108/jgoss-08-2021-0058
288;Round 1;Backward;Lee, Lee & Pennings;2001;Internal capabilities, external networks, and performance: A study on technology-based ventures;Strategic Management Journal;SSCI/SCI;Networks, Capabilities, Performance, Technology Ventures;Pending;No;"Fails: firm capabilities and networks; no blockchain/decentralization or sustainability-as-stability";10.1002/smj.181
289;Round 1;Backward;Lepore, Testi & Pasher;2023;Building inclusive smart cities through innovation intermediaries;Sustainability;SSCI/SCI;Smart Cities, Innovation Intermediaries, Inclusion, Digital;Pending;No;"Fails: smart cities innovation intermediaries; no blockchain/decentralization";10.3390/su15054024
290;Round 1;Backward;Liu, Liu, Shi, Hou, Shi & Dong;2022;Collaborative adoption of blockchain technology: A supply chain contract perspective;Frontiers of Engineering Management;Unknown;Blockchain Adoption, Supply Chain Contracts, Collaboration;Medium;Yes;"Passes: blockchain adoption (C1) + supply chain digital transformation (C2); long-term stability of contractual governance (C3)";10.1007/s42524-022-0239-8
291;Round 1;Backward;Lukkarinen, Berg, Salo, Tainio, Alhola & Antikainen;2018;An intermediary approach to technological innovation systems (TIS)—The case of the cleantech sector in Finland;Environmental Innovation and Societal Transitions;SSCI/SCI;TIS, Intermediaries, Cleantech, Finland;Pending;No;"Fails: cleantech innovation intermediaries; sustainability is ecological";10.1016/j.eist.2017.04.003
292;Round 1;Backward;Lumineau, Wang & Schilke;2021;Blockchain governance—A new way of organizing collaborations?;Organization Science;SSCI/SCI;Blockchain Governance, Collaboration, Organizational Theory;High;Yes;Passes: blockchain governance (C1) + digital transformation of organizational collaboration (C2) + new governance stability model (C3);N/A
293;Round 1;Backward;Luo & Zahra;2023;Industry 4.0 in international business research;Journal of International Business Studies;SSCI/SCI;Industry 4.0, International Business, Digital Transformation;Pending;No;"Fails: Industry 4.0 international business; no blockchain/decentralization or sustainability-as-stability";10.1057/s41267-022-00577-9
294;Round 1;Backward;Luthra, Kumar, Zavadskas, Mangla & Garza-Reyes;2020;Industry 4.0 as an enabler of sustainability diffusion in supply chain: an analysis of influential strength of drivers in an emerging economy;International Journal of Production Research;SSCI/SCI;Industry 4.0, Sustainability, Supply Chain, Emerging Economy;Pending;No;"Fails: Industry 4.0 supply chain sustainability; sustainability is ecological/environmental diffusion";10.1080/00207543.2019.1660828
295;Round 1;Backward;Madrid-Guijarro & Duréndez;2024;Sustainable development barriers and pressures in SMEs: The mediating effect of management commitment to environmental practices;Business Strategy and the Environment;SSCI/SCI;SMEs, Sustainable Development, Barriers, Management Commitment;Pending;No;"Fails: SME sustainable development barriers; no blockchain/decentralization or digital transformation focus";10.1002/bse.3537
296;Round 1;Backward;Miller, McAdam & McAdam;2017;A systematic literature review of university technology transfer from a quadruple helix perspective: Towards a research agenda;R&D Management;SSCI/SCI;Technology Transfer, Quadruple Helix, University, Systematic Review;Pending;No;"Fails: technology transfer university; no blockchain/decentralization or sustainability-as-stability";10.1111/radm.12228
297;Round 1;Backward;Morelli;2011;Environmental sustainability: A definition for environmental professionals;Journal of Environmental Sustainability;Unknown;Environmental Sustainability, Definition, Professionals;Pending;No;"Fails: environmental sustainability definition; ecological framing";10.14448/jes.01.0002
298;Round 1;Backward;Munir, Habib, Hussain et al.;2022;Blockchain adoption for sustainable supply chain management: Economic, environmental, and social perspectives;Frontiers in Energy Research;Unknown;Blockchain, Supply Chain, Sustainability, ESG;High;Yes;Passes: blockchain (C1) + supply chain digital transformation (C2) + economic/social sustainability as ESG stability (C3);10.3389/fenrg.2022.899632
299;Round 1;Backward;Nambisan, Wright & Feldman;2019;The digital transformation of innovation and entrepreneurship: Progress, challenges and key themes;Research Policy;SSCI/SCI;Digital Transformation, Innovation, Entrepreneurship, Research Policy;Medium;Yes;"Passes: digital transformation (C2) + innovation/entrepreneurship stable development (C3); research policy perspective";10.1016/j.respol.2019.03.018
300;Round 1;Backward;Niu, Shen & Xie;2021;The value of blockchain and agricultural supply chain parties' participation confronting random bacteria pollution;Journal of Cleaner Production;SSCI/SCI;Blockchain, Agricultural Supply Chain, Food Safety, Pollution;Pending;No;"Fails: blockchain agricultural supply chain food safety; sustainability is ecological/food safety";10.1016/j.jclepro.2021.128579
301;Round 1;Backward;Nofer, Gomber, Hinz & Schiereck;2017;Blockchain;Business & Information Systems Engineering;SSCI/SCI;Blockchain, Distributed Ledger, Technology, Business;Pending;No;"Fails: general blockchain reference; only addresses C1; no digital transformation or sustainability-as-stability context";10.1007/s12599-017-0467-3
302;Round 1;Backward;OECD;2018;Environmental policy toolkit for greening SMEs in the EU eastern partnership countries;OECD;Not indexed;SMEs, Environmental Policy, Green, OECD;Pending;No;Fails: OECD policy documents (grey literature) or ecological SME sustainability;10.1787/9789264293199-en
303;Round 1;Backward;OECD;2019;Digital for SMEs global initiative. Concept note;OECD;Not indexed;SMEs, Digital, OECD, Global Initiative;Pending;No;Fails: OECD policy documents (grey literature) or ecological SME sustainability;N/A
304;Round 1;Backward;Ølnes;2016;Beyond Bitcoin enabling smart government using blockchain technology;Electronic Government EGOV 2016 (Springer);Not indexed;Blockchain, Smart Government, Bitcoin, E-Government;High;Yes;Passes: blockchain (C1) + government digital transformation (C2) + public governance stability (C3);10.1007/978-3-319-44421-5_20
305;Round 1;Backward;O'Kane, Cunningham, Menter et al.;2021;The brokering role of technology transfer offices within entrepreneurial ecosystems: An investigation of macro-meso-micro factors;Journal of Technology Transfer;SSCI/SCI;Technology Transfer Offices, Entrepreneurial Ecosystems, Brokering;Pending;No;"Fails: technology transfer intermediaries; no blockchain/decentralization or sustainability-as-stability";10.1007/s10961-020-09829-y
306;Round 1;Backward;Palaco, Kim, Park & Rho;2022;Exploring capabilities of international technology transfer intermediaries between emerging and developed countries;Journal of Technology Transfer;SSCI/SCI;Technology Transfer, Intermediaries, Emerging Countries, International;Pending;No;"Fails: technology transfer intermediaries; no blockchain/decentralization or sustainability-as-stability";10.1007/s10961-021-09849-2
307;Round 1;Backward;Parmentola, Petrillo, Tutore & De Felice;2022;Is blockchain able to enhance environmental sustainability? A systematic review and research agenda from the perspective of SDGs;Business Strategy and the Environment;SSCI/SCI;Blockchain, Environmental Sustainability, SDGs, Systematic Review;Pending;No;"Fails: blockchain environmental sustainability SDGs; sustainability is ecological/environmental";10.1002/bse.2882
308;Round 1;Backward;Philipp, Prause & Gerlitz;2019;Blockchain and smart contracts for entrepreneurial collaboration in maritime supply chains;Transport and Telecommunication;Unknown;Blockchain, Smart Contracts, Maritime, Supply Chain;Medium;Yes;"Passes: blockchain/smart contracts (C1) + maritime supply chain digital transformation (C2); supply chain stability (C3)";10.2478/ttj-2019-0030
309;Round 1;Backward;Planko, Cramer, Hekkert & Chappin;2017;Combining the technological innovation systems framework with the entrepreneurs' perspective on innovation;Technology Analysis & Strategic Management;SSCI/SCI;TIS Framework, Entrepreneurs, Innovation Systems;Pending;No;"Fails: TIS framework entrepreneurs; no blockchain/decentralization or sustainability-as-stability";10.1080/09537325.2016.1220515
310;Round 1;Backward;Polzin, von Flotow & Klerkx;2016;Addressing barriers to eco-innovation: Exploring the finance mobilisation functions of institutional innovation intermediaries;Technological Forecasting and Social Change;SSCI/SCI;Eco-innovation, Finance, Innovation Intermediaries, Barriers;Pending;No;"Fails: eco-innovation finance; sustainability is ecological";10.1016/j.techfore.2015.10.001
311;Round 1;Backward;Pólvora, Nascimento, Lourenço & Scapolo;2020;Blockchain for industrial transformations: A forward-looking approach with multi-stakeholder engagement for policy advice;Technological Forecasting and Social Change;SSCI/SCI;Blockchain, Industrial Transformation, Policy, Stakeholders;High;Yes;Passes: blockchain (C1) + industrial digital transformation (C2) + multi-stakeholder governance stability (C3);10.1016/j.techfore.2020.120091
312;Round 1;Backward;Rainero & Modarelli;2021;Food tracking and blockchain-induced knowledge: A corporate social responsibility tool for sustainable decision-making;British Food Journal;SSCI/SCI;Blockchain, Food Tracking, CSR, Sustainable Decision-Making;Pending;No;"Fails: blockchain food tracking CSR; sustainability is CSR/food safety not stable development governance";10.1108/bf-10-2020-0921
313;Round 1;Backward;Rajalo & Vada;2021;Collaboration potential between low-capacity SMEs and academic researchers determined by symmetry of motivation;Technovation;SSCI/SCI;SMEs, University-Industry, Collaboration, Motivation;Pending;No;"Fails: SME-university collaboration; no blockchain/decentralization or sustainability-as-stability";10.1016/j.technovation.2021.102304
314;Round 1;Backward;Rawhouser, Vismara & Kshetri;2024;Blockchain and vulnerable entrepreneurial ecosystems;Entrepreneurship & Regional Development;SSCI/SCI;Blockchain, Vulnerable Communities, Entrepreneurship, Developing Countries;High;Yes;Passes: blockchain (C1) + digital transformation of entrepreneurship (C2) + stable inclusive economic development in vulnerable contexts (C3);10.1080/08985626.2022.2162979
315;Round 1;Backward;Rejeb, Keogh, Simske, Stafford & Treiblmaier;2021;Potentials of blockchain technologies for supply chain collaboration: a conceptual framework;The International Journal of Logistics Management;SSCI/SCI;Blockchain, Supply Chain Collaboration, Conceptual Framework;Medium;Yes;"Passes: blockchain (C1) + supply chain digital transformation (C2); collaborative stability framework (C3)";N/A
316;Round 1;Backward;Riva & Riva;2019;DIH-HERO: Digital innovation hubs in health care robotics;Cyberpsychology Behavior and Social Networking;SSCI/SCI;DIH, Healthcare, Robotics, Digital Innovation;Pending;No;"Fails: healthcare robotics digital hubs; no blockchain/decentralization or sustainability-as-stability";N/A
317;Round 1;Backward;Rolinck, Gellrich, Bode, Mennenga, Cerdas, Friedrchs & Herrmann;2021;A concept for blockchain-based LCA and its application in the context of aircraft MRO;Procedia CIRP;Unknown;Blockchain, LCA, Life Cycle Assessment, Aircraft;Pending;No;"Fails: blockchain for LCA; sustainability is ecological/lifecycle assessment";10.1016/j.procir.2021.01.123
318;Round 1;Backward;Ronaghi & Mosakhani;2022;The effects of blockchain technology adoption on business ethics and social sustainability: Evidence from the Middle East;Environment Development and Sustainability;SSCI/SCI;Blockchain, Business Ethics, Social Sustainability, Middle East;Medium;Yes;Passes: blockchain (C1) + social sustainability as long-term stable development (C3) + digital transformation of business ethics (C2);10.1007/s10668-021-01729-x
319;Round 1;Backward;Rossi, Calof, Colovic & Russo;2022;New business models for public innovation intermediaries supporting emerging innovation systems: The case of the Internet of Things;Technological Forecasting and Social Change;SSCI/SCI;Innovation Intermediaries, IoT, Business Models, Innovation Systems;Pending;No;"Fails: IoT innovation intermediaries; no blockchain/decentralization or sustainability-as-stability";10.1016/j.techfore.2021.121357
320;Round 1;Backward;Russo, Calof, Rossi & Righi;2018;Innovation intermediaries as a response to system failures: Creating the right incentives;Geography Open Innovation and Entrepreneurship (Edward Elgar);Not indexed;Innovation Intermediaries, System Failures, Incentives;Pending;No;"Fails: innovation intermediaries/renewable energy policy; sustainability is ecological or no C1/C3";10.4337/9781786439901.00006
321;Round 1;Backward;del Río & Bleda;2012;Comparing the innovation effects of support schemes for renewable electricity technologies: A function of innovation approach;Energy Policy;SSCI/SCI;Renewable Energy, Innovation Systems, Policy, TIS;Pending;No;"Fails: innovation intermediaries/renewable energy policy; sustainability is ecological or no C1/C3";10.1016/j.enpol.2012.07.014
322;Round 1;Backward;Sassanelli & Terzi;2022;Building the value proposition of a digital innovation hub network to support ecosystem sustainability;Sustainability;SSCI/SCI;DIH, Value Proposition, Ecosystem, Sustainability;Pending;No;"Fails: digital innovation hub ecosystem; sustainability framed ecologically/SDG";N/A
323;Round 1;Backward;Sassanelli & Terzi;2022;The D-BEST reference model: A flexible and sustainable support for the digital transformation of small and medium enterprises;Global Journal of Flexible Systems Management;Unknown;DIH, SMEs, Digital Transformation, D-BEST Model;Pending;No;"Fails: DIH SME digital transformation model; no blockchain/decentralization or sustainability-as-stability";N/A
324;Round 1;Backward;Schlecht, Schneider & Buchwald;2021;The Prospective value creation potential of blockchain in business models: A Delphi study;Technological Forecasting and Social Change;SSCI/SCI;Blockchain, Value Creation, Business Models, Delphi;High;Yes;Passes: blockchain (C1) + digital business model transformation (C2) + prospective value creation as stable development (C3);N/A
325;Round 1;Backward;De Silva, Howells & Meyer;2018;Innovation intermediaries and collaboration: Knowledge-based practices and internal value creation;Research Policy;SSCI/SCI;Innovation Intermediaries, Knowledge, Collaboration, Value Creation;Pending;No;"Fails: innovation intermediaries knowledge; no blockchain/decentralization or sustainability-as-stability";N/A
326;Round 1;Backward;Soriano-Pinar, Díaz-Garrido & Bermejo-Olivas;2023;Digital transformation for a circular economy: Insights from co-word analysis;Journal of Technology Transfer;SSCI/SCI;Digital Transformation, Circular Economy, Co-word Analysis;Pending;No;"Fails: digital transformation for circular economy; sustainability is ecological/circular economy";10.1007/s10961-023-10041-x
327;Round 1;Backward;de Sousa Jabbour, Jabbour, Foropon & Godinho Filho;2018;When titans meet—Can industry 4.0 revolutionise the environmentally-sustainable manufacturing wave? The role of critical success factors;Technological Forecasting and Social Change;SSCI/SCI;Industry 4.0, Sustainable Manufacturing, Critical Success Factors;Pending;No;"Fails: Industry 4.0 sustainable manufacturing/circular economy; sustainability is ecological/manufacturing";10.1016/j.techfore.2018.01.017
328;Round 1;Backward;de Sousa Jabbour, Jabbour, Godinho Filho & Roubaud;2018;Industry 4.0 and the circular economy: A proposed research agenda and original roadmap for sustainable operations;Annals of Operations Research;SSCI/SCI;Industry 4.0, Circular Economy, Sustainable Operations, Research Agenda;Pending;No;"Fails: Industry 4.0 sustainable manufacturing/circular economy; sustainability is ecological/manufacturing";10.1007/s10479-018-2772-8
329;Round 1;Backward;Sovacool, Turnheim, Martiskainen, Brown & Kivimaa;2020;Guides or gatekeepers? Incumbent-oriented transition intermediaries in a low-carbon era;Energy and Research & Social Science;SSCI/SCI;Transition Intermediaries, Low Carbon, Gatekeepers, Energy;Pending;No;"Fails: Industry 4.0 sustainable manufacturing/circular economy; sustainability is ecological/manufacturing";10.1016/j.erss.2020.101490
330;Round 1;Backward;Stock & Seliger;2016;Opportunities of sustainable manufacturing in Industry 4.0;Procedia CIRP;Unknown;Sustainable Manufacturing, Industry 4.0, Circular Economy;Pending;No;"Fails: Industry 4.0 sustainable manufacturing/circular economy; sustainability is ecological/manufacturing";10.1016/j.procir.2016.01.129
331;Round 1;Backward;Stojanova, Cvar, Verhovnik, Božić, Trilar, Kos & Stojmenova Duh;2022;Rural Digital Innovation Hubs as a Paradigm for Sustainable Business Models in Europe's Rural Areas;Sustainability;SSCI/SCI;Rural DIH, Sustainable Business Models, Europe, Agriculture;Pending;No;"Fails: rural digital innovation hubs; no blockchain/decentralization and sustainability is rural business models/ecological";N/A
332;Round 1;Backward;Swiatek, de Beaufort & Plana;2017;The green blockchain: Managing decentralized energy production and consumption;IEEE International Conference on Environment and Electrical Engineering (EEEIC);Not indexed;Blockchain, Green Energy, Decentralized Energy, Smart Grid;Pending;No;"Fails: blockchain decentralized energy grid; sustainability is ecological/energy production";N/A
333;Round 1;Backward;Tatarinov, Ambos & Tschang;2023;Scaling digital solutions for wicked problems: Ecosystem versatility;Journal of International Business Studies;SSCI/SCI;Digital Solutions, Scaling, Ecosystems, Wicked Problems;Pending;No;"Fails: digital solution scaling; no blockchain/decentralization or sustainability-as-stability";10.1057/s41267-022-00526-6
334;Round 1;Backward;Thakur, Doja, Dwivedi, Ahmad & Khadanga;2020;Land records on Blockchain for implementation of land titling in India;International Journal of Information Management;SSCI/SCI;Blockchain, Land Records, India, Property Rights;High;Yes;Passes: blockchain (C1) + digital transformation of land governance (C2) + property rights stability as long-term development (C3);10.1016/j.ijinfomgt.2019.04.013
335;Round 1;Backward;Tsolakis, Niedenzu, Simonetto, Dora & Kumar;2021;Supply network design to address United Nations Sustainable Development Goals: A case study of blockchain implementation in Thai fish industry;Journal of Business Research;SSCI/SCI;Blockchain, SDGs, Supply Network, Fish Industry, Thailand;Pending;No;"Fails: blockchain fish supply chain SDGs; sustainability is ecological/SDG framing";10.1016/j.jbusres.2020.08.003
336;Round 1;Backward;Upadhyay, Mukhuty, Kumar & Kazancoglu;2021;Blockchain technology and the circular economy: Implications for sustainability and social responsibility;Journal of Cleaner Production;SSCI/SCI;Blockchain, Circular Economy, Sustainability, Social Responsibility;Medium;Yes;Passes: blockchain (C1) + digital transformation of sustainability practices (C2) + circular economy for stable social/economic development (C3);10.1016/j.jclepro.2021.126130
337;Round 1;Backward;Vismara;2022;Expanding corporate finance perspectives to equity crowdfunding;The Journal of Technology Transfer;SSCI/SCI;Equity Crowdfunding, Corporate Finance, Blockchain, Technology Transfer;Low;Yes;"Passes marginally: blockchain/DLT in crowdfunding (C1) + digital transformation of corporate finance (C2); financial stability as C3 is implicit";10.1007/s10961-021-09903-z
338;Round 1;Backward;Winch & Courtney;2007;The organization of innovation brokers: An international review;Technology Analysis & Strategic Management;SSCI/SCI;Innovation Brokers, Intermediaries, Knowledge Transfer, International;Pending;No;"Fails: innovation brokers; no blockchain/decentralization or sustainability-as-stability";10.1080/09537320701711223
339;Round 1;Backward;Wong;2017;The UN is Using Ethereum's Technology to Fund Food for Thousands of Refugees;CoinDesk;Not indexed;Blockchain, WFP, Humanitarian Aid, Ethereum;Medium;Yes;Passes: blockchain/Ethereum (C1) + digital transformation of humanitarian aid (C2) + resilient stable development for vulnerable populations (C3);N/A
340;Round 1;Backward;Xu, Chen & Kou;2019;A systematic review of blockchain;Financial Innovation;Unknown;Blockchain, Systematic Review, Finance, Technology;Low;Yes;"Passes marginally: blockchain systematic review (C1) + covers digital transformation of finance (C2); sustainability-as-stability implicit";10.1186/s40854-019-0147-z
341;Round 1;Backward;Yin;2018;Case study research and applications: Design and methods;Sage Publications;Not indexed;Case Study, Research Methodology, Qualitative Research;Pending;No;"Fails: research methodology; no core RQ concepts";N/A
342;Round 1;Backward;Zhang & Liu;2023;Innovation intermediaries: A review, bibliometric analysis, and research agenda;The Journal of Technology Transfer;SSCI/SCI;Innovation Intermediaries, Bibliometric, Review, Research Agenda;Pending;No;"Fails: innovation intermediaries review; no blockchain/decentralization or sustainability-as-stability";10.1007/s10961-023-10030-0
343;Round 1;Backward;Zhao, Fan & Yan;2016;Overview of business innovations and research opportunities in blockchain and introduction to the special issue;Financial Innovation;Unknown;Blockchain, Business Innovation, Research, Financial;Low;Yes;"Passes marginally: blockchain (C1) + digital business innovation transformation (C2); financial stability implications (C3) implicit";10.1186/s40854-016-0049-2
344;Round 1;Backward;Vrabie;2016;Elemente de E-Guvernare [Elements of E-Government];Pro Universitaria;Not indexed;E-Government, Public Administration;Pending;No;"Fails: e-government grey literature (book/report); not peer-reviewed journal";N/A
345;Round 1;Backward;Porumbescu, Vrabie, Ahn & Im;2012;Factors Influencing the Success of Participatory E-Government Applications in Romania and South Korea;Korean Journal of Policy Studies;Unknown;E-Government, Citizen Participation, Romania, South Korea;Pending;No;"Fails: e-government grey literature (book/report); not peer-reviewed journal";N/A
346;Round 1;Backward;European Commission;2022;eGovernment and Digital Public Services;European Commission;Not indexed;E-Government, Digital Public Services;Pending;No;"Fails: e-government grey literature; not peer-reviewed journal";N/A
347;Round 1;Backward;Vlahovic & Vracic;2015;An Overview of E-Government 3.0 Implementation;IGI Global;Not indexed;E-Government 3.0, Implementation;Pending;No;"Fails: e-government 3.0 overview; likely grey literature/non-peer-reviewed source";N/A
348;Round 1;Backward;Jun & Chung;2016;Big data analysis of local government 3.0: Focusing on Gyeongsangbuk-do in Korea;Technology Forecasting and Social Change;Unknown;Big Data, Local Government, E-Government 3.0;Pending;No;"Fails: local government big data e-government; sustainability-as-stability absent and C1 absent";10.1016/j.techfore.2015.05.003
349;Round 1;Backward;Terzi, Votis, Tzovaras, Stamelos & Cooper;2019;Blockchain 3.0 Smart Contracts in E-Government 3.0 Applications;arXiv;Not indexed;Blockchain, Smart Contracts, E-Government 3.0;High;Yes;Passes: blockchain/smart contracts (C1) + e-government digital transformation (C2) + governance stability development (C3);arXiv:1910.06092
350;Round 1;Backward;European Commission;2023;Public Administration and Governance in the EU;European Commission;Not indexed;Public Administration, Governance, EU;Pending;No;"Fails: public administration/e-government without blockchain/decentralization; C1 absent";N/A
351;Round 1;Backward;Twizeyimana & Andersson;2019;The public value of E-Government—A literature review;Government Information Quarterly;SSCI/SCI;E-Government, Public Value, Literature Review;Pending;No;"Fails: public administration/e-government without blockchain/decentralization; C1 absent";N/A
352;Round 1;Backward;Vrabie;2011;Digital Governance (in Romanian Municipalities). A Longitudinal Assessment of Municipal Web Sites in Romania;European Integration Realities and Perspectives;Unknown;Digital Governance, Romanian Municipalities;Pending;No;"Fails: public administration/e-government without blockchain/decentralization; C1 absent";N/A
353;Round 1;Backward;Invest Brasov;2022;Brasov–Best Smart City Project Award;Invest Brasov;Not indexed;Smart City, Brasov;Pending;No;"Fails: smart city awards (grey literature); not peer-reviewed journal";N/A
354;Round 1;Backward;SCIA;2022;Campionii Industriei Smart City;Romanian Association for Smart Cities;Not indexed;Smart City, Romania;Pending;No;"Fails: smart city awards (grey literature); not peer-reviewed journal";N/A
355;Round 1;Backward;Vrabie;2022;Artificial Intelligence Promises to Public Organizations and Smart Cities;Springer International Publishing;Not indexed;AI, Public Organizations, Smart Cities;Pending;No;"Fails: AI smart cities governance; no blockchain/decentralization (C1)";N/A
356;Round 1;Backward;Vrabie;2011;Digital Governance (in Romanian Municipalities) and Its Relation with the IT Education;NISPAcee PRESS;Not indexed;Digital Governance, IT Education, Romania;Pending;No;"Fails: digital governance IT education; no blockchain/decentralization";N/A
357;Round 1;Backward;Hashem, Usmani, Almutairi, Ibrahim, Zakari, Alotaibi, Alhashmi & Chiroma;2023;Urban Computing for Sustainable Smart Cities: Recent Advances, Taxonomy, and Open Research Challenges;Sustainability;SSCI/SCI;Urban Computing, Smart Cities, Sustainability;Pending;No;"Fails: urban computing smart cities; no blockchain/decentralization and sustainability framing unclear/ecological";N/A
358;Round 1;Backward;Zhao, Zhang, Iftikhar, Ullah, Mao & Wang;2022;Dynamic Influence of Digital and Technological Advancement on Sustainable Economic Growth in Belt and Road Initiative (BRI) Countries;Sustainability;SSCI/SCI;Digital Advancement, Sustainable Economic Growth, BRI;High;Yes;"Passes: digital/technological advancement (C2) + sustainable economic growth as stable long-term development (C3); BRI context";N/A
359;Round 1;Backward;Bonnell;2023;In Business We Trust. People Trust Businesses More Than Governments, Nonprofits, Media: Survey;Associated Press;Not indexed;Trust, Business, Government;Pending;No;"Fails: trust survey; no blockchain/decentralization or digital transformation";N/A
360;Round 1;Backward;Vangelov;2023;Ambient Advertising in Metaverse Smart Cities;SCRD Journal;Unknown;Metaverse, Smart Cities, Advertising;Pending;No;"Fails: metaverse advertising; no decentralization/DLT or sustainability-as-stability";N/A
361;Round 1;Backward;Iancu & Ungureanu;2010;Depoliticizing the Civil Service: A critical review of the public administration reform in Romania;Research in Social Change;Unknown;Civil Service, Public Administration Reform, Romania;Pending;No;"Fails: Romania public administration; no blockchain/decentralization and digital transformation is marginal";N/A
362;Round 1;Backward;Vrabie;2016;Informing citizens, building trust and promoting discussion;Global Journal of Sociology;Unknown;Citizen Communication, Trust, E-Government;Pending;No;"Fails: Romania public administration; no blockchain/decentralization and digital transformation is marginal";N/A
363;Round 1;Backward;Iancu;2013;European compliance and politicization of public administration in Romania;Innovation Issues and Approaches in Social Sciences;Unknown;Public Administration, Romania, European Compliance;Pending;No;"Fails: Romania public administration; no blockchain/decentralization and digital transformation is marginal";N/A
364;Round 1;Backward;Hamrouni, Bourouis, Korichi & Brahmi;2021;Explainable Ontology-Based Intelligent Decision Support System for Business Model Design and Sustainability;Sustainability;SSCI/SCI;Decision Support, Ontology, AI, Sustainability;Pending;No;"Fails: AI ontology decision support; no blockchain/decentralization and sustainability framing unclear for stable development";N/A
365;Round 1;Backward;Chen, Ahn & Wang;2023;Artificial Intelligence and Public Values: Value Impacts and Governance in the Public Sector;Sustainability;SSCI/SCI;AI, Public Values, Governance;Pending;No;"Fails: AI in public governance; no blockchain/decentralization (C1)";N/A
366;Round 1;Backward;Noordt & Misuraca;2022;Artificial intelligence for the public sector: Results of landscaping the use of AI in government across the European Union;Government Information Quarterly;SSCI/SCI;AI, Public Sector, EU, Government;Pending;No;"Fails: AI in public governance; no blockchain/decentralization (C1)";10.1016/j.giq.2022.101714
367;Round 1;Backward;Reis, Santo & Melão;2019;Artificial Intelligence in Government Services: A systematic literature review;Springer Nature;Unknown;AI, Government Services, Literature Review;Pending;No;"Fails: AI in public governance; no blockchain/decentralization (C1)";N/A
368;Round 1;Backward;Thakhathi & Langa;2022;The role of smart cities to promote smart governance in municipalities;SCRD Journal;Unknown;Smart Cities, Smart Governance, Municipalities;Pending;No;"Fails: smart city governance; no blockchain/decentralization (C1)";N/A
369;Round 1;Backward;KPMG;2019;Manage the Effects of Robotic Process Automation to Enable a Future-Proof Workforce;KPMG Advisory;Not indexed;RPA, Workforce, Automation;Pending;No;"Fails: AI/automation in public sector; no blockchain/decentralization (C1)";N/A
370;Round 1;Backward;Sánchez, Rodríguez & Espitia;2020;Review of Artificial Intelligence Applied in Decision-Making Processes in Agricultural Public Policy;Processes;SSCI/SCI;AI, Decision-Making, Agricultural Policy;Pending;No;"Fails: AI/automation in public sector; no blockchain/decentralization (C1)";N/A
371;Round 1;Backward;Schachtner;2021;Smart government in local adoption—Authorities in strategic change through AI;SCRD Journal;Unknown;Smart Government, AI, Local Authorities;Pending;No;"Fails: AI/automation in public sector; no blockchain/decentralization (C1)";N/A
372;Round 1;Backward;Etscheid;2019;Artificial Intelligence in Public Administration;Springer;Not indexed;AI, Public Administration;Pending;No;"Fails: AI/automation in public sector; no blockchain/decentralization (C1)";N/A
373;Round 1;Backward;Kolkman;2020;The usefulness of algorithmic models in policy making;Government Information Quarterly;SSCI/SCI;Algorithms, Policy Making, Decision Support;Pending;No;"Fails: AI/automation in public sector; no blockchain/decentralization (C1)";10.1016/j.giq.2020.101488
374;Round 1;Backward;Ibtissem, Mohsen & Jaleleddine;2018;Quantitative relationship between corruption and development of the Tunisian stock market;Public and Municipal Finance;Unknown;Corruption, Governance, Stock Market;Pending;No;"Fails: corruption and governance; no digital transformation or blockchain/decentralization";N/A
375;Round 1;Backward;Munshi, Mehra & Choudhury;2021;LexRank Algorithm: Application in Emails and Comparative Analysis;International Journal of New Technologies and Research;Unknown;LexRank, NLP, Text Summarization;Pending;No;"Fails: NLP algorithm; no core RQ concepts";N/A
376;Round 1;Backward;Zalwert;2021;LexRank Algorithm Explained: A Step-by-Step Tutorial with Examples;Medium/Towards Data Science;Not indexed;LexRank, NLP, Algorithm;Pending;No;"Fails: NLP algorithm; no core RQ concepts";N/A
377;Round 1;Backward;Scholl & Rodríguez Bolívar;2019;Regulation as both enabler of technology use and global competitive tool: The Gibraltar case;Government Information Quarterly;SSCI/SCI;Regulation, Technology, E-Government;Pending;No;"Fails: regulation and e-government; no blockchain/decentralization (C1)";N/A
378;Round 1;Backward;Vrabie & Dumitrascu;2018;Smart Cities: De la Idee la Implementare;Universul Academic;Not indexed;Smart Cities, Implementation;Pending;No;"Fails: smart cities book (grey literature); not peer-reviewed journal";N/A
379;Round 1;Backward;Timan, Veenstra & Bodea;2021;Artificial Intelligence and Public Services;European Parliament;Not indexed;AI, Public Services;Pending;No;"Fails: AI public services; no blockchain/decentralization (C1) and sustainability-as-stability absent";N/A
380;Round 1;Backward;Wu, Wang, Qing & Li;2021;Reinforced Transformer with Cross-Lingual Distillation for Cross-Lingual Aspect Sentiment Classification;Electronics;SSCI/SCI;NLP, Sentiment Analysis, Transformer;Pending;No;"Fails: NLP/ML technical paper; no core RQ concepts";N/A
381;Round 1;Backward;Mehr;2017;Artificial Intelligence for Citizen Services and Government;Harvard Ash Center;Not indexed;AI, Citizen Services, Government;Pending;No;"Fails: AI public services; no blockchain/decentralization (C1) and sustainability-as-stability absent";N/A
382;Round 1;Backward;Reshi et al.;2022;COVID-19 Vaccination-Related Sentiments Analysis: A Case Study Using Worldwide Twitter Dataset;Healthcare;SSCI/SCI;Sentiment Analysis, COVID-19, Twitter;Pending;No;"Fails: sentiment analysis / COVID / human rights; no core RQ concepts";N/A
383;Round 1;Backward;Alabrah et al.;2022;Gulf Countries' Citizens' Acceptance of COVID-19 Vaccines—A Machine Learning Approach;Mathematics;SSCI/SCI;Machine Learning, COVID-19, Vaccines;Pending;No;"Fails: sentiment analysis / COVID / human rights; no core RQ concepts";N/A
384;Round 1;Backward;Zschirnt;2021;Justice for All in the Americas? A Quantitative Analysis of Admissibility Decisions in the Inter-American Human Rights System;Laws;Unknown;Human Rights, Quantitative Analysis;Pending;No;"Fails: sentiment analysis / COVID / human rights; no core RQ concepts";N/A
385;Round 1;Backward;Kleinberg;1999;Authoritative Sources in a Hyperlinked Environment;Journal of the ACM;SSCI/SCI;Hyperlinks, Authority, Hubs, Algorithm;Pending;No;"Fails: hyperlink authority / semantic e-government; no blockchain/decentralization or sustainability-as-stability";N/A
386;Round 1;Backward;Hreno, Bednar, Furdik & Sabol;2011;Integration of Government Services using Semantic Technologies;Journal of Theoretical and Applied Electronic Commerce Research;Unknown;E-Government, Semantic Technologies, Interoperability;Pending;No;"Fails: hyperlink authority / semantic e-government; no blockchain/decentralization or sustainability-as-stability";N/A
387;Round 1;Backward;Piaggesi;2021;Hyper Connectivity as a Tool for the Development of the Majority;International Journal of Hyperconnectivity and the Internet of Things;Unknown;Hyperconnectivity, E-Government 3.0, Development;Pending;No;"Fails: hyperconnectivity e-government; no blockchain/decentralization (C1)";N/A
388;Round 1;Backward;Verma;2022;Sentiment analysis of public services for smart society: Literature review and future research directions;Government Information Quarterly;SSCI/SCI;Sentiment Analysis, Public Services, Smart Society;Pending;No;"Fails: sentiment analysis/NLP/AI; no core RQ concepts";10.1016/j.giq.2022.101708
389;Round 1;Backward;Chui, Harrysson, Manyika, Roberts, Chung, Nel & Heteren;2018;Applying Artificial Intelligence for Social Good;McKinsey Global Institute;Not indexed;AI, Social Good, Technology;Pending;No;"Fails: sentiment analysis/NLP/AI; no core RQ concepts";N/A
390;Round 1;Backward;Madan & Ashok;2023;AI adoption and diffusion in public administration: A systematic literature review and future research agenda;Government Information Quarterly;SSCI/SCI;AI Adoption, Public Administration, Systematic Review;Pending;No;"Fails: AI adoption public administration; no blockchain/decentralization and sustainability-as-stability absent";10.1016/j.giq.2023.101774
391;Round 1;Backward;Ahn & Chen;2022;Digital transformation toward AI-augmented public administration: The perception of government employees and the willingness to use AI in government;Government Information Quarterly;SSCI/SCI;AI, Public Administration, Digital Transformation;Pending;No;"Fails: AI-augmented public administration digital transformation; no blockchain/decentralization and sustainability-as-stability absent";10.1016/j.giq.2022.101664
392;Round 1;Backward;Kumari, Agarwal & Mittal;2021;A Deep Neural Network Model for Cross-Domain Sentiment Analysis;International Journal of Information Systems and Model Design;Unknown;Deep Learning, Sentiment Analysis, NLP;Pending;No;"Fails: sentiment analysis/NLP/AI; no core RQ concepts";N/A
393;Round 1;Backward;Lu, Hu & Xue;2022;Dual-Word Embedding Model Considering Syntactic Information for Cross-Domain Sentiment Classification;Mathematics;SSCI/SCI;Word Embedding, Sentiment Classification, NLP;Pending;No;"Fails: sentiment analysis/NLP/AI; no core RQ concepts";10.3390/math10244704
394;Round 1;Backward;Yu, Lu, Cai & Xue;2022;A KGE Based Knowledge Enhancing Method for Aspect-Level Sentiment Classification;Mathematics;SSCI/SCI;Knowledge Graph, Sentiment Classification, NLP;Pending;No;"Fails: sentiment analysis/NLP/AI; no core RQ concepts";10.3390/math10213908
395;Round 1;Backward;Eom & Lee;2022;Digital government transformation in turbulent times: Responses, challenges, and future direction;Government Information Quarterly;SSCI/SCI;Digital Government, Transformation, Challenges;Pending;No;"Fails: digital government transformation; no blockchain/decentralization (C1)";10.1016/j.giq.2022.101690
396;Round 1;Backward;Zankova;2021;Smart societies, gender and the 2030 spotlight—Are we prepared;SCRD Journal;Unknown;Smart Society, Gender, Sustainable Development;Pending;No;"Fails: smart society gender SDG; no blockchain/decentralization (C1)";N/A
397;Round 1;Backward;Chui, Roberts & Yee;2022;Generative AI is Here: How Tools Like ChatGPT Could Change Your Business;McKinsey & Company;Not indexed;Generative AI, ChatGPT, Business;Pending;No;"Fails: generative AI/ChatGPT/cloud tools; no core RQ concepts";N/A
398;Round 1;Backward;Ng;2018;AI Is the New Electricity;O'Reilly Media;Not indexed;AI, Technology, Innovation;Pending;No;"Fails: generative AI/ChatGPT/cloud tools; no core RQ concepts";N/A
399;Round 1;Backward;Google;2023;Google Colaboratory;Google;Not indexed;Machine Learning, Python, Cloud Computing;Pending;No;"Fails: generative AI/ChatGPT/cloud tools; no core RQ concepts";N/A
400;Round 1;Backward;Google Research;2020;BERT;GitHub/Google Research;Not indexed;NLP, BERT, Text Analysis;Pending;No;"Fails: NLP/ML technical paper; no core RQ concepts";N/A
401;Round 1;Backward;Silipo & Melcher;2019;Text Encoding: A Review;Towards Data Science;Not indexed;Text Encoding, NLP, Index-Based Encoding;Pending;No;"Fails: NLP/ML technical paper; no core RQ concepts";N/A
402;Round 1;Backward;Kameni, Flambeau, Tsopze & Tchuente;2021;Explainable Deep Neural Network for Skills Prediction from Resumes;ResearchGate;Unknown;Deep Learning, NLP, Skills Prediction;Pending;No;"Fails: NLP/ML technical paper; no core RQ concepts";N/A
403;Round 1;Backward;DreamQuark;2019;TabNet: Attentive Interpretable Tabular Learning;arXiv;Not indexed;TabNet, Machine Learning, Tabular Data;Pending;No;"Fails: NLP/ML technical paper; no core RQ concepts";arXiv:1908.07442
404;Round 1;Backward;TensorFlow;2023;Deep Playground;GitHub/TensorFlow;Not indexed;Neural Networks, Visualization, TensorFlow;Pending;No;"Fails: NLP/ML technical paper; no core RQ concepts";N/A
405;Round 1;Backward;Brynjolfsson & McAfee;2017;The business of artificial intelligence;Harvard Business Review;Unknown;AI, Business, Automation;Pending;No;"Fails: NLP/ML technical paper; no core RQ concepts";N/A
406;Round 1;Backward;Davenport & Ronanki;2018;Artificial intelligence for the real world;Harvard Business Review;Unknown;AI, Real World Applications, Business;Pending;No;"Fails: NLP/ML technical paper; no core RQ concepts";N/A
407;Round 1;Backward;Schrage;2018;The key to winning with AI: Improve your workflow—Not your algorithm;MIT Sloan Management Review;Unknown;AI, Workflow, Algorithm;Pending;No;"Fails: NLP/ML technical paper; no core RQ concepts";N/A
408;Round 1;Backward;Vrabie;2022;Smart-EDU Hub;Smart Cities International Conference (SCIC);Not indexed;Smart Cities, Education, E-Government;Pending;No;"Fails: NLP/ML technical paper; no core RQ concepts";N/A
409;Round 1;Backward;OpenAI;2022;Introducing ChatGPT;OpenAI;Not indexed;ChatGPT, NLP, Generative AI;Pending;No;"Fails: NLP/ML technical paper; no core RQ concepts";N/A
410;Round 1;Backward;Sutskever;2023;Fireside Chat with Ilya Sutskever and Jensen Huang: AI Today and Vision of the Future;Stanford University;Not indexed;AI, Deep Learning, Future of AI;Pending;No;"Fails: NLP/ML technical paper; no core RQ concepts";N/A
411;Round 1;Backward;Akyurek, Schuurmans, Andreas, Ma & Zhou;2022;What learning algorithm is in-context learning? Investigations with linear models;arXiv;Not indexed;In-Context Learning, Machine Learning, Linear Models;Pending;No;"Fails: NLP/ML technical paper; no core RQ concepts";arXiv:2211.15661
412;Round 1;Backward;Flender;2022;Deploying Your Machine Learning Model Is Just the Beginning;Towards Data Science;Not indexed;Machine Learning, Deployment, Precision, Recall;Pending;No;"Fails: NLP/ML technical paper; no core RQ concepts";N/A
413;Round 1;Backward;Alcott;2005;Jevons' paradox;Ecological Economics;SSCI/SCI;Jevons Paradox, Efficiency, Resource Use;Pending;No;"Fails: Jevons paradox/energy efficiency; sustainability is ecological/energy and no digital transformation or decentralization";N/A
414;Round 1;Backward;Sorrell;2009;Jevons' Paradox revisited: The evidence for backfire from improved energy efficiency;Energy Policy;SSCI/SCI;Jevons Paradox, Energy Efficiency, Rebound Effect;Pending;No;"Fails: Jevons paradox/energy efficiency; sustainability is ecological/energy and no digital transformation or decentralization";N/A
415;Round 1;Backward;Fich, Viola & Bentsen;2022;Jevons Paradox: Sustainable Development Goals and Energy Rebound in Complex Economic Systems;Energies;SSCI/SCI;Jevons Paradox, Sustainable Development, Energy;Pending;No;"Fails: Jevons paradox/energy efficiency; sustainability is ecological/energy and no digital transformation or decentralization";N/A
416;Round 1;Backward;OpenAI;2023;GPT-4 Is OpenAI's Most Advanced System, Producing Safer and More Useful Responses;OpenAI;Not indexed;GPT-4, NLP, Generative AI;Pending;No;"Fails: NLP/sentiment analysis/AI tools; no core RQ concepts";N/A
417;Round 1;Backward;Barnhart;2019;The Importance of Social Media Sentiment Analysis (and How to Conduct It);Sprout Social;Not indexed;Social Media, Sentiment Analysis;Pending;No;"Fails: NLP/sentiment analysis/AI tools; no core RQ concepts";N/A
418;Round 1;Backward;Dabhade;2021;Conducting Social Media Sentiment Analysis: A Working Example;Express Analytics;Not indexed;Social Media, Sentiment Analysis;Pending;No;"Fails: NLP/sentiment analysis/AI tools; no core RQ concepts";N/A
419;Round 1;Backward;LeaveBoard;2023;Zile Lucratoare 2022;LeaveBoard;Not indexed;Working Days, Romania;Pending;No;"Fails: NLP/sentiment analysis/AI tools; no core RQ concepts";N/A
420;Round 1;Backward;Ilyas, Santurkar, Tsipras, Engstrom, Tran & Madry;2019;Adversarial Examples Are Not Bugs, They Are Features;NeurIPS 2019;Not indexed;Adversarial Examples, Machine Learning, AI Robustness;Pending;No;"Fails: NLP/sentiment analysis/AI tools; no core RQ concepts";N/A
421;Round 1;Backward;Neagu, Rus, Grec, Boroianu, Bogdan & Gal;2022;Towards Sentiment Analysis for Romanian Twitter Content;Algorithms;SSCI/SCI;Sentiment Analysis, Romanian Language, Twitter;Pending;No;"Fails: NLP/sentiment analysis/AI tools; no core RQ concepts";N/A
422;Round 1;Backward;Cioban;2021;Cross-Domain Sentiment Analysis of the Natural Romanian Language;Springer Link;Not indexed;Sentiment Analysis, Romanian Language, NLP;Pending;No;"Fails: NLP/sentiment analysis/AI tools; no core RQ concepts";N/A
423;Round 1;Backward;Keras;2023;ResNet and ResNetV2;Keras Documentation;Not indexed;ResNet, Deep Learning, Neural Networks;Pending;No;"Fails: NLP/sentiment analysis/AI tools; no core RQ concepts";N/A
424;Round 1;Backward;Sazzed & Jayarathna;2021;SSentiA: A Self-supervised Sentiment Analyzer for classification from unlabeled data;Machine Learning with Applications;Unknown;Sentiment Analysis, Self-Supervised Learning, NLP;Pending;No;"Fails: NLP/sentiment analysis/AI tools; no core RQ concepts";N/A
